date,b20,b50,b200,b1020
2010-02-01,13.51,,,16.22
2010-02-02,18.92,,,10.81
2010-02-03,20.27,,,9.46
2010-02-04,9.46,,,10.81
2010-02-05,13.51,,,12.16
2010-02-08,4.05,,,9.46
2010-02-09,18.92,,,9.46
2010-02-10,14.86,,,13.51
2010-02-11,35.14,,,14.86
2010-02-12,44.59,,,17.57
2010-02-16,66.22,,,24.32
2010-02-17,74.32,,,25.68
2010-02-18,85.14,,,27.03
2010-02-19,82.43,,,54.05
2010-02-22,74.32,,,70.27
2010-02-23,58.11,,,75.68
2010-02-24,72.97,,,82.43
2010-02-25,74.32,,,85.14
2010-02-26,74.32,,,86.49
2010-03-01,85.14,,,89.19
2010-03-02,93.24,,,90.54
2010-03-03,90.54,,,91.89
2010-03-04,90.54,,,89.19
2010-03-05,95.95,,,86.49
2010-03-08,94.59,,,85.14
2010-03-09,83.78,,,86.49
2010-03-10,86.49,,,89.19
2010-03-11,82.43,,,90.54
2010-03-12,81.08,,,86.49
2010-03-15,74.32,,,83.78
2010-03-16,85.14,86.49,,81.08
2010-03-17,87.84,87.84,,81.08
2010-03-18,83.78,87.84,,85.14
2010-03-19,81.08,83.78,,83.78
2010-03-22,91.89,87.84,,85.14
2010-03-23,90.54,87.84,,83.78
2010-03-24,83.78,90.54,,85.14
2010-03-25,77.03,90.54,,86.49
2010-03-26,72.97,85.14,,85.14
2010-03-29,79.73,89.19,,85.14
2010-03-30,78.38,89.19,,85.14
2010-03-31,67.57,86.49,,81.08
2010-04-01,66.22,90.54,,78.38
2010-04-05,83.78,91.89,,77.03
2010-04-06,77.03,90.54,,71.62
2010-04-07,71.62,87.84,,67.57
2010-04-08,67.57,83.78,,71.62
2010-04-09,71.62,87.84,,70.27
2010-04-12,68.92,90.54,,71.62
2010-04-13,71.62,87.84,,67.57
2010-04-14,75.68,89.19,,68.92
2010-04-15,77.03,86.49,,74.32
2010-04-16,64.86,75.68,,75.68
2010-04-19,64.86,72.97,,74.32
2010-04-20,68.92,78.38,,74.32
2010-04-21,68.92,79.73,,75.68
2010-04-22,72.97,75.68,,74.32
2010-04-23,75.68,78.38,,71.62
2010-04-26,72.97,78.38,,71.62
2010-04-27,59.46,72.97,,71.62
2010-04-28,56.76,68.92,,67.57
2010-04-29,68.92,78.38,,67.57
2010-04-30,41.89,67.57,,71.62
2010-05-03,56.76,74.32,,72.97
2010-05-04,31.08,56.76,,64.86
2010-05-05,24.32,50.0,,55.41
2010-05-06,10.81,27.03,,41.89
2010-05-07,2.7,14.86,,29.73
2010-05-10,18.92,43.24,,22.97
2010-05-11,25.68,40.54,,20.27
2010-05-12,40.54,54.05,,20.27
2010-05-13,33.78,45.95,,18.92
2010-05-14,21.62,31.08,,17.57
2010-05-17,20.27,36.49,,16.22
2010-05-18,20.27,28.38,,13.51
2010-05-19,13.51,24.32,,13.51
2010-05-20,4.05,9.46,,17.57
2010-05-21,4.05,10.81,,20.27
2010-05-24,6.76,10.81,,20.27
2010-05-25,6.76,9.46,,16.22
2010-05-26,8.11,9.46,,10.81
2010-05-27,27.03,24.32,,10.81
2010-05-28,21.62,21.62,,10.81
2010-06-01,17.57,14.86,,9.46
2010-06-02,40.54,22.97,,12.16
2010-06-03,63.51,25.68,,16.22
2010-06-04,22.97,21.62,,20.27
2010-06-07,5.41,12.16,,17.57
2010-06-08,8.11,10.81,,13.51
2010-06-09,6.76,12.16,,14.86
2010-06-10,41.89,18.92,,22.97
2010-06-11,58.11,21.62,,32.43
2010-06-14,63.51,22.97,,33.78
2010-06-15,90.54,43.24,,43.24
2010-06-16,89.19,43.24,,52.7
2010-06-17,94.59,48.65,,55.41
2010-06-18,93.24,51.35,,60.81
2010-06-21,83.78,50.0,,71.62
2010-06-22,67.57,32.43,,75.68
2010-06-23,56.76,28.38,,83.78
2010-06-24,27.03,24.32,,83.78
2010-06-25,35.14,24.32,,82.43
2010-06-28,39.19,22.97,,77.03
2010-06-29,5.41,8.11,,66.22
2010-06-30,4.05,5.41,,59.46
2010-07-01,4.05,6.76,,43.24
2010-07-02,4.05,5.41,,20.27
2010-07-06,9.46,8.11,,6.76
2010-07-07,25.68,27.03,,5.41
2010-07-08,25.68,28.38,,4.05
2010-07-09,41.89,35.14,,8.11
2010-07-12,55.41,40.54,,9.46
2010-07-13,71.62,51.35,,10.81
2010-07-14,75.68,56.76,,13.51
2010-07-15,74.32,55.41,,22.97
2010-07-16,41.89,35.14,,35.14
2010-07-19,54.05,37.84,,59.46
2010-07-20,71.62,45.95,,68.92
2010-07-21,51.35,36.49,,77.03
2010-07-22,79.73,60.81,,83.78
2010-07-23,83.78,68.92,,85.14
2010-07-26,90.54,77.03,,89.19
2010-07-27,86.67,75.68,,92.0
2010-07-28,80.0,70.27,,84.0
2010-07-29,69.33,64.86,,82.67
2010-07-30,68.0,70.27,,84.0
2010-08-02,78.67,74.32,,80.0
2010-08-03,69.33,67.57,,76.0
2010-08-04,70.67,71.62,,77.33
2010-08-05,66.67,70.27,,77.33
2010-08-06,69.33,70.27,,77.33
2010-08-09,69.33,70.27,,76.0
2010-08-10,57.33,60.81,,68.0
2010-08-11,25.33,41.89,,61.33
2010-08-12,20.0,36.49,,58.67
2010-08-13,17.33,33.78,,52.0
2010-08-16,14.67,35.14,,44.0
2010-08-17,25.33,43.24,,37.33
2010-08-18,29.33,47.3,,28.0
2010-08-19,14.67,32.43,,20.0
2010-08-20,22.67,32.43,,14.67
2010-08-23,20.0,32.43,,12.0
2010-08-24,14.67,25.68,,12.0
2010-08-25,26.67,29.73,,17.33
2010-08-26,18.67,27.03,,16.0
2010-08-27,36.0,33.78,,17.33
2010-08-30,17.33,31.08,,18.67
2010-08-31,17.33,29.73,,20.0
2010-09-01,56.0,45.95,,21.33
2010-09-02,75.0,52.7,,26.32
2010-09-03,81.58,64.86,,34.21
2010-09-07,71.05,54.05,,38.16
2010-09-08,77.63,60.0,,52.63
2010-09-09,76.32,64.0,,60.53
2010-09-10,76.32,65.33,,69.74
2010-09-13,93.42,70.67,,75.0
2010-09-14,96.05,70.67,,78.95
2010-09-15,96.05,74.67,,84.21
2010-09-16,93.42,77.33,,90.79
2010-09-17,90.79,77.33,,94.74
2010-09-20,96.05,82.67,,94.74
2010-09-21,96.05,82.67,,96.05
2010-09-22,92.11,73.33,,96.05
2010-09-23,82.89,72.0,,94.74
2010-09-24,92.11,84.0,,93.42
2010-09-27,89.47,82.67,,94.74
2010-09-28,92.11,85.33,,92.11
2010-09-29,86.84,84.0,,89.47
2010-09-30,77.63,82.67,,88.16
2010-10-01,78.95,82.67,,88.16
2010-10-04,68.42,78.67,,84.21
2010-10-05,82.89,81.33,,80.26
2010-10-06,72.37,82.67,,78.95
2010-10-07,67.11,85.33,,78.95
2010-10-08,67.11,84.0,,75.0
2010-10-11,71.05,86.67,,75.0
2010-10-12,75.0,88.0,,71.05
2010-10-13,77.63,88.0,,69.74
2010-10-14,73.68,86.67,,72.37
2010-10-15,77.63,89.47,,73.68
2010-10-18,75.0,89.47,72.97,81.58
2010-10-19,57.89,86.84,70.27,75.0
2010-10-20,72.37,89.47,72.97,75.0
2010-10-21,73.68,89.47,72.97,72.37
2010-10-22,82.89,89.47,71.62,71.05
2010-10-25,84.21,89.47,72.97,77.63
2010-10-26,82.89,88.16,74.32,76.32
2010-10-27,78.95,88.16,74.32,78.95
2010-10-28,76.32,86.84,75.68,82.89
2010-10-29,80.26,86.84,75.68,81.58
2010-11-01,77.63,86.84,77.03,80.26
2010-11-02,85.53,90.79,78.38,81.58
2010-11-03,82.89,89.47,77.03,81.58
2010-11-04,82.89,88.16,81.08,82.89
2010-11-05,82.89,84.21,77.03,85.53
2010-11-08,84.21,81.58,77.03,86.84
2010-11-09,77.63,81.58,79.73,81.58
2010-11-10,75.0,84.21,77.03,80.26
2010-11-11,68.42,78.95,75.68,80.26
2010-11-12,52.63,76.32,74.32,80.26
2010-11-15,51.32,77.63,72.97,78.95
2010-11-16,28.95,69.74,71.62,75.0
2010-11-17,27.63,67.11,68.92,61.84
2010-11-18,51.32,75.0,72.97,60.53
2010-11-19,57.89,75.0,74.32,51.32
2010-11-22,61.84,76.32,77.03,48.68
2010-11-23,46.05,68.42,72.97,44.74
2010-11-24,67.11,75.0,78.38,46.05
2010-11-26,59.21,75.0,78.38,42.11
2010-11-29,48.68,71.05,78.38,42.11
2010-11-30,39.47,63.16,75.68,47.37
2010-12-01,71.05,73.68,78.38,51.32
2010-12-02,76.32,78.95,79.73,59.21
2010-12-03,80.26,78.95,79.73,64.47
2010-12-06,77.63,77.63,78.38,64.47
2010-12-07,77.63,78.95,81.08,65.79
2010-12-08,78.95,80.26,81.08,73.68
2010-12-09,80.26,77.63,81.08,76.32
2010-12-10,88.16,80.26,82.43,80.26
2010-12-13,81.58,77.63,83.78,80.26
2010-12-14,82.89,85.53,83.78,84.21
2010-12-15,75.0,77.63,83.78,88.16
2010-12-16,78.95,80.26,83.78,81.58
2010-12-17,80.26,85.53,82.43,82.89
2010-12-20,77.63,84.21,83.78,82.89
2010-12-21,75.0,86.84,86.49,82.89
2010-12-22,78.95,85.53,87.84,77.63
2010-12-23,76.32,81.58,87.84,76.32
2010-12-27,73.68,78.95,87.84,77.63
2010-12-28,68.42,77.63,87.84,76.32
2010-12-29,64.47,81.58,87.84,73.68
2010-12-30,63.16,80.26,86.49,75.0
2010-12-31,59.21,73.68,86.49,69.74
2011-01-03,81.58,85.53,89.19,71.05
2011-01-04,67.11,81.58,87.84,72.37
2011-01-05,63.16,77.63,91.89,68.42
2011-01-06,63.16,78.95,91.89,67.11
2011-01-07,64.47,77.63,89.19,67.11
2011-01-10,61.84,78.95,87.84,67.11
2011-01-11,65.79,80.26,90.54,65.79
2011-01-12,67.11,85.53,90.54,65.79
2011-01-13,65.79,82.89,89.19,65.79
2011-01-14,77.63,82.89,89.19,65.79
2011-01-18,78.95,89.47,91.89,65.79
2011-01-19,67.11,81.58,90.54,68.42
2011-01-20,63.16,81.58,89.19,68.42
2011-01-21,55.26,76.32,89.19,68.42
2011-01-24,65.79,80.26,90.54,69.74
2011-01-25,64.47,80.26,87.84,73.68
2011-01-26,71.05,81.58,87.84,73.68
2011-01-27,78.95,84.21,89.19,73.68
2011-01-28,40.79,67.11,86.49,71.05
2011-01-31,47.37,69.74,87.84,68.42
2011-02-01,67.11,77.63,90.54,64.47
2011-02-02,67.11,76.32,89.19,60.53
2011-02-03,69.74,76.32,90.54,65.79
2011-02-04,73.68,81.58,90.54,69.74
2011-02-07,75.0,80.26,89.19,68.42
2011-02-08,82.89,80.26,90.54,67.11
2011-02-09,76.32,81.58,89.19,65.79
2011-02-10,73.68,77.63,89.19,64.47
2011-02-11,76.32,80.26,89.19,67.11
2011-02-14,75.0,78.95,89.19,68.42
2011-02-15,72.37,76.32,87.84,76.32
2011-02-16,77.63,77.63,89.19,75.0
2011-02-17,78.95,77.63,91.89,76.32
2011-02-18,80.26,80.26,90.54,75.0
2011-02-22,47.37,69.74,89.19,73.68
2011-02-23,28.95,63.16,86.49,72.37
2011-02-24,38.16,64.47,81.08,72.37
2011-02-25,61.84,69.74,85.14,75.0
2011-02-28,61.84,73.68,85.14,71.05
2011-03-01,35.53,65.79,81.08,57.89
2011-03-02,40.79,64.47,82.43,48.68
2011-03-03,67.11,69.74,86.49,47.37
2011-03-04,53.95,68.42,81.08,46.05
2011-03-07,36.84,65.79,85.14,40.79
2011-03-08,52.63,67.11,86.49,43.42
2011-03-09,44.74,65.79,87.84,44.74
2011-03-10,30.26,50.0,83.78,46.05
2011-03-11,34.21,51.32,86.49,42.11
2011-03-14,26.32,48.68,81.08,38.16
2011-03-15,18.42,39.47,78.38,38.16
2011-03-16,11.84,26.32,78.38,32.89
2011-03-17,15.79,32.89,78.38,28.95
2011-03-18,15.79,36.84,77.03,27.63
2011-03-21,39.47,43.42,82.43,25.0
2011-03-22,36.84,42.11,78.38,25.0
2011-03-23,40.79,50.0,79.73,18.42
2011-03-24,64.47,61.84,82.43,22.37
2011-03-25,64.47,60.53,82.43,25.0
2011-03-28,65.79,60.53,79.73,32.89
2011-03-29,80.26,64.47,81.08,35.53
2011-03-30,86.84,73.68,82.43,46.05
2011-03-31,80.26,69.74,81.08,61.84
2011-04-01,84.21,68.42,82.43,78.95
2011-04-04,80.26,68.42,82.43,84.21
2011-04-05,80.26,69.74,82.43,88.16
2011-04-06,86.84,71.05,83.78,92.11
2011-04-07,85.53,69.74,83.78,92.11
2011-04-08,77.63,64.47,83.78,92.11
2011-04-11,71.05,57.89,82.43,93.42
2011-04-12,50.0,50.0,85.33,89.47
2011-04-13,53.95,53.95,85.33,85.53
2011-04-14,53.95,52.63,84.0,72.37
2011-04-15,61.84,60.53,82.67,64.47
2011-04-18,42.11,51.32,82.67,61.84
2011-04-19,46.05,53.95,82.67,56.58
2011-04-20,78.95,72.37,85.33,48.68
2011-04-21,76.32,73.68,84.0,47.37
2011-04-25,76.32,73.68,86.67,46.05
2011-04-26,81.58,80.26,89.33,48.68
2011-04-27,85.53,82.89,90.67,64.47
2011-04-28,88.16,86.84,90.67,69.74
2011-04-29,86.84,85.53,90.67,75.0
2011-05-02,81.58,82.89,90.67,80.26
2011-05-03,73.68,78.95,89.33,82.89
2011-05-04,68.42,76.32,90.67,88.16
2011-05-05,60.53,71.05,89.33,89.47
2011-05-06,68.42,77.63,89.33,88.16
2011-05-09,72.37,81.58,89.33,84.21
2011-05-10,81.58,84.21,90.67,81.58
2011-05-11,69.74,77.63,89.33,77.63
2011-05-12,72.37,80.26,90.67,72.37
2011-05-13,63.16,76.32,90.67,68.42
2011-05-16,46.05,64.47,88.0,64.47
2011-05-17,42.11,63.16,88.0,60.53
2011-05-18,47.37,69.74,88.0,52.63
2011-05-19,52.63,71.05,89.33,55.26
2011-05-20,50.0,69.74,88.16,50.0
2011-05-23,34.21,52.63,86.84,48.68
2011-05-24,21.05,52.63,86.84,42.11
2011-05-25,31.58,55.26,86.84,40.79
2011-05-26,39.47,60.53,88.16,35.53
2011-05-27,43.42,63.16,88.16,34.21
2011-05-31,65.79,76.32,89.47,42.11
2011-06-01,34.21,56.58,85.53,46.05
2011-06-02,27.63,55.26,84.21,42.11
2011-06-03,14.47,42.11,82.89,30.26
2011-06-06,11.84,32.89,78.95,21.05
2011-06-07,11.84,32.89,77.63,21.05
2011-06-08,9.21,27.63,76.32,22.37
2011-06-09,9.21,26.32,73.68,19.74
2011-06-10,6.58,23.68,68.42,15.79
2011-06-13,7.89,21.05,68.42,13.16
2011-06-14,19.74,26.32,72.37,10.53
2011-06-15,6.58,15.79,65.79,7.89
2011-06-16,5.26,15.79,60.53,6.58
2011-06-17,13.16,18.42,59.21,3.95
2011-06-20,22.37,19.74,57.89,2.63
2011-06-21,36.84,31.58,68.42,3.95
2011-06-22,30.26,30.26,64.47,7.89
2011-06-23,36.84,28.95,65.79,14.47
2011-06-24,26.32,19.74,65.79,21.05
2011-06-27,40.79,30.26,67.11,28.95
2011-06-28,68.42,39.47,67.11,34.21
2011-06-29,76.32,40.79,67.11,38.16
2011-06-30,94.74,48.68,71.05,48.68
2011-07-01,96.05,63.16,75.0,69.74
2011-07-05,94.74,61.84,73.68,80.26
2011-07-06,93.42,67.11,73.68,86.84
2011-07-07,94.74,72.37,81.58,92.11
2011-07-08,93.42,67.11,77.63,94.74
2011-07-11,82.89,53.95,71.05,94.74
2011-07-12,59.21,52.63,68.42,94.74
2011-07-13,59.21,52.63,65.79,94.74
2011-07-14,40.79,36.84,60.53,93.42
2011-07-15,38.16,38.16,64.47,90.79
2011-07-18,25.0,30.26,61.84,71.05
2011-07-19,42.11,47.37,64.47,63.16
2011-07-20,43.42,47.37,64.47,47.37
2011-07-21,52.63,53.95,64.47,40.79
2011-07-22,56.58,60.53,63.16,35.53
2011-07-25,44.74,55.26,61.84,28.95
2011-07-26,38.16,44.74,61.84,30.26
2011-07-27,19.74,31.58,55.26,28.95
2011-07-28,17.11,30.26,55.26,26.32
2011-07-29,21.05,28.95,53.95,28.95
2011-08-01,19.74,27.63,52.63,30.26
2011-08-02,6.58,13.16,40.79,27.63
2011-08-03,9.21,13.16,43.42,23.68
2011-08-04,0.0,5.26,27.63,17.11
2011-08-05,1.32,6.58,22.37,13.16
2011-08-08,0.0,2.63,10.53,6.58
2011-08-09,0.0,6.58,21.05,2.63
2011-08-10,0.0,5.26,11.84,0.0
2011-08-11,2.63,6.58,15.79,0.0
2011-08-12,7.89,7.89,21.05,0.0
2011-08-15,13.16,13.16,28.95,0.0
2011-08-16,11.84,6.58,25.0,0.0
2011-08-17,18.42,7.89,26.32,0.0
2011-08-18,7.89,2.63,11.84,1.32
2011-08-19,9.21,1.32,13.16,3.95
2011-08-22,10.53,1.32,9.21,3.95
2011-08-23,27.63,10.53,22.37,6.58
2011-08-24,35.53,14.47,25.0,14.47
2011-08-25,21.05,10.53,21.05,19.74
2011-08-26,48.68,11.84,25.0,26.32
2011-08-29,84.21,27.63,27.63,32.89
2011-08-30,86.84,32.89,35.53,39.47
2011-08-31,93.42,34.21,38.16,47.37
2011-09-01,80.26,27.63,34.21,57.89
2011-09-02,57.89,18.42,22.37,71.05
2011-09-06,46.05,18.42,23.68,75.0
2011-09-07,81.58,26.32,31.58,75.0
2011-09-08,72.37,27.63,27.63,73.68
2011-09-09,40.79,17.11,22.37,77.63
2011-09-12,56.58,27.63,25.0,81.58
2011-09-13,71.05,31.58,25.0,81.58
2011-09-14,88.16,46.05,28.95,81.58
2011-09-15,94.74,57.89,35.53,81.58
2011-09-16,90.79,63.16,38.16,81.58
2011-09-19,86.84,59.21,34.21,80.26
2011-09-20,77.63,55.26,34.21,80.26
2011-09-21,51.32,43.42,25.0,75.0
2011-09-22,23.68,23.68,23.68,68.42
2011-09-23,30.26,35.53,25.0,68.42
2011-09-26,42.11,40.79,27.63,67.11
2011-09-27,59.21,50.0,31.58,67.11
2011-09-28,34.21,35.53,25.0,64.47
2011-09-29,32.89,36.84,25.0,57.89
2011-09-30,11.84,23.68,22.37,42.11
2011-10-03,1.32,11.84,14.47,34.21
2011-10-04,5.26,25.0,14.47,17.11
2011-10-05,22.37,39.47,19.74,13.16
2011-10-06,53.95,59.21,25.0,13.16
2011-10-07,53.95,55.26,27.63,13.16
2011-10-10,75.0,73.68,36.84,15.79
2011-10-11,76.32,72.37,35.53,15.79
2011-10-12,82.89,78.95,40.79,26.32
2011-10-13,89.47,82.89,43.42,43.42
2011-10-14,90.79,85.53,52.63,56.58
2011-10-17,86.84,76.32,44.74,75.0
2011-10-18,89.47,81.58,52.63,85.53
2011-10-19,86.84,76.32,46.05,90.79
2011-10-20,85.53,73.68,47.37,89.47
2011-10-21,89.47,78.95,52.63,93.42
2011-10-24,96.05,85.53,52.63,93.42
2011-10-25,88.16,78.95,55.26,93.42
2011-10-26,88.16,81.58,51.32,92.11
2011-10-27,89.47,85.53,59.21,92.11
2011-10-28,88.16,86.84,60.53,90.79
2011-10-31,84.21,84.21,55.26,89.47
2011-11-01,56.58,68.42,43.42,85.53
2011-11-02,65.79,73.68,48.68,80.26
2011-11-03,80.26,82.89,55.26,80.26
2011-11-04,78.95,81.58,56.58,82.89
2011-11-07,81.58,88.16,56.58,80.26
2011-11-08,85.53,86.84,60.53,78.95
2011-11-09,38.16,72.37,50.0,78.95
2011-11-10,47.37,77.63,50.0,73.68
2011-11-11,76.32,82.89,57.89,67.11
2011-11-14,63.16,78.95,55.26,64.47
2011-11-15,67.11,81.58,56.58,68.42
2011-11-16,51.32,73.68,50.0,65.79
2011-11-17,25.0,63.16,43.42,60.53
2011-11-18,21.05,63.16,40.79,50.0
2011-11-21,11.84,40.79,39.47,44.74
2011-11-22,9.21,36.84,39.47,28.95
2011-11-23,3.95,26.32,32.89,25.0
2011-11-25,1.32,21.05,31.58,19.74
2011-11-28,13.16,40.79,39.47,17.11
2011-11-29,23.68,42.11,40.79,7.89
2011-11-30,67.11,77.63,50.0,7.89
2011-12-01,69.74,77.63,48.68,6.58
2011-12-02,65.79,77.63,48.68,10.53
2011-12-05,84.21,81.58,51.32,14.47
2011-12-06,82.89,80.26,51.32,23.68
2011-12-07,84.21,78.95,48.68,38.16
2011-12-08,53.95,67.11,47.37,56.58
2011-12-09,84.21,77.63,51.32,71.05
2011-12-12,68.42,69.74,47.37,81.58
2011-12-13,50.0,51.32,48.68,86.84
2011-12-14,34.21,40.79,42.11,86.84
2011-12-15,40.79,42.11,44.74,85.53
2011-12-16,50.0,46.05,50.0,78.95
2011-12-19,39.47,38.16,44.74,75.0
2011-12-20,67.11,59.21,53.95,61.84
2011-12-21,60.53,52.63,52.63,56.58
2011-12-22,65.79,63.16,55.26,53.95
2011-12-23,77.63,67.11,57.89,46.05
2011-12-27,76.32,67.11,59.21,44.74
2011-12-28,53.95,51.32,57.89,44.74
2011-12-29,61.84,60.53,60.53,50.0
2011-12-30,64.47,59.21,61.84,51.32
2012-01-03,73.68,68.42,59.21,55.26
2012-01-04,73.68,68.42,59.21,72.37
2012-01-05,75.0,71.05,65.79,77.63
2012-01-06,77.63,71.05,63.16,82.89
2012-01-09,78.95,77.63,63.16,82.89
2012-01-10,81.58,80.26,68.42,84.21
2012-01-11,85.53,81.58,67.11,84.21
2012-01-12,84.21,81.58,68.42,86.84
2012-01-13,77.63,78.95,63.16,82.89
2012-01-17,82.89,85.53,65.79,84.21
2012-01-18,85.53,86.84,72.37,80.26
2012-01-19,89.47,88.16,80.26,78.95
2012-01-20,85.53,89.47,78.95,80.26
2012-01-23,85.53,85.53,77.63,81.58
2012-01-24,85.53,85.53,80.26,85.53
2012-01-25,90.79,89.47,85.53,85.53
2012-01-26,90.79,89.47,85.53,85.53
2012-01-27,82.89,89.47,85.53,84.21
2012-01-30,78.95,90.79,78.95,86.84
2012-01-31,78.95,89.47,84.21,85.53
2012-02-01,84.21,90.79,84.21,86.84
2012-02-02,80.26,90.79,86.84,85.53
2012-02-03,88.16,92.11,86.84,82.89
2012-02-06,86.84,90.79,85.53,82.89
2012-02-07,86.84,90.79,85.53,84.21
2012-02-08,82.89,89.47,85.53,85.53
2012-02-09,80.26,88.16,84.21,84.21
2012-02-10,73.68,85.53,84.21,81.58
2012-02-13,75.0,85.53,84.21,81.58
2012-02-14,68.42,85.53,84.21,80.26
2012-02-15,65.79,84.21,84.21,80.26
2012-02-16,75.0,84.21,86.84,78.95
2012-02-17,73.68,84.21,84.21,75.0
2012-02-21,71.05,81.58,84.21,75.0
2012-02-22,64.47,80.26,84.21,72.37
2012-02-23,60.53,80.26,84.21,68.42
2012-02-24,59.21,77.63,82.89,64.47
2012-02-27,61.84,77.63,82.89,69.74
2012-02-28,65.79,82.89,82.89,68.42
2012-02-29,55.26,80.26,82.89,60.53
2012-03-01,61.84,82.89,82.89,63.16
2012-03-02,47.37,80.26,81.58,57.89
2012-03-05,36.84,69.74,81.58,56.58
2012-03-06,23.68,57.89,80.26,52.63
2012-03-07,28.95,61.84,80.26,52.63
2012-03-08,50.0,72.37,84.21,52.63
2012-03-09,61.84,76.32,84.21,51.32
2012-03-12,64.47,75.0,85.53,46.05
2012-03-13,81.58,81.58,86.84,48.68
2012-03-14,77.63,77.63,82.89,51.32
2012-03-15,77.63,86.84,84.21,52.63
2012-03-16,80.26,81.58,86.84,57.89
2012-03-19,84.21,88.16,85.53,67.11
2012-03-20,78.95,81.58,82.89,80.26
2012-03-21,82.89,84.21,86.84,84.21
2012-03-22,78.95,84.21,84.21,86.84
2012-03-23,81.58,78.95,85.53,89.47
2012-03-26,89.47,85.53,89.47,90.79
2012-03-27,94.74,86.84,89.47,89.47
2012-03-28,82.89,80.26,86.84,89.47
2012-03-29,77.63,80.26,86.84,88.16
2012-03-30,80.26,81.58,88.16,86.84
2012-04-02,86.84,85.53,88.16,86.84
2012-04-03,72.37,76.32,89.47,84.21
2012-04-04,42.11,67.11,86.84,80.26
2012-04-05,35.53,65.79,86.84,76.32
2012-04-09,19.74,52.63,84.21,69.74
2012-04-10,9.21,31.58,82.89,51.32
2012-04-11,18.42,43.42,84.21,44.74
2012-04-12,32.89,53.95,86.84,36.84
2012-04-13,19.74,43.42,85.53,31.58
2012-04-16,26.32,42.11,84.21,26.32
2012-04-17,47.37,57.89,85.53,22.37
2012-04-18,46.05,55.26,85.53,19.74
2012-04-19,32.89,48.68,82.89,19.74
2012-04-20,38.16,52.63,80.26,15.79
2012-04-23,28.95,35.53,76.32,15.79
2012-04-24,31.58,40.79,77.63,19.74
2012-04-25,46.05,52.63,81.58,36.84
2012-04-26,59.21,57.89,85.53,39.47
2012-04-27,61.84,59.21,88.16,47.37
2012-04-30,60.53,57.89,86.84,48.68
2012-05-01,63.16,60.53,86.84,50.0
2012-05-02,61.84,57.89,89.47,52.63
2012-05-03,53.95,47.37,81.58,57.89
2012-05-04,39.47,40.79,78.95,59.21
2012-05-07,36.84,42.11,78.95,61.84
2012-05-08,35.53,39.47,80.26,60.53
2012-05-09,28.95,35.53,78.95,56.58
2012-05-10,36.84,38.16,78.95,55.26
2012-05-11,35.53,36.84,80.26,47.37
2012-05-14,23.68,31.58,78.95,36.84
2012-05-15,23.68,28.95,77.63,30.26
2012-05-16,19.74,30.26,73.68,28.95
2012-05-17,17.11,22.37,65.79,23.68
2012-05-18,9.21,17.11,55.26,15.79
2012-05-21,13.16,19.74,67.11,14.47
2012-05-22,11.84,19.74,67.11,14.47
2012-05-23,18.42,19.74,69.74,13.16
2012-05-24,19.74,23.68,67.11,13.16
2012-05-25,25.0,25.0,61.84,14.47
2012-05-29,38.16,30.26,71.05,14.47
2012-05-30,30.26,22.37,59.21,14.47
2012-05-31,28.95,22.37,56.58,18.42
2012-06-01,9.21,14.47,50.0,23.68
2012-06-04,13.16,14.47,48.68,26.32
2012-06-05,13.16,18.42,50.0,26.32
2012-06-06,40.79,23.68,59.21,27.63
2012-06-07,34.21,23.68,57.89,27.63
2012-06-08,51.32,25.0,63.16,26.32
2012-06-11,36.84,21.05,55.26,27.63
2012-06-12,60.53,27.63,63.16,26.32
2012-06-13,50.0,23.68,59.21,31.58
2012-06-14,51.32,32.89,56.58,36.84
2012-06-15,70.13,36.84,60.53,45.45
2012-06-18,75.32,44.74,63.16,53.25
2012-06-19,84.42,55.26,71.05,59.74
2012-06-20,83.12,52.63,71.05,64.94
2012-06-21,57.14,39.47,60.53,71.43
2012-06-22,67.53,44.74,63.16,74.03
2012-06-25,45.45,28.95,55.26,72.73
2012-06-26,53.25,31.58,55.26,76.62
2012-06-27,55.84,36.84,57.89,77.92
2012-06-28,49.35,28.95,56.58,76.62
2012-06-29,81.82,55.26,67.11,72.73
2012-07-02,81.82,61.84,65.79,74.03
2012-07-03,87.01,69.74,68.42,67.53
2012-07-05,85.71,71.05,71.05,67.53
2012-07-06,62.34,57.89,64.47,61.04
2012-07-09,61.04,52.63,61.84,63.64
2012-07-10,45.45,40.79,59.21,67.53
2012-07-11,40.26,36.84,57.89,67.53
2012-07-12,33.77,35.53,52.63,62.34
2012-07-13,48.05,44.74,59.21,59.74
2012-07-16,41.56,40.79,56.58,54.55
2012-07-17,48.05,44.74,55.26,49.35
2012-07-18,62.34,57.89,67.11,50.65
2012-07-19,74.03,71.05,67.11,51.95
2012-07-20,61.04,61.84,64.47,49.35
2012-07-23,48.05,53.95,56.58,49.35
2012-07-24,36.36,46.05,52.63,44.16
2012-07-25,37.66,50.0,56.58,46.75
2012-07-26,53.25,61.84,64.47,48.05
2012-07-27,72.73,71.05,72.37,51.95
2012-07-30,67.53,64.94,67.11,58.44
2012-07-31,66.23,66.23,65.79,61.04
2012-08-01,59.74,62.34,63.16,57.14
2012-08-02,57.14,63.64,60.53,57.14
2012-08-03,80.52,77.92,69.74,63.64
2012-08-06,80.52,77.92,69.74,70.13
2012-08-07,87.01,83.12,78.95,74.03
2012-08-08,84.42,80.52,81.58,75.32
2012-08-09,81.82,81.82,78.95,76.62
2012-08-10,84.42,83.12,78.95,75.32
2012-08-13,81.82,84.42,77.63,76.62
2012-08-14,77.92,83.12,73.68,81.82
2012-08-15,89.61,81.82,76.32,84.42
2012-08-16,91.03,84.42,81.58,87.18
2012-08-17,88.46,83.12,81.58,87.18
2012-08-20,85.9,83.12,78.95,85.9
2012-08-21,82.05,79.22,77.63,85.9
2012-08-22,74.36,79.22,78.95,84.62
2012-08-23,57.69,77.92,73.68,83.33
2012-08-24,66.67,77.92,73.68,79.49
2012-08-27,62.82,77.92,71.05,75.64
2012-08-28,56.41,76.62,72.37,78.21
2012-08-29,56.41,77.92,72.37,73.08
2012-08-30,38.46,72.73,68.42,61.54
2012-08-31,42.31,74.03,69.74,50.0
2012-09-04,41.03,72.73,65.79,46.15
2012-09-05,39.74,70.13,68.42,42.31
2012-09-06,67.95,76.62,72.37,42.31
2012-09-07,61.54,75.32,76.32,43.59
2012-09-10,55.7,66.23,72.37,44.3
2012-09-11,58.23,68.83,75.0,43.04
2012-09-12,59.49,70.13,75.0,45.57
2012-09-13,68.35,72.73,75.0,49.37
2012-09-14,79.75,77.92,75.0,56.96
2012-09-17,68.35,76.62,77.63,63.29
2012-09-18,63.29,76.62,77.63,67.09
2012-09-19,62.03,72.73,73.68,69.62
2012-09-20,60.76,74.03,71.05,68.35
2012-09-21,56.96,70.13,69.74,63.29
2012-09-24,53.16,67.53,71.05,63.29
2012-09-25,37.97,57.14,65.79,62.03
2012-09-26,27.85,48.05,64.47,55.7
2012-09-27,40.51,55.84,65.79,54.43
2012-09-28,35.44,53.85,63.16,51.9
2012-10-01,35.44,56.41,61.84,45.57
2012-10-02,31.65,51.28,59.21,37.97
2012-10-03,35.44,57.69,59.21,31.65
2012-10-04,48.1,58.97,61.84,34.18
2012-10-05,45.57,50.0,59.21,31.65
2012-10-08,43.04,48.72,57.89,30.38
2012-10-09,25.32,41.03,51.32,30.38
2012-10-10,24.05,32.05,50.0,35.44
2012-10-11,27.85,33.33,48.68,35.44
2012-10-12,24.05,30.77,48.68,32.91
2012-10-15,34.18,35.9,52.63,35.44
2012-10-16,49.37,43.59,57.89,37.97
2012-10-17,51.9,48.72,59.21,37.97
2012-10-18,50.63,42.31,57.89,35.44
2012-10-19,25.32,33.33,51.32,35.44
2012-10-22,32.91,32.91,50.0,34.18
2012-10-23,22.78,27.85,48.68,32.91
2012-10-24,18.99,25.32,48.68,30.38
2012-10-25,26.58,30.38,51.32,31.65
2012-10-26,32.91,30.38,51.32,30.38
2012-10-31,31.65,32.91,50.0,30.38
2012-11-01,54.43,45.57,56.58,27.85
2012-11-02,44.3,43.04,50.0,30.38
2012-11-05,48.1,36.71,52.63,31.65
2012-11-06,54.43,45.57,57.89,35.44
2012-11-07,41.77,32.91,52.63,41.77
2012-11-08,30.38,30.38,47.37,41.77
2012-11-09,25.32,32.91,48.68,44.3
2012-11-12,28.4,31.65,46.05,43.21
2012-11-13,28.4,30.38,47.37,43.21
2012-11-14,23.46,22.78,40.79,40.74
2012-11-15,19.75,20.25,40.79,33.33
2012-11-16,23.46,22.78,44.74,32.1
2012-11-19,35.8,30.38,51.32,30.86
2012-11-20,38.27,32.91,50.0,25.93
2012-11-21,41.98,35.44,53.95,28.4
2012-11-23,64.2,41.77,56.58,27.16
2012-11-26,59.26,44.3,53.95,28.4
2012-11-27,54.32,43.04,52.63,30.86
2012-11-28,62.96,50.63,59.21,32.1
2012-11-29,74.07,50.63,60.53,40.74
2012-11-30,80.25,54.43,59.21,55.56
2012-12-03,69.14,51.9,55.26,64.2
2012-12-04,75.31,55.7,57.89,69.14
2012-12-05,76.54,56.96,56.58,76.54
2012-12-06,76.54,63.29,60.53,82.72
2012-12-07,81.48,62.03,59.21,85.19
2012-12-10,85.19,65.82,59.21,85.19
2012-12-11,88.89,74.68,64.47,87.65
2012-12-12,83.95,73.42,61.84,87.65
2012-12-13,77.78,69.62,61.84,83.95
2012-12-14,70.37,63.29,59.21,80.25
2012-12-17,75.31,74.68,63.16,80.25
2012-12-18,83.95,79.75,68.42,77.78
2012-12-19,71.6,77.22,65.79,80.25
2012-12-20,69.14,77.22,68.42,81.48
2012-12-21,61.73,72.15,60.53,76.54
2012-12-24,58.02,69.62,61.84,72.84
2012-12-26,50.62,62.96,59.21,65.43
2012-12-27,48.15,59.26,59.21,66.67
2012-12-28,32.1,51.85,56.58,62.96
2012-12-31,54.32,64.2,60.53,61.73
2013-01-02,85.19,83.95,71.05,60.49
2013-01-03,80.25,81.48,71.05,56.79
2013-01-04,81.48,82.72,76.32,60.49
2013-01-07,79.01,82.72,69.74,59.26
2013-01-08,69.14,80.25,68.42,64.2
2013-01-09,72.84,82.72,69.74,65.43
2013-01-10,80.25,82.72,71.05,71.6
2013-01-11,81.48,82.72,72.37,72.84
2013-01-14,79.01,83.95,73.68,81.48
2013-01-15,80.25,85.19,69.74,85.19
2013-01-16,70.37,85.19,71.05,82.72
2013-01-17,80.25,87.65,73.68,82.72
2013-01-18,79.01,86.42,76.32,82.72
2013-01-22,81.48,86.42,77.63,83.95
2013-01-23,85.19,86.42,78.95,88.89
2013-01-24,86.42,88.89,78.95,86.42
2013-01-25,85.19,88.89,78.95,86.42
2013-01-28,85.19,87.65,78.95,86.42
2013-01-29,81.48,90.12,81.58,86.42
2013-01-30,76.54,87.65,81.58,81.48
2013-01-31,71.6,88.89,84.21,83.95
2013-02-01,79.01,90.12,84.21,83.95
2013-02-04,71.6,86.42,82.89,86.42
2013-02-05,79.01,88.89,84.21,83.95
2013-02-06,77.78,88.89,84.21,83.95
2013-02-07,70.37,86.42,84.21,80.25
2013-02-08,76.54,87.65,84.21,77.78
2013-02-11,72.84,86.42,84.21,74.07
2013-02-12,71.6,87.65,82.89,75.31
2013-02-13,75.31,86.42,81.58,75.31
2013-02-14,72.84,86.42,81.58,71.6
2013-02-15,65.43,83.95,80.26,71.6
2013-02-19,70.37,86.42,80.26,74.07
2013-02-20,49.38,81.48,80.26,71.6
2013-02-21,35.8,69.14,78.95,67.9
2013-02-22,56.79,85.19,78.95,64.2
2013-02-25,32.1,64.2,78.95,59.26
2013-02-26,39.51,65.43,81.58,56.79
2013-02-27,55.56,76.54,81.58,55.56
2013-02-28,61.73,80.25,80.26,54.32
2013-03-01,65.43,83.95,81.58,53.09
2013-03-04,69.14,82.72,81.58,50.62
2013-03-05,80.25,87.65,86.84,49.38
2013-03-06,77.78,87.65,84.21,45.68
2013-03-07,76.54,82.72,83.12,53.09
2013-03-08,79.01,83.95,85.71,60.49
2013-03-11,76.54,83.95,85.71,69.14
2013-03-12,76.54,83.95,85.71,71.6
2013-03-13,76.54,86.42,84.42,75.31
2013-03-14,85.19,87.65,84.42,79.01
2013-03-15,72.84,77.78,84.42,80.25
2013-03-18,62.96,72.84,84.42,81.48
2013-03-19,58.02,74.07,84.42,80.25
2013-03-20,61.73,77.78,84.42,80.25
2013-03-21,46.91,64.2,83.12,74.07
2013-03-22,54.32,76.54,83.12,74.07
2013-03-25,48.15,67.9,81.82,65.43
2013-03-26,66.67,75.31,81.82,59.26
2013-03-27,64.2,75.31,84.42,58.02
2013-03-28,72.84,77.78,84.42,53.09
2013-04-01,46.91,67.9,84.42,51.85
2013-04-02,46.91,67.9,84.42,51.85
2013-04-03,37.04,58.02,80.52,50.62
2013-04-04,35.8,55.56,81.82,48.15
2013-04-05,34.57,51.85,80.52,48.15
2013-04-08,44.44,54.32,83.12,46.91
2013-04-09,48.15,58.02,84.42,49.38
2013-04-10,75.31,77.78,85.71,53.09
2013-04-11,72.84,74.07,87.01,54.32
2013-04-12,67.9,69.14,87.01,53.09
2013-04-15,38.27,51.85,80.52,51.85
2013-04-16,56.79,56.79,85.71,51.85
2013-04-17,39.51,49.38,81.82,53.09
2013-04-18,32.1,43.21,80.52,54.32
2013-04-19,44.44,46.91,83.12,53.09
2013-04-22,44.44,53.09,81.82,53.09
2013-04-23,58.02,66.67,87.01,54.32
2013-04-24,64.2,67.9,87.01,51.85
2013-04-25,79.01,72.84,87.01,48.15
2013-04-26,75.31,66.67,87.01,48.15
2013-04-29,76.54,71.6,87.01,55.56
2013-04-30,75.31,80.25,88.31,58.02
2013-05-01,67.9,69.14,85.71,62.96
2013-05-02,76.54,77.78,88.31,69.14
2013-05-03,83.95,81.48,89.61,74.07
2013-05-06,81.48,82.72,88.31,79.01
2013-05-07,79.01,81.48,89.61,79.01
2013-05-08,79.01,81.48,87.18,81.48
2013-05-09,80.25,82.72,87.18,82.72
2013-05-10,85.19,86.42,87.18,83.95
2013-05-13,79.01,81.48,87.18,81.48
2013-05-14,87.65,85.19,88.46,82.72
2013-05-15,88.89,87.65,88.46,83.95
2013-05-16,82.72,86.42,88.46,82.72
2013-05-17,85.19,88.89,89.74,82.72
2013-05-20,76.54,86.42,89.74,80.25
2013-05-21,76.54,87.65,91.03,82.72
2013-05-22,67.9,83.95,89.74,81.48
2013-05-23,65.43,79.01,88.46,82.72
2013-05-24,62.96,82.72,87.18,79.01
2013-05-28,66.67,85.19,87.18,79.01
2013-05-29,59.26,79.01,87.18,74.07
2013-05-30,59.26,80.25,87.18,69.14
2013-05-31,44.44,71.6,86.08,66.67
2013-06-03,46.91,71.6,86.08,60.49
2013-06-04,45.68,74.07,87.34,51.85
2013-06-05,30.86,62.96,84.81,44.44
2013-06-06,28.4,62.96,84.81,39.51
2013-06-07,51.85,72.84,86.08,39.51
2013-06-10,54.32,71.6,86.08,40.74
2013-06-11,33.33,62.96,82.28,38.27
2013-06-12,27.16,55.56,82.28,37.04
2013-06-13,43.21,65.43,86.08,38.27
2013-06-14,33.33,60.49,84.81,38.27
2013-06-17,56.79,64.2,84.81,40.74
2013-06-18,70.37,67.9,84.81,44.44
2013-06-19,49.38,60.49,81.01,46.91
2013-06-20,22.22,46.91,77.22,43.21
2013-06-21,23.46,45.68,78.48,39.51
2013-06-24,13.58,32.1,75.95,29.63
2013-06-25,19.75,45.68,77.22,29.63
2013-06-26,33.33,50.62,79.75,34.57
2013-06-27,49.38,55.56,81.01,35.8
2013-06-28,49.38,56.79,79.75,37.04
2013-07-01,53.09,55.56,81.01,37.04
2013-07-02,51.85,50.62,81.01,32.1
2013-07-03,61.73,54.32,81.01,28.4
2013-07-05,74.07,65.43,81.01,35.8
2013-07-08,66.67,64.2,83.54,41.98
2013-07-09,88.89,71.6,86.08,62.96
2013-07-10,90.12,75.31,84.81,74.07
2013-07-11,96.3,82.72,88.61,81.48
2013-07-12,96.3,83.95,88.61,82.72
2013-07-15,95.06,85.19,89.87,90.12
2013-07-16,93.83,83.95,88.61,92.59
2013-07-17,97.53,87.65,89.87,96.3
2013-07-18,95.06,90.12,91.14,96.3
2013-07-19,90.12,86.42,91.14,96.3
2013-07-22,90.12,85.19,91.14,96.3
2013-07-23,82.72,85.19,91.14,96.3
2013-07-24,75.31,80.25,91.14,95.06
2013-07-25,74.07,76.54,93.67,93.83
2013-07-26,75.31,74.07,92.41,88.89
2013-07-29,61.73,76.54,88.61,82.72
2013-07-30,64.2,83.95,92.41,79.01
2013-07-31,60.49,79.01,92.41,75.31
2013-08-01,75.31,87.65,92.59,69.14
2013-08-02,72.84,86.42,92.59,62.96
2013-08-05,66.67,85.19,92.59,55.56
2013-08-06,56.79,83.95,91.36,54.32
2013-08-07,46.91,80.25,88.89,55.56
2013-08-08,59.26,83.95,90.12,54.32
2013-08-09,54.32,79.01,90.12,55.56
2013-08-12,58.02,77.78,90.12,56.79
2013-08-13,59.26,76.54,92.59,58.02
2013-08-14,51.85,74.07,92.59,61.73
2013-08-15,30.86,60.49,85.19,59.26
2013-08-16,30.86,58.02,85.19,54.32
2013-08-19,23.46,55.56,83.95,48.15
2013-08-20,25.93,56.79,83.95,45.68
2013-08-21,23.46,50.62,81.48,40.74
2013-08-22,39.51,58.02,86.42,34.57
2013-08-23,38.27,60.49,86.42,34.57
2013-08-26,38.27,56.79,83.95,28.4
2013-08-27,20.99,43.21,82.72,23.46
2013-08-28,25.93,40.74,83.95,20.99
2013-08-29,24.69,44.44,82.72,22.22
2013-08-30,17.28,40.74,81.48,23.46
2013-09-03,29.63,40.74,81.48,24.69
2013-09-04,56.79,54.32,83.95,28.4
2013-09-05,55.56,54.32,85.19,32.1
2013-09-06,59.26,56.79,83.95,33.33
2013-09-09,77.78,71.6,86.42,38.27
2013-09-10,87.65,80.25,90.12,43.21
2013-09-11,83.95,76.54,90.12,59.26
2013-09-12,87.65,74.07,88.89,70.37
2013-09-13,88.89,79.01,90.12,77.78
2013-09-16,88.89,76.54,88.89,83.95
2013-09-17,92.59,76.54,88.89,85.19
2013-09-18,92.59,83.95,91.36,86.42
2013-09-19,92.59,83.95,90.12,88.89
2013-09-20,88.89,80.25,90.12,91.36
2013-09-23,90.12,77.78,90.12,93.83
2013-09-24,87.65,79.01,87.65,91.36
2013-09-25,71.6,72.84,86.42,92.59
2013-09-26,79.01,77.78,87.65,91.36
2013-09-27,61.73,72.84,87.65,87.65
2013-09-30,59.26,72.84,85.19,87.65
2013-10-01,69.14,75.31,86.42,81.48
2013-10-02,62.96,75.31,86.42,75.31
2013-10-03,41.98,65.43,86.42,62.96
2013-10-04,54.32,69.14,86.42,55.56
2013-10-07,44.44,60.49,86.42,53.09
2013-10-08,19.75,49.38,81.48,46.91
2013-10-09,13.58,45.68,81.48,44.44
2013-10-10,50.62,74.07,86.42,40.74
2013-10-11,59.26,83.95,87.65,40.74
2013-10-14,69.14,83.95,90.12,37.04
2013-10-15,55.56,76.54,83.95,34.57
2013-10-16,75.31,86.42,87.65,35.8
2013-10-17,80.25,90.12,88.89,49.38
2013-10-18,81.48,87.65,90.12,53.09
2013-10-21,79.01,87.65,91.36,60.49
2013-10-22,80.25,90.12,90.12,74.07
2013-10-23,65.43,77.78,91.36,77.78
2013-10-24,70.37,81.48,90.12,80.25
2013-10-25,74.07,81.48,90.12,81.48
2013-10-28,71.6,80.25,88.89,79.01
2013-10-29,79.01,82.72,90.12,82.72
2013-10-30,69.14,79.01,90.12,83.95
2013-10-31,70.37,79.01,88.89,81.48
2013-11-01,69.14,77.78,88.89,77.78
2013-11-04,75.31,80.25,88.89,77.78
2013-11-05,74.07,80.25,86.42,72.84
2013-11-06,67.9,72.84,88.89,70.37
2013-11-07,43.21,70.37,86.42,69.14
2013-11-08,62.96,72.84,86.42,69.14
2013-11-11,56.79,75.31,87.65,65.43
2013-11-12,55.56,75.31,87.65,62.96
2013-11-13,61.73,76.54,87.65,55.56
2013-11-14,66.67,75.31,87.65,59.26
2013-11-15,69.14,79.01,87.65,58.02
2013-11-18,58.02,71.6,86.42,53.09
2013-11-19,55.56,66.67,81.48,53.09
2013-11-20,45.68,65.43,82.72,49.38
2013-11-21,60.49,67.9,86.42,54.32
2013-11-22,64.2,70.37,85.19,59.26
2013-11-25,59.26,70.37,85.19,62.96
2013-11-26,74.07,76.54,87.65,64.2
2013-11-27,70.37,72.84,87.65,67.9
2013-11-29,69.14,75.31,87.65,65.43
2013-12-02,60.49,75.31,87.65,66.67
2013-12-03,61.73,72.84,87.65,66.67
2013-12-04,56.79,65.43,88.89,64.2
2013-12-05,50.62,64.2,87.65,69.14
2013-12-06,65.43,71.6,88.89,62.96
2013-12-09,64.2,71.6,88.89,65.43
2013-12-10,55.56,71.6,87.65,62.96
2013-12-11,40.74,61.73,86.42,60.49
2013-12-12,35.8,55.56,83.95,53.09
2013-12-13,44.44,59.26,85.19,50.62
2013-12-16,48.15,64.2,85.19,46.91
2013-12-17,48.15,62.96,86.42,48.15
2013-12-18,66.67,74.07,87.65,49.38
2013-12-19,60.49,69.14,86.42,49.38
2013-12-20,77.78,71.6,87.65,48.15
2013-12-23,77.78,74.07,88.89,51.85
2013-12-24,77.78,77.78,90.12,51.85
2013-12-26,86.42,80.25,90.12,59.26
2013-12-27,83.95,82.72,91.36,67.9
2013-12-30,85.19,82.72,91.36,75.31
2013-12-31,87.65,82.72,91.36,82.72
2014-01-02,77.78,76.54,88.89,87.65
2014-01-03,75.31,77.78,88.89,85.19
2014-01-06,60.49,69.14,90.12,85.19
2014-01-07,69.14,71.6,92.59,85.19
2014-01-08,75.31,72.84,90.12,85.19
2014-01-09,71.6,70.37,91.36,83.95
2014-01-10,81.48,79.01,92.59,85.19
2014-01-13,56.79,66.67,90.12,76.54
2014-01-14,74.07,77.78,93.83,71.6
2014-01-15,76.54,74.07,92.59,69.14
2014-01-16,75.31,76.54,90.12,61.73
2014-01-17,70.37,75.31,88.89,65.43
2014-01-21,77.78,81.48,90.12,64.2
2014-01-22,81.48,83.95,87.65,67.9
2014-01-23,64.2,81.48,87.65,67.9
2014-01-24,37.04,55.56,85.19,64.2
2014-01-27,29.63,58.02,83.95,64.2
2014-01-28,37.04,59.26,83.95,62.96
2014-01-29,25.93,51.85,82.72,59.26
2014-01-30,46.91,60.49,82.72,56.79
2014-01-31,37.04,59.26,83.95,49.38
2014-02-03,19.75,41.98,75.31,41.98
2014-02-04,22.22,45.68,76.54,32.1
2014-02-05,25.93,45.68,76.54,24.69
2014-02-06,37.04,48.15,81.48,24.69
2014-02-07,58.02,62.96,85.19,25.93
2014-02-10,62.96,64.2,87.65,29.63
2014-02-11,77.78,69.14,88.89,32.1
2014-02-12,80.25,70.37,86.42,37.04
2014-02-13,79.01,74.07,87.65,41.98
2014-02-14,86.42,74.07,87.65,51.85
2014-02-18,86.42,75.31,87.65,70.37
2014-02-19,83.95,70.37,86.42,80.25
2014-02-20,85.19,67.9,88.89,83.95
2014-02-21,80.25,70.37,87.65,88.89
2014-02-24,87.65,75.31,87.65,88.89
2014-02-25,81.48,67.9,85.19,91.36
2014-02-26,86.42,72.84,87.65,91.36
2014-02-27,86.42,71.6,90.12,91.36
2014-02-28,86.42,76.54,88.89,92.59
2014-03-03,77.78,72.84,87.65,92.59
2014-03-04,91.36,82.72,90.12,88.89
2014-03-05,88.89,83.95,91.36,87.65
2014-03-06,82.72,82.72,90.12,88.89
2014-03-07,77.78,82.72,91.36,83.95
2014-03-10,71.6,81.48,91.36,81.48
2014-03-11,65.43,81.48,93.83,81.48
2014-03-12,72.84,82.72,93.83,79.01
2014-03-13,45.68,72.84,92.59,70.37
2014-03-14,40.74,70.37,92.59,72.84
2014-03-17,53.09,80.25,92.59,66.67
2014-03-18,67.9,86.42,92.59,65.43
2014-03-19,55.56,80.25,92.59,59.26
2014-03-20,62.96,80.25,92.59,58.02
2014-03-21,51.85,79.01,93.83,51.85
2014-03-24,45.68,65.43,92.59,53.09
2014-03-25,45.68,70.37,93.83,50.62
2014-03-26,35.8,61.73,91.36,46.91
2014-03-27,33.33,55.56,91.36,49.38
2014-03-28,39.51,62.96,88.89,50.62
2014-03-31,50.62,67.9,91.36,45.68
2014-04-01,62.96,75.31,92.59,45.68
2014-04-02,67.9,77.78,92.59,46.91
2014-04-03,64.2,71.6,92.59,45.68
2014-04-04,40.74,58.02,86.42,45.68
2014-04-07,25.93,46.91,81.48,46.91
2014-04-08,33.33,48.15,83.95,45.68
2014-04-09,41.98,56.79,87.65,46.91
2014-04-10,17.28,39.51,75.31,44.44
2014-04-11,11.11,29.63,72.84,37.04
2014-04-14,19.75,29.63,72.84,32.1
2014-04-15,18.52,29.63,76.54,27.16
2014-04-16,30.86,35.8,77.78,24.69
2014-04-17,40.74,38.27,80.25,20.99
2014-04-21,46.91,43.21,81.48,20.99
2014-04-22,62.96,46.91,82.72,20.99
2014-04-23,53.09,44.44,80.25,25.93
2014-04-24,59.26,51.85,81.48,24.69
2014-04-25,37.04,40.74,75.31,25.93
2014-04-28,32.1,40.74,74.07,34.57
2014-04-29,43.21,45.68,77.78,43.21
2014-04-30,59.26,49.38,80.25,55.56
2014-05-01,59.26,44.44,77.78,66.67
2014-05-02,55.56,44.44,79.01,66.67
2014-05-05,67.9,44.44,77.78,65.43
2014-05-06,41.98,35.8,72.84,60.49
2014-05-07,40.74,39.51,71.6,60.49
2014-05-08,45.68,43.21,70.37,56.79
2014-05-09,48.15,45.68,75.31,53.09
2014-05-12,67.9,55.56,81.48,51.85
2014-05-13,61.73,49.38,79.01,50.62
2014-05-14,44.44,45.68,77.78,50.62
2014-05-15,28.4,35.8,74.07,41.98
2014-05-16,44.44,43.21,79.01,43.21
2014-05-19,64.2,46.91,81.48,43.21
2014-05-20,46.91,43.21,76.54,43.21
2014-05-21,59.26,44.44,79.01,49.38
2014-05-22,70.37,53.09,79.01,62.96
2014-05-23,79.01,62.96,79.01,65.43
2014-05-27,85.19,75.31,81.48,67.9
2014-05-28,79.01,74.07,80.25,64.2
2014-05-29,87.65,71.6,81.48,70.37
2014-05-30,87.65,76.54,81.48,75.31
2014-06-02,86.42,74.07,81.48,81.48
2014-06-03,83.95,74.07,81.48,80.25
2014-06-04,86.42,77.78,82.72,81.48
2014-06-05,90.12,87.65,82.72,88.89
2014-06-06,93.83,90.12,86.42,92.59
2014-06-09,93.83,91.36,87.65,91.36
2014-06-10,91.36,86.42,86.42,93.83
2014-06-11,85.19,85.19,86.42,92.59
2014-06-12,80.25,82.72,82.72,91.36
2014-06-13,82.72,87.65,85.19,88.89
2014-06-16,72.84,85.19,85.19,88.89
2014-06-17,71.6,86.42,86.42,88.89
2014-06-18,82.72,90.12,88.89,87.65
2014-06-19,79.01,88.89,87.65,81.48
2014-06-20,80.25,88.89,87.65,76.54
2014-06-23,74.07,85.19,87.65,74.07
2014-06-24,66.67,81.48,88.89,70.37
2014-06-25,70.37,85.19,88.89,69.14
2014-06-26,62.96,82.72,86.42,69.14
2014-06-27,60.49,86.42,86.42,69.14
2014-06-30,71.6,83.95,86.42,66.67
2014-07-01,85.19,90.12,91.36,66.67
2014-07-02,79.01,88.89,88.89,65.43
2014-07-03,86.42,92.59,91.36,69.14
2014-07-07,74.07,90.12,88.89,70.37
2014-07-08,64.2,87.65,87.65,74.07
2014-07-09,70.37,90.12,87.65,76.54
2014-07-10,59.26,87.65,86.42,77.78
2014-07-11,59.26,86.42,86.42,76.54
2014-07-14,65.43,85.19,87.65,76.54
2014-07-15,59.26,83.95,87.65,72.84
2014-07-16,60.49,82.72,87.65,66.67
2014-07-17,34.57,70.37,81.48,59.26
2014-07-18,56.79,77.78,87.65,56.79
2014-07-21,55.56,72.84,83.95,55.56
2014-07-22,58.02,80.25,83.95,55.56
2014-07-23,53.09,75.31,85.19,54.32
2014-07-24,55.56,74.07,86.42,49.38
2014-07-25,39.51,61.73,82.72,46.91
2014-07-28,41.98,61.73,82.72,43.21
2014-07-29,38.27,58.02,79.01,44.44
2014-07-30,45.68,60.49,82.72,39.51
2014-07-31,27.16,44.44,76.54,41.98
2014-08-01,25.93,39.51,76.54,40.74
2014-08-04,33.33,54.32,77.78,43.21
2014-08-05,32.1,43.21,75.31,34.57
2014-08-06,30.86,40.74,74.07,37.04
2014-08-07,28.4,35.8,70.37,37.04
2014-08-08,38.27,48.15,81.48,33.33
2014-08-11,43.21,51.85,82.72,30.86
2014-08-12,43.21,49.38,81.48,32.1
2014-08-13,56.79,54.32,85.19,32.1
2014-08-14,66.67,62.96,86.42,34.57
2014-08-15,71.6,59.26,86.42,37.04
2014-08-18,81.48,70.37,87.65,46.91
2014-08-19,88.89,71.6,90.12,51.85
2014-08-20,87.65,74.07,88.89,62.96
2014-08-21,85.19,75.31,90.12,82.72
2014-08-22,87.65,74.07,91.36,83.95
2014-08-25,92.59,75.31,91.36,86.42
2014-08-26,92.59,74.07,90.12,87.65
2014-08-27,86.42,75.31,88.89,91.36
2014-08-28,83.95,76.54,87.65,91.36
2014-08-29,91.36,77.78,87.65,91.36
2014-09-02,85.19,75.31,87.65,91.36
2014-09-03,85.19,77.78,88.89,92.59
2014-09-04,76.54,76.54,90.12,92.59
2014-09-05,79.01,80.25,87.65,92.59
2014-09-08,79.01,80.25,87.65,87.65
2014-09-09,66.67,74.07,85.19,83.95
2014-09-10,72.84,75.31,86.42,76.54
2014-09-11,67.9,76.54,85.19,76.54
2014-09-12,49.38,64.2,81.48,72.84
2014-09-15,34.57,59.26,77.78,70.37
2014-09-16,49.38,74.07,80.25,67.9
2014-09-17,56.79,72.84,80.25,61.73
2014-09-18,66.67,74.07,81.48,59.26
2014-09-19,54.32,71.6,83.95,56.79
2014-09-22,40.74,61.73,80.25,50.62
2014-09-23,34.57,54.32,77.78,46.91
2014-09-24,46.91,60.49,80.25,45.68
2014-09-25,23.46,40.74,76.54,40.74
2014-09-26,38.27,46.91,80.25,41.98
2014-09-29,28.4,53.09,76.54,43.21
2014-09-30,30.86,44.44,76.54,40.74
2014-10-01,17.28,33.33,67.9,33.33
2014-10-02,17.28,39.51,70.37,23.46
2014-10-03,38.27,48.15,72.84,23.46
2014-10-06,33.33,45.68,71.6,23.46
2014-10-07,19.75,33.33,62.96,23.46
2014-10-08,46.91,45.68,72.84,23.46
2014-10-09,25.93,32.1,62.96,25.93
2014-10-10,17.28,23.46,50.62,25.93
2014-10-13,12.35,19.75,46.91,24.69
2014-10-14,12.35,19.75,46.91,24.69
2014-10-15,8.64,16.05,45.68,23.46
2014-10-16,11.11,14.81,46.91,20.99
2014-10-17,18.52,20.99,49.38,19.75
2014-10-20,38.27,27.16,51.85,17.28
2014-10-21,64.2,37.04,58.02,18.52
2014-10-22,51.85,32.1,55.56,17.28
2014-10-23,65.43,43.21,66.67,20.99
2014-10-24,83.95,55.56,69.14,27.16
2014-10-27,83.95,54.32,70.37,38.27
2014-10-28,92.59,69.14,74.07,55.56
2014-10-29,88.89,67.9,74.07,69.14
2014-10-30,87.65,66.67,75.31,82.72
2014-10-31,90.12,76.54,75.31,86.42
2014-11-03,92.59,79.01,75.31,91.36
2014-11-04,91.36,79.01,75.31,93.83
2014-11-05,86.42,77.78,77.78,95.06
2014-11-06,91.36,79.01,76.54,95.06
2014-11-07,91.36,79.01,75.31,93.83
2014-11-10,93.83,77.78,76.54,93.83
2014-11-11,92.59,80.25,75.31,93.83
2014-11-12,88.89,80.25,76.54,95.06
2014-11-13,85.19,79.01,75.31,92.59
2014-11-14,86.42,81.48,76.54,90.12
2014-11-17,80.25,81.48,75.31,88.89
2014-11-18,82.72,86.42,77.78,82.72
2014-11-19,81.48,86.42,76.54,83.95
2014-11-20,81.48,86.42,79.01,83.95
2014-11-21,81.48,88.89,81.48,81.48
2014-11-24,86.42,88.89,79.01,81.48
2014-11-25,87.65,87.65,80.25,79.01
2014-11-26,85.19,88.89,80.25,80.25
2014-11-28,86.42,86.42,79.01,79.01
2014-12-01,76.54,83.95,75.31,80.25
2014-12-02,80.25,82.72,76.54,82.72
2014-12-03,76.54,85.19,77.78,82.72
2014-12-04,75.31,86.42,76.54,85.19
2014-12-05,76.54,83.95,77.78,85.19
2014-12-08,66.67,85.19,76.54,81.48
2014-12-09,65.43,83.95,76.54,79.01
2014-12-10,43.21,81.48,75.31,76.54
2014-12-11,50.62,81.48,75.31,71.6
2014-12-12,32.1,74.07,75.31,65.43
2014-12-15,23.46,70.37,75.31,62.96
2014-12-16,16.05,58.02,72.84,54.32
2014-12-17,32.1,72.84,74.07,44.44
2014-12-18,66.67,83.95,76.54,40.74
2014-12-19,64.2,83.95,79.01,33.33
2014-12-22,75.31,85.19,80.25,29.63
2014-12-23,76.54,81.48,79.01,28.4
2014-12-24,79.01,82.72,77.78,35.8
2014-12-26,85.19,86.42,81.48,43.21
2014-12-29,83.95,85.19,79.01,51.85
2014-12-30,72.84,79.01,79.01,61.73
2014-12-31,59.26,74.07,76.54,76.54
2015-01-02,46.91,71.6,79.01,85.19
2015-01-05,19.75,51.85,74.07,82.72
2015-01-06,18.52,30.86,74.07,77.78
2015-01-07,30.86,43.21,75.31,70.37
2015-01-08,55.56,66.67,76.54,67.9
2015-01-09,49.38,59.26,76.54,54.32
2015-01-12,37.04,44.44,75.31,41.98
2015-01-13,32.1,39.51,75.31,29.63
2015-01-14,30.86,37.04,75.31,28.4
2015-01-15,19.75,33.33,72.84,24.69
2015-01-16,34.57,41.98,74.07,23.46
2015-01-20,37.04,49.38,74.07,24.69
2015-01-21,44.44,53.09,79.01,28.4
2015-01-22,70.37,67.9,80.25,35.8
2015-01-23,67.9,66.67,79.01,38.27
2015-01-26,77.78,69.14,79.01,40.74
2015-01-27,58.02,50.62,72.84,45.68
2015-01-28,43.21,40.74,70.37,49.38
2015-01-29,49.38,43.21,70.37,58.02
2015-01-30,40.74,35.8,69.14,61.73
2015-02-02,40.74,40.74,70.37,64.2
2015-02-03,51.85,53.09,74.07,69.14
2015-02-04,51.85,51.85,76.54,60.49
2015-02-05,61.73,59.26,75.31,56.79
2015-02-06,54.32,58.02,74.07,56.79
2015-02-09,53.09,49.38,74.07,46.91
2015-02-10,71.6,62.96,75.31,44.44
2015-02-11,72.84,58.02,77.78,48.15
2015-02-12,75.31,65.43,80.25,51.85
2015-02-13,77.78,66.67,83.95,61.73
2015-02-17,79.01,71.6,83.95,66.67
2015-02-18,83.95,71.6,83.95,71.6
2015-02-19,86.42,76.54,86.42,74.07
2015-02-20,90.12,79.01,85.19,77.78
2015-02-23,88.89,82.72,82.72,80.25
2015-02-24,88.89,80.25,83.95,88.89
2015-02-25,87.65,80.25,83.95,91.36
2015-02-26,81.48,80.25,86.42,88.89
2015-02-27,75.31,77.78,83.95,88.89
2015-03-02,80.25,79.01,86.42,87.65
2015-03-03,74.07,74.07,85.19,85.19
2015-03-04,59.26,75.31,79.01,82.72
2015-03-05,59.26,71.6,79.01,76.54
2015-03-06,39.51,62.96,76.54,72.84
2015-03-09,49.38,61.73,75.31,67.9
2015-03-10,22.22,55.56,71.6,55.56
2015-03-11,19.75,55.56,69.14,53.09
2015-03-12,33.33,58.02,74.07,39.51
2015-03-13,22.22,54.32,71.6,32.1
2015-03-16,48.15,67.9,75.31,28.4
2015-03-17,38.27,61.73,70.37,24.69
2015-03-18,54.32,64.2,77.78,27.16
2015-03-19,49.38,62.96,76.54,27.16
2015-03-20,67.9,66.67,77.78,28.4
2015-03-23,62.96,62.96,77.78,33.33
2015-03-24,55.56,62.96,80.25,39.51
2015-03-25,18.52,40.74,72.84,48.15
2015-03-26,17.28,40.74,66.67,49.38
2015-03-27,30.86,48.15,66.67,51.85
2015-03-30,50.62,55.56,75.31,51.85
2015-03-31,40.74,46.91,67.9,55.56
2015-04-01,25.93,40.74,67.9,49.38
2015-04-02,37.04,48.15,71.6,46.91
2015-04-06,45.68,49.38,72.84,40.74
2015-04-07,45.68,51.85,74.07,35.8
2015-04-08,51.85,55.56,72.84,33.33
2015-04-09,60.49,58.02,72.84,35.8
2015-04-10,69.14,64.2,76.54,40.74
2015-04-13,55.56,51.85,70.37,41.98
2015-04-14,54.32,51.85,70.37,40.74
2015-04-15,61.73,59.26,71.6,43.21
2015-04-16,59.26,59.26,71.6,51.85
2015-04-17,33.33,39.51,69.14,58.02
2015-04-20,60.49,55.56,74.07,59.26
2015-04-21,65.43,60.49,72.84,67.9
2015-04-22,79.01,69.14,75.31,70.37
2015-04-23,76.54,67.9,76.54,69.14
2015-04-24,70.37,66.67,79.01,66.67
2015-04-27,61.73,59.26,79.01,66.67
2015-04-28,60.49,55.56,77.78,67.9
2015-04-29,56.79,55.56,77.78,65.43
2015-04-30,38.27,43.21,69.14,58.02
2015-05-01,59.26,58.02,74.07,61.73
2015-05-04,66.67,62.96,77.78,61.73
2015-05-05,38.27,45.68,69.14,59.26
2015-05-06,27.16,43.21,69.14,56.79
2015-05-07,38.27,48.15,67.9,54.32
2015-05-08,59.26,60.49,70.37,53.09
2015-05-11,53.09,54.32,70.37,48.15
2015-05-12,49.38,51.85,69.14,39.51
2015-05-13,50.62,55.56,72.84,43.21
2015-05-14,65.43,64.2,74.07,49.38
2015-05-15,67.9,70.37,72.84,45.68
2015-05-18,74.07,67.9,75.31,45.68
2015-05-19,64.2,65.43,76.54,49.38
2015-05-20,65.43,65.43,74.07,58.02
2015-05-21,67.9,69.14,75.31,65.43
2015-05-22,65.43,65.43,75.31,66.67
2015-05-26,46.91,54.32,72.84,66.67
2015-05-27,67.9,62.96,74.07,72.84
2015-05-28,66.67,65.43,74.07,69.14
2015-05-29,55.56,60.49,69.14,65.43
2015-06-01,60.49,58.02,71.6,65.43
2015-06-02,56.79,58.02,70.37,65.43
2015-06-03,55.56,56.79,70.37,62.96
2015-06-04,45.68,51.85,66.67,58.02
2015-06-05,41.98,49.38,67.9,50.62
2015-06-08,33.33,40.74,61.73,46.91
2015-06-09,33.33,43.21,61.73,45.68
2015-06-10,50.62,51.85,69.14,41.98
2015-06-11,48.15,58.02,67.9,41.98
2015-06-12,40.74,48.15,64.2,40.74
2015-06-15,23.46,38.27,62.96,40.74
2015-06-16,30.86,45.68,64.2,38.27
2015-06-17,42.68,48.15,65.43,36.59
2015-06-18,70.73,64.2,71.6,37.8
2015-06-19,64.63,59.26,71.6,36.59
2015-06-22,73.17,62.96,72.84,45.12
2015-06-23,65.85,59.26,72.84,51.22
2015-06-24,48.78,50.62,67.9,51.22
2015-06-25,48.78,48.15,67.9,53.66
2015-06-26,41.46,45.68,62.96,56.1
2015-06-29,9.76,25.93,49.38,57.32
2015-06-30,14.63,32.1,50.62,50.0
2015-07-01,19.51,32.1,51.85,46.34
2015-07-02,23.17,32.1,51.85,40.24
2015-07-06,24.39,32.1,50.62,36.59
2015-07-07,29.27,38.27,56.79,24.39
2015-07-08,15.85,29.63,41.98,20.73
2015-07-09,20.73,29.63,44.44,19.51
2015-07-10,35.37,38.27,51.85,17.07
2015-07-13,54.88,48.15,61.73,19.51
2015-07-14,59.76,49.38,66.67,23.17
2015-07-15,59.76,49.38,62.96,29.27
2015-07-16,63.41,55.56,60.49,37.8
2015-07-17,60.98,55.56,59.26,41.46
2015-07-20,62.2,56.79,58.02,47.56
2015-07-21,59.76,49.38,58.02,52.44
2015-07-22,58.54,49.38,56.79,60.98
2015-07-23,48.78,45.68,58.02,63.41
2015-07-24,39.02,38.27,55.56,67.07
2015-07-27,40.24,37.04,50.62,65.85
2015-07-28,50.0,48.15,53.09,62.2
2015-07-29,60.98,50.62,59.26,62.2
2015-07-30,64.63,54.88,56.79,57.32
2015-07-31,69.88,54.88,61.73,54.22
2015-08-03,66.27,57.32,59.26,55.42
2015-08-04,68.67,56.1,58.02,56.63
2015-08-05,75.9,58.54,60.49,55.42
2015-08-06,59.04,50.0,56.79,54.22
2015-08-07,61.45,51.22,58.02,56.63
2015-08-10,66.27,58.54,58.02,63.86
2015-08-11,57.83,52.44,59.26,67.47
2015-08-12,56.63,53.66,58.02,67.47
2015-08-13,51.81,57.32,58.02,61.45
2015-08-14,57.83,58.54,60.49,66.27
2015-08-17,63.86,58.54,62.96,67.47
2015-08-18,56.63,59.76,59.26,63.86
2015-08-19,47.62,53.66,54.32,55.95
2015-08-20,20.24,42.68,49.38,50.0
2015-08-21,7.14,19.51,37.04,42.86
2015-08-24,3.57,8.54,24.69,30.95
2015-08-25,1.19,6.1,23.46,21.43
2015-08-26,2.38,14.63,32.1,13.1
2015-08-27,9.52,21.95,39.51,9.52
2015-08-28,16.67,23.17,38.27,5.95
2015-08-31,10.71,18.29,35.8,2.38
2015-09-01,2.38,9.76,29.63,2.38
2015-09-02,7.14,14.63,35.8,2.38
2015-09-03,11.9,21.95,37.04,0.0
2015-09-04,7.14,10.98,30.86,0.0
2015-09-08,42.86,28.05,38.27,2.38
2015-09-09,23.81,21.95,35.8,14.29
2015-09-10,39.29,28.05,39.51,23.81
2015-09-11,48.81,32.93,39.51,28.57
2015-09-14,46.43,28.92,38.27,33.33
2015-09-15,71.43,33.73,40.74,44.05
2015-09-16,84.52,40.96,40.74,61.9
2015-09-17,84.52,42.17,43.21,75.0
2015-09-18,70.24,32.53,38.27,78.57
2015-09-21,65.48,36.14,35.8,84.52
2015-09-22,50.0,24.1,34.57,79.76
2015-09-23,46.43,25.3,37.04,71.43
2015-09-24,46.43,25.3,35.8,66.67
2015-09-25,41.67,31.33,37.04,63.1
2015-09-28,16.67,10.84,30.86,61.9
2015-09-29,15.48,9.64,30.86,47.62
2015-09-30,34.52,24.1,37.04,41.67
2015-10-01,29.76,19.05,35.8,34.52
2015-10-02,51.19,38.1,39.51,30.95
2015-10-05,63.1,51.19,44.44,26.19
2015-10-06,66.67,46.43,41.98,30.95
2015-10-07,71.43,51.19,45.68,34.52
2015-10-08,76.19,59.52,49.38,40.48
2015-10-09,79.76,61.9,46.91,46.43
2015-10-12,79.76,70.24,50.62,60.71
2015-10-13,72.62,58.33,45.68,71.43
2015-10-14,71.43,55.95,46.91,73.81
2015-10-15,79.76,61.9,51.85,80.95
2015-10-16,77.38,60.71,51.85,83.33
2015-10-19,83.33,66.67,53.09,83.33
2015-10-20,76.19,64.29,53.09,83.33
2015-10-21,73.81,65.48,51.85,84.52
2015-10-22,78.57,77.38,60.49,85.71
2015-10-23,80.95,77.38,56.79,84.52
2015-10-26,80.95,78.57,56.79,79.76
2015-10-27,72.62,72.62,55.56,77.38
2015-10-28,75.0,76.19,61.73,77.38
2015-10-29,70.24,73.81,58.02,76.19
2015-10-30,69.05,76.19,61.73,75.0
2015-11-02,71.43,76.19,65.43,72.62
2015-11-03,77.38,76.19,65.43,73.81
2015-11-04,67.86,76.19,64.2,73.81
2015-11-05,64.29,72.62,61.73,73.81
2015-11-06,67.86,70.24,62.96,75.0
2015-11-09,57.14,70.24,58.02,72.62
2015-11-10,58.33,72.62,54.32,70.24
2015-11-11,51.19,71.43,54.32,66.67
2015-11-12,38.1,64.29,48.15,65.48
2015-11-13,33.33,59.52,45.68,55.95
2015-11-16,38.1,64.29,50.62,52.38
2015-11-17,39.29,63.1,49.38,50.0
2015-11-18,60.71,69.05,59.26,47.62
2015-11-19,63.1,71.43,58.02,44.05
2015-11-20,67.86,71.43,60.49,42.86
2015-11-23,65.48,71.43,59.26,44.05
2015-11-24,64.29,72.62,61.73,45.24
2015-11-25,63.1,72.62,65.43,46.43
2015-11-27,70.24,75.0,66.67,51.19
2015-11-30,63.1,73.81,66.67,60.71
2015-12-01,72.62,80.95,71.6,66.67
2015-12-02,55.95,72.62,64.2,73.81
2015-12-03,41.67,53.57,53.09,70.24
2015-12-04,67.86,63.1,61.73,70.24
2015-12-07,54.76,60.71,58.02,69.05
2015-12-08,52.38,57.14,58.02,71.43
2015-12-09,32.14,54.76,54.32,66.67
2015-12-10,40.48,53.57,54.32,60.71
2015-12-11,19.05,36.9,49.38,47.62
2015-12-14,19.05,39.29,50.62,41.67
2015-12-15,27.38,41.67,54.32,34.52
2015-12-16,50.0,57.14,58.02,32.14
2015-12-17,34.52,48.81,53.09,30.95
2015-12-18,15.48,32.14,51.85,26.19
2015-12-21,25.0,44.05,56.79,23.81
2015-12-22,38.1,46.43,58.02,22.62
2015-12-23,51.19,54.76,59.26,23.81
2015-12-24,52.38,55.95,59.26,26.19
2015-12-28,55.95,58.33,59.26,32.14
2015-12-29,71.43,63.1,64.2,44.05
2015-12-30,65.48,58.33,61.73,51.19
2015-12-31,40.48,46.43,61.73,48.81
2016-01-04,21.43,27.38,50.62,47.62
2016-01-05,22.62,29.76,51.85,53.57
2016-01-06,13.1,16.67,44.44,52.38
2016-01-07,7.14,10.71,35.8,46.43
2016-01-08,5.95,10.71,28.4,28.57
2016-01-11,5.95,10.71,28.4,20.24
2016-01-12,9.52,11.9,32.1,11.9
2016-01-13,4.76,8.33,27.16,7.14
2016-01-14,5.95,8.33,27.16,7.14
2016-01-15,4.76,5.95,23.46,7.14
2016-01-19,4.76,7.14,23.46,7.14
2016-01-20,2.38,4.76,22.22,4.76
2016-01-21,4.76,4.76,20.99,2.38
2016-01-22,16.67,8.33,23.46,3.57
2016-01-25,9.52,7.14,22.22,3.57
2016-01-26,19.05,10.71,23.46,2.38
2016-01-27,13.1,9.52,23.46,3.57
2016-01-28,32.14,13.1,25.93,7.14
2016-01-29,55.95,29.76,34.57,15.48
2016-02-01,63.1,33.33,35.8,23.81
2016-02-02,51.19,22.62,25.93,35.71
2016-02-03,51.19,25.0,27.16,50.0
2016-02-04,57.14,29.76,28.4,55.95
2016-02-05,38.1,17.86,23.46,55.95
2016-02-08,30.95,14.29,18.52,57.14
2016-02-09,30.95,15.48,19.75,55.95
2016-02-10,29.76,13.1,20.99,55.95
2016-02-11,27.38,13.1,18.52,53.57
2016-02-12,38.1,20.24,23.46,47.62
2016-02-16,51.19,29.76,28.4,42.86
2016-02-17,75.0,40.48,37.04,40.48
2016-02-18,60.71,40.48,33.33,38.1
2016-02-19,64.29,44.05,37.04,35.71
2016-02-22,83.33,47.62,40.74,38.1
2016-02-23,66.67,45.24,37.04,39.29
2016-02-24,79.76,47.62,39.51,50.0
2016-02-25,86.9,59.52,41.98,53.57
2016-02-26,88.1,54.76,43.21,69.05
2016-02-29,79.76,52.38,41.98,86.9
2016-03-01,96.43,72.62,51.85,94.05
2016-03-02,96.43,78.57,50.62,94.05
2016-03-03,92.86,79.76,54.32,96.43
2016-03-04,95.24,78.57,51.22,97.62
2016-03-07,90.48,78.57,52.44,97.62
2016-03-08,88.1,72.62,51.22,97.62
2016-03-09,90.48,79.76,50.0,95.24
2016-03-10,88.1,76.19,54.88,95.24
2016-03-11,92.86,84.52,58.54,95.24
2016-03-14,90.48,88.1,60.98,95.24
2016-03-15,85.71,85.71,58.54,92.86
2016-03-16,85.71,88.1,62.2,91.67
2016-03-17,82.14,86.9,65.85,90.48
2016-03-18,85.71,89.29,68.29,86.9
2016-03-21,89.29,89.29,67.07,84.52
2016-03-22,86.9,90.48,68.29,86.9
2016-03-23,78.57,89.29,62.2,84.52
2016-03-24,73.81,88.1,63.41,86.9
2016-03-28,76.19,89.29,67.07,85.71
2016-03-29,85.71,89.29,67.07,82.14
2016-03-30,84.52,91.67,68.29,85.71
2016-03-31,83.33,91.67,69.51,85.71
2016-04-01,85.71,96.43,69.51,83.33
2016-04-04,79.76,95.24,70.73,86.9
2016-04-05,70.24,94.05,70.73,83.33
2016-04-06,76.19,95.24,73.17,80.95
2016-04-07,60.71,92.86,70.73,77.38
2016-04-08,60.71,92.86,69.51,75.0
2016-04-11,59.52,88.1,68.29,82.14
2016-04-12,61.9,88.1,71.95,72.62
2016-04-13,76.19,92.86,78.05,65.48
2016-04-14,67.86,89.29,76.83,65.48
2016-04-15,66.67,90.48,76.83,65.48
2016-04-18,73.81,90.48,78.05,63.1
2016-04-19,71.43,86.9,73.49,65.48
2016-04-20,67.86,83.33,75.9,66.67
2016-04-21,55.95,82.14,75.9,65.48
2016-04-22,52.38,79.76,75.9,63.1
2016-04-25,47.62,76.19,75.9,58.33
2016-04-26,58.33,76.19,75.9,59.52
2016-04-27,66.67,80.95,77.11,57.14
2016-04-28,45.24,76.19,68.67,53.57
2016-04-29,33.33,54.76,68.67,54.76
2016-05-02,41.67,63.1,72.29,53.57
2016-05-03,34.52,52.38,63.86,48.81
2016-05-04,23.81,46.43,56.63,47.62
2016-05-05,22.62,42.86,59.04,38.1
2016-05-06,29.76,48.81,61.9,32.14
2016-05-09,35.71,46.43,65.48,28.57
2016-05-10,47.62,55.95,69.05,32.14
2016-05-11,36.9,47.62,65.48,26.19
2016-05-12,32.14,41.67,63.1,26.19
2016-05-13,27.38,40.48,63.1,26.19
2016-05-16,40.48,47.62,64.29,26.19
2016-05-17,28.57,34.52,59.52,27.38
2016-05-18,29.76,34.52,58.33,33.33
2016-05-19,27.38,32.14,59.52,35.71
2016-05-20,53.57,45.24,63.1,36.9
2016-05-23,51.19,45.24,61.9,40.48
2016-05-24,65.48,55.95,70.24,41.67
2016-05-25,75.0,63.1,75.0,48.81
2016-05-26,79.76,64.29,76.19,58.33
2016-05-27,83.33,66.67,77.38,64.29
2016-05-31,82.14,70.24,77.38,64.29
2016-06-01,84.52,72.62,77.38,67.86
2016-06-02,88.1,75.0,76.19,73.81
2016-06-03,82.14,72.62,76.19,78.57
2016-06-06,86.9,73.81,77.38,82.14
2016-06-07,82.14,73.81,78.57,85.71
2016-06-08,89.29,77.38,79.76,89.29
2016-06-09,84.52,71.43,77.38,89.29
2016-06-10,58.33,61.9,76.19,89.29
2016-06-13,46.43,58.33,73.81,88.1
2016-06-14,52.38,57.14,73.81,86.9
2016-06-15,47.62,55.95,71.43,78.57
2016-06-16,48.81,57.14,71.43,72.62
2016-06-17,40.48,54.76,69.05,64.29
2016-06-20,45.24,61.9,71.43,50.0
2016-06-21,53.57,65.48,71.43,40.48
2016-06-22,46.43,63.1,71.43,39.29
2016-06-23,73.81,73.81,76.19,33.33
2016-06-24,15.48,35.71,58.33,32.14
2016-06-27,11.9,22.62,50.0,28.57
2016-06-28,19.05,41.67,53.57,26.19
2016-06-29,34.52,48.81,59.52,27.38
2016-06-30,55.95,58.33,66.67,30.95
2016-07-01,58.33,63.1,64.29,36.9
2016-07-05,48.81,54.76,61.9,34.52
2016-07-06,57.14,60.71,63.1,33.33
2016-07-07,63.1,63.1,63.1,35.71
2016-07-08,91.67,80.95,72.62,39.29
2016-07-11,94.05,88.1,77.38,52.38
2016-07-12,94.05,88.1,79.76,70.24
2016-07-13,96.43,85.71,79.76,82.14
2016-07-14,96.43,88.1,80.95,86.9
2016-07-15,92.86,89.29,80.95,92.86
2016-07-18,95.24,91.67,82.14,94.05
2016-07-19,92.86,85.71,79.76,95.24
2016-07-20,92.86,90.48,80.95,97.62
2016-07-21,90.48,86.9,82.14,97.62
2016-07-22,91.67,86.9,83.33,97.62
2016-07-25,90.48,88.1,83.33,95.24
2016-07-26,80.95,86.9,83.33,92.86
2016-07-27,75.0,84.52,83.33,91.67
2016-07-28,75.0,84.52,84.52,86.9
2016-07-29,75.0,80.95,82.14,84.52
2016-08-01,77.38,79.76,82.14,80.95
2016-08-02,63.1,77.38,80.95,78.57
2016-08-03,61.9,77.38,82.14,73.81
2016-08-04,64.29,76.19,82.14,71.43
2016-08-05,75.0,84.52,85.71,69.05
2016-08-08,69.05,82.14,85.71,67.86
2016-08-09,71.43,82.14,84.52,66.67
2016-08-10,70.24,79.76,83.33,67.86
2016-08-11,72.62,83.33,85.71,67.86
2016-08-12,71.43,83.33,85.71,67.86
2016-08-15,78.57,86.9,84.52,66.67
2016-08-16,66.67,82.14,84.52,65.48
2016-08-17,65.48,84.52,84.52,76.19
2016-08-18,75.0,85.71,85.71,76.19
2016-08-19,69.05,83.33,88.1,76.19
2016-08-22,65.48,84.52,88.1,73.81
2016-08-23,72.62,83.33,86.9,71.43
2016-08-24,58.33,82.14,85.71,72.62
2016-08-25,58.33,80.95,85.71,69.05
2016-08-26,60.71,78.57,85.71,67.86
2016-08-29,60.71,77.38,85.71,64.29
2016-08-30,60.71,75.0,82.14,63.1
2016-08-31,52.38,71.43,82.14,59.52
2016-09-01,57.14,72.62,80.95,59.52
2016-09-02,57.14,75.0,82.14,59.52
2016-09-06,59.52,72.62,85.71,60.71
2016-09-07,61.9,73.81,86.9,57.14
2016-09-08,58.33,67.86,86.9,55.95
2016-09-09,21.43,46.43,75.0,51.19
2016-09-12,41.67,60.71,85.71,48.81
2016-09-13,20.24,48.81,79.76,46.43
2016-09-14,20.24,48.81,80.95,41.67
2016-09-15,45.24,59.52,85.71,40.48
2016-09-16,40.48,57.14,85.71,38.1
2016-09-19,47.62,57.14,82.14,34.52
2016-09-20,47.62,55.95,83.33,32.14
2016-09-21,69.05,61.9,84.52,35.71
2016-09-22,77.38,73.81,84.52,36.9
2016-09-23,64.29,66.67,84.52,42.86
2016-09-26,55.95,57.14,82.14,47.62
2016-09-27,75.0,66.67,84.52,57.14
2016-09-28,76.19,66.67,84.52,60.71
2016-09-29,63.1,63.1,82.14,64.29
2016-09-30,78.57,69.05,82.14,71.43
2016-10-03,70.24,64.29,83.33,77.38
2016-10-04,65.48,59.52,80.95,78.57
2016-10-05,66.67,66.67,83.33,78.57
2016-10-06,65.48,67.86,80.95,78.57
2016-10-07,58.33,60.71,77.38,72.62
2016-10-10,60.71,60.71,80.95,70.24
2016-10-11,34.52,47.62,75.0,64.29
2016-10-12,28.57,47.62,75.0,60.71
2016-10-13,25.0,44.05,72.62,53.57
2016-10-14,26.19,42.86,72.62,45.24
2016-10-17,23.81,42.86,71.43,40.48
2016-10-18,35.71,48.81,73.81,34.52
2016-10-19,38.1,50.0,75.0,27.38
2016-10-20,35.71,48.81,72.62,25.0
2016-10-21,35.71,47.62,73.81,26.19
2016-10-24,55.95,53.57,75.0,22.62
2016-10-25,53.57,51.19,72.62,29.76
2016-10-26,45.24,48.81,73.81,33.33
2016-10-27,38.1,42.86,72.62,36.9
2016-10-28,41.67,41.67,70.24,39.29
2016-10-31,41.67,46.43,75.0,45.24
2016-11-01,30.95,32.14,70.24,47.62
2016-11-02,27.38,29.76,69.05,51.19
2016-11-03,26.19,26.19,67.86,52.38
2016-11-04,20.24,25.0,65.48,47.62
2016-11-07,61.9,45.24,69.05,48.81
2016-11-08,70.24,53.57,71.43,50.0
2016-11-09,66.67,55.95,77.38,47.62
2016-11-10,50.0,51.19,76.19,41.67
2016-11-11,58.33,54.76,76.19,40.48
2016-11-14,58.33,55.95,72.62,41.67
2016-11-15,64.29,58.33,75.0,45.24
2016-11-16,66.67,60.71,76.19,52.38
2016-11-17,66.67,59.52,78.57,57.14
2016-11-18,65.48,61.9,75.0,64.29
2016-11-21,72.62,65.48,76.19,66.67
2016-11-22,76.19,65.48,77.38,67.86
2016-11-23,78.57,66.67,77.38,69.05
2016-11-25,80.95,67.86,79.76,67.86
2016-11-28,79.76,67.86,77.38,67.86
2016-11-29,78.57,66.67,76.19,76.19
2016-11-30,66.67,60.71,75.0,77.38
2016-12-01,39.29,47.62,72.62,75.0
2016-12-02,41.67,51.19,66.67,71.43
2016-12-05,51.19,51.19,71.43,71.43
2016-12-06,53.57,58.33,72.62,67.86
2016-12-07,75.0,59.52,73.81,67.86
2016-12-08,75.0,64.29,73.81,64.29
2016-12-09,73.81,67.86,75.0,57.14
2016-12-12,71.43,73.81,75.0,58.33
2016-12-13,77.38,80.95,77.38,57.14
2016-12-14,71.43,75.0,77.38,58.33
2016-12-15,76.19,78.57,79.76,63.1
2016-12-16,69.05,72.62,78.57,69.05
2016-12-19,72.62,75.0,78.57,71.43
2016-12-20,70.24,75.0,77.38,78.57
2016-12-21,73.81,73.81,77.38,80.95
2016-12-22,65.48,67.86,77.38,79.76
2016-12-23,66.67,73.81,77.38,80.95
2016-12-27,76.19,76.19,78.57,80.95
2016-12-28,53.57,70.24,77.38,72.62
2016-12-29,54.76,70.24,77.38,67.86
2016-12-30,32.14,60.71,75.0,63.1
2017-01-03,50.0,67.86,76.19,57.14
2017-01-04,57.14,73.81,76.19,52.38
2017-01-05,53.57,78.57,78.57,47.62
2017-01-06,65.48,78.57,77.38,45.24
2017-01-09,55.95,78.57,77.38,45.24
2017-01-10,64.29,82.14,78.57,47.62
2017-01-11,69.05,80.95,79.76,45.24
2017-01-12,71.43,79.76,79.76,59.52
2017-01-13,70.24,80.95,82.14,53.57
2017-01-17,64.29,78.57,82.14,59.52
2017-01-18,66.67,78.57,80.95,65.48
2017-01-19,59.52,78.57,80.95,66.67
2017-01-20,72.62,78.57,82.14,65.48
2017-01-23,66.67,78.57,78.57,66.67
2017-01-24,79.76,82.14,82.14,69.05
2017-01-25,80.95,85.71,80.95,76.19
2017-01-26,79.76,85.71,80.95,77.38
2017-01-27,75.0,84.52,82.14,80.95
2017-01-30,72.62,80.95,79.76,79.76
2017-01-31,79.76,80.95,80.95,78.57
2017-02-01,67.86,72.62,82.14,77.38
2017-02-02,72.62,77.38,83.33,77.38
2017-02-03,76.19,82.14,84.52,79.76
2017-02-06,76.19,80.95,82.14,80.95
2017-02-07,71.43,78.57,83.33,80.95
2017-02-08,71.43,78.57,84.52,78.57
2017-02-09,80.95,80.95,88.1,75.0
2017-02-10,80.95,82.14,86.9,75.0
2017-02-13,82.14,84.52,88.1,77.38
2017-02-14,82.14,84.52,88.1,75.0
2017-02-15,84.52,84.52,89.29,77.38
2017-02-16,83.33,85.71,86.9,76.19
2017-02-17,84.52,86.9,86.9,78.57
2017-02-21,86.9,89.29,89.29,82.14
2017-02-22,85.71,86.9,89.29,82.14
2017-02-23,78.57,85.71,89.29,84.52
2017-02-24,80.95,86.9,89.29,86.9
2017-02-27,79.76,84.52,89.29,90.48
2017-02-28,70.24,85.71,90.48,89.29
2017-03-01,83.33,84.52,86.9,88.1
2017-03-02,72.62,86.9,86.9,82.14
2017-03-03,69.05,84.52,85.71,80.95
2017-03-06,67.86,83.33,85.71,79.76
2017-03-07,67.86,82.14,85.71,73.81
2017-03-08,61.9,79.76,84.52,70.24
2017-03-09,53.57,75.0,83.33,66.67
2017-03-10,65.48,80.95,84.52,65.48
2017-03-13,65.48,79.76,85.71,65.48
2017-03-14,60.71,78.57,85.71,63.1
2017-03-15,73.81,82.14,86.9,59.52
2017-03-16,72.62,83.33,85.71,58.33
2017-03-17,73.81,84.52,86.9,59.52
2017-03-20,76.19,84.52,88.1,61.9
2017-03-21,39.29,67.86,84.52,60.71
2017-03-22,47.62,72.62,84.52,64.29
2017-03-23,44.05,69.05,83.33,64.29
2017-03-24,47.62,73.81,86.9,63.1
2017-03-27,50.0,71.43,88.1,57.14
2017-03-28,57.14,72.62,89.29,54.76
2017-03-29,71.43,77.38,90.48,58.33
2017-03-30,70.24,76.19,89.29,59.52
2017-03-31,66.67,77.38,89.29,58.33
2017-04-03,60.71,76.19,89.29,54.76
2017-04-04,57.14,75.0,88.1,57.14
2017-04-05,48.81,69.05,86.9,58.33
2017-04-06,48.81,72.62,86.9,58.33
2017-04-07,53.57,71.43,85.71,55.95
2017-04-10,52.38,69.05,85.71,57.14
2017-04-11,44.05,64.29,85.71,57.14
2017-04-12,36.9,55.95,84.52,53.57
2017-04-13,27.38,46.43,80.95,46.43
2017-04-17,45.24,58.33,83.33,45.24
2017-04-18,48.81,59.52,83.33,42.86
2017-04-19,54.76,55.95,83.33,48.81
2017-04-20,64.29,67.86,85.71,50.0
2017-04-21,64.29,66.67,85.71,50.0
2017-04-24,79.76,72.62,88.1,53.57
2017-04-25,84.52,73.81,89.29,58.33
2017-04-26,77.38,71.43,90.48,59.52
2017-04-27,78.57,77.38,88.1,71.43
2017-04-28,78.57,76.19,86.9,76.19
2017-05-01,72.62,75.0,85.71,78.57
2017-05-02,73.81,75.0,85.71,80.95
2017-05-03,73.81,69.05,85.71,82.14
2017-05-04,80.95,73.81,83.33,83.33
2017-05-05,83.33,75.0,85.71,85.71
2017-05-08,76.19,73.81,86.9,84.52
2017-05-09,75.0,72.62,86.9,82.14
2017-05-10,73.81,77.38,86.9,80.95
2017-05-11,70.24,73.81,85.71,76.19
2017-05-12,66.67,71.43,83.33,75.0
2017-05-15,72.62,75.0,84.52,70.24
2017-05-16,71.43,76.19,83.33,69.05
2017-05-17,41.67,65.48,82.14,69.05
2017-05-18,51.19,69.05,79.76,67.86
2017-05-19,59.52,73.81,80.95,63.1
2017-05-22,64.29,75.0,80.95,60.71
2017-05-23,64.29,73.81,82.14,63.1
2017-05-24,73.81,77.38,80.95,66.67
2017-05-25,80.95,80.95,80.95,67.86
2017-05-26,79.76,80.95,82.14,70.24
2017-05-30,82.14,82.14,80.95,70.24
2017-05-31,82.14,80.95,82.14,70.24
2017-06-01,82.14,82.14,85.71,75.0
2017-06-02,85.71,82.14,85.71,76.19
2017-06-05,83.33,79.76,84.52,79.76
2017-06-06,79.76,80.95,83.33,78.57
2017-06-07,80.95,83.33,85.71,82.14
2017-06-08,85.71,82.14,84.52,84.52
2017-06-09,53.57,76.19,80.95,83.33
2017-06-12,48.81,71.43,83.33,82.14
2017-06-13,57.14,73.81,83.33,83.33
2017-06-14,51.19,72.62,83.33,82.14
2017-06-15,48.81,71.43,83.33,76.19
2017-06-16,40.48,66.67,85.71,60.71
2017-06-19,54.76,77.38,86.9,51.19
2017-06-20,46.43,70.24,84.52,46.43
2017-06-21,45.24,73.81,84.52,40.48
2017-06-22,41.67,71.43,85.71,36.9
2017-06-23,47.62,72.62,85.71,38.1
2017-06-26,46.43,70.24,86.9,40.48
2017-06-27,23.81,53.57,79.76,35.71
2017-06-28,38.1,67.86,84.52,36.9
2017-06-29,21.43,47.62,80.95,38.1
2017-06-30,22.62,47.62,79.76,36.9
2017-07-03,21.43,39.29,79.76,32.14
2017-07-05,28.57,40.48,78.57,33.33
2017-07-06,21.43,33.33,78.57,30.95
2017-07-07,34.52,44.05,79.76,30.95
2017-07-10,45.24,47.62,79.76,28.57
2017-07-11,47.62,54.76,79.76,28.57
2017-07-12,60.71,64.29,79.76,29.76
2017-07-13,63.1,60.71,80.95,27.38
2017-07-14,64.29,66.67,80.95,32.14
2017-07-17,66.67,66.67,80.95,39.29
2017-07-18,70.24,65.48,80.95,57.14
2017-07-19,77.38,73.81,84.52,60.71
2017-07-20,76.19,70.24,82.14,65.48
2017-07-21,78.57,67.86,82.14,69.05
2017-07-24,82.14,73.81,84.52,77.38
2017-07-25,82.14,69.05,85.71,79.76
2017-07-26,82.14,73.81,84.52,80.95
2017-07-27,72.62,67.86,84.52,83.33
2017-07-28,70.24,63.1,79.76,82.14
2017-07-31,60.71,59.52,77.38,79.76
2017-08-01,58.33,57.14,80.95,78.57
2017-08-02,54.76,48.81,79.76,73.81
2017-08-03,52.38,51.19,78.57,67.86
2017-08-04,53.57,55.95,78.57,66.67
2017-08-07,58.33,58.33,79.76,60.71
2017-08-08,50.0,57.14,79.76,53.57
2017-08-09,44.05,54.76,78.57,45.24
2017-08-10,21.43,35.71,73.81,45.24
2017-08-11,25.0,42.86,76.19,42.86
2017-08-14,50.0,55.95,77.38,36.9
2017-08-15,48.81,55.95,80.95,36.9
2017-08-16,57.14,60.71,82.14,38.1
2017-08-17,28.57,46.43,75.0,34.52
2017-08-18,29.76,46.43,76.19,32.14
2017-08-21,30.95,42.86,77.38,29.76
2017-08-22,55.95,51.19,79.76,30.95
2017-08-23,54.76,50.0,77.38,35.71
2017-08-24,47.62,47.62,77.38,46.43
2017-08-25,48.81,47.62,76.19,47.62
2017-08-28,53.57,48.81,77.38,48.81
2017-08-29,50.0,50.0,77.38,47.62
2017-08-30,67.86,55.95,80.95,42.86
2017-08-31,82.14,70.24,80.95,51.19
2017-09-01,84.52,75.0,79.76,58.33
2017-09-05,75.0,70.24,78.57,66.67
2017-09-06,86.9,72.62,79.76,71.43
2017-09-07,80.95,72.62,78.57,76.19
2017-09-08,71.43,63.1,77.38,77.38
2017-09-11,78.57,72.62,79.76,80.95
2017-09-12,80.95,76.19,79.76,83.33
2017-09-13,78.57,78.57,79.76,84.52
2017-09-14,76.19,73.81,77.38,84.52
2017-09-15,77.38,72.62,78.57,84.52
2017-09-18,77.38,75.0,78.57,79.76
2017-09-19,77.38,77.38,79.76,78.57
2017-09-20,75.0,67.86,79.76,78.57
2017-09-21,72.62,64.29,79.76,76.19
2017-09-22,71.43,67.86,79.76,77.38
2017-09-25,47.62,54.76,82.14,71.43
2017-09-26,42.86,57.14,78.57,67.86
2017-09-27,59.52,64.29,80.95,65.48
2017-09-28,52.38,59.52,78.57,63.1
2017-09-29,60.71,61.9,80.95,60.71
2017-10-02,66.67,61.9,80.95,59.52
2017-10-03,64.29,66.67,78.57,57.14
2017-10-04,67.86,69.05,80.95,57.14
2017-10-05,75.0,75.0,82.14,60.71
2017-10-06,76.19,78.57,80.95,60.71
2017-10-09,77.38,78.57,80.95,65.48
2017-10-10,78.57,80.95,80.95,70.24
2017-10-11,80.95,80.95,80.95,71.43
2017-10-12,82.14,82.14,83.33,76.19
2017-10-13,82.14,82.14,84.52,78.57
2017-10-16,79.76,77.38,83.33,79.76
2017-10-17,82.14,79.76,82.14,82.14
2017-10-18,78.57,80.95,83.33,83.33
2017-10-19,77.38,78.57,83.33,83.33
2017-10-20,77.38,78.57,80.95,82.14
2017-10-23,73.81,75.0,80.95,83.33
2017-10-24,72.62,75.0,79.76,82.14
2017-10-25,67.86,70.24,78.57,78.57
2017-10-26,66.67,72.62,78.57,76.19
2017-10-27,72.62,79.76,78.57,73.81
2017-10-30,67.86,77.38,78.57,72.62
2017-10-31,64.29,77.38,77.38,70.24
2017-11-01,60.71,77.38,76.19,65.48
2017-11-02,65.48,75.0,75.0,65.48
2017-11-03,65.48,76.19,78.57,67.86
2017-11-06,67.86,73.81,76.19,67.86
2017-11-07,65.48,71.43,77.38,70.24
2017-11-08,65.48,72.62,77.38,66.67
2017-11-09,58.33,69.05,76.19,65.48
2017-11-10,61.9,70.24,73.81,66.67
2017-11-13,59.52,70.24,73.81,64.29
2017-11-14,61.9,70.24,72.62,65.48
2017-11-15,54.76,69.05,72.62,64.29
2017-11-16,66.67,71.43,75.0,66.67
2017-11-17,64.29,72.62,72.62,65.48
2017-11-20,69.05,75.0,75.0,66.67
2017-11-21,77.38,77.38,78.57,63.1
2017-11-22,75.0,77.38,77.38,61.9
2017-11-24,77.38,76.19,77.38,63.1
2017-11-27,73.81,72.62,73.81,69.05
2017-11-28,75.0,73.81,79.76,71.43
2017-11-29,54.76,64.29,78.57,72.62
2017-11-30,60.71,66.67,78.57,73.81
2017-12-01,57.14,63.1,78.57,69.05
2017-12-04,51.19,55.95,80.95,65.48
2017-12-05,41.67,60.71,82.14,63.1
2017-12-06,47.62,61.9,83.33,61.9
2017-12-07,53.57,65.48,82.14,59.52
2017-12-08,63.1,67.86,82.14,53.57
2017-12-11,65.48,66.67,84.52,54.76
2017-12-12,54.76,61.9,84.52,53.57
2017-12-13,55.95,63.1,82.14,53.57
2017-12-14,53.57,57.14,80.95,47.62
2017-12-15,58.33,66.67,83.33,51.19
2017-12-18,70.24,67.86,83.33,53.57
2017-12-19,70.24,67.86,84.52,54.76
2017-12-20,69.05,66.67,82.14,61.9
2017-12-21,64.29,64.29,83.33,66.67
2017-12-22,64.29,65.48,82.14,71.43
2017-12-26,57.14,60.71,82.14,70.24
2017-12-27,63.1,63.1,82.14,72.62
2017-12-28,63.1,65.48,80.95,73.81
2017-12-29,47.62,55.95,79.76,76.19
2018-01-02,76.19,75.0,82.14,73.81
2018-01-03,84.52,82.14,83.33,72.62
2018-01-04,86.9,82.14,80.95,73.81
2018-01-05,86.9,82.14,83.33,73.81
2018-01-08,86.9,88.1,84.52,72.62
2018-01-09,82.14,88.1,84.52,77.38
2018-01-10,79.76,82.14,84.52,80.95
2018-01-11,83.33,80.95,85.71,79.76
2018-01-12,79.76,82.14,85.71,82.14
2018-01-16,79.76,82.14,84.52,83.33
2018-01-17,88.1,86.9,86.9,85.71
2018-01-18,84.52,86.9,86.9,86.9
2018-01-19,85.71,88.1,88.1,85.71
2018-01-22,88.1,89.29,88.1,86.9
2018-01-23,88.1,90.48,89.29,84.52
2018-01-24,85.71,91.67,89.29,83.33
2018-01-25,78.57,89.29,89.29,82.14
2018-01-26,88.1,89.29,90.48,86.9
2018-01-29,84.52,88.1,86.9,88.1
2018-01-30,72.62,85.71,88.1,88.1
2018-01-31,64.29,84.52,86.9,83.33
2018-02-01,52.38,80.95,85.71,82.14
2018-02-02,28.57,63.1,84.52,76.19
2018-02-05,4.76,32.14,69.05,67.86
2018-02-06,14.29,47.62,79.76,55.95
2018-02-07,11.9,36.9,71.43,40.48
2018-02-08,2.38,17.86,58.33,26.19
2018-02-09,4.76,19.05,61.9,17.86
2018-02-12,7.14,26.19,70.24,9.52
2018-02-13,14.29,32.14,69.05,8.33
2018-02-14,25.0,42.86,73.81,7.14
2018-02-15,40.48,59.52,78.57,7.14
2018-02-16,47.62,61.9,77.38,5.95
2018-02-20,47.62,58.33,78.57,9.52
2018-02-21,46.43,58.33,77.38,14.29
2018-02-22,46.43,57.14,77.38,17.86
2018-02-23,72.62,65.48,83.33,28.57
2018-02-26,85.71,73.81,83.33,44.05
2018-02-27,70.24,61.9,83.33,69.05
2018-02-28,67.86,59.52,79.76,77.38
2018-03-01,50.0,47.62,76.19,79.76
2018-03-02,66.67,52.38,77.38,83.33
2018-03-05,78.57,59.52,78.57,84.52
2018-03-06,82.14,61.9,78.57,85.71
2018-03-07,73.81,63.1,77.38,83.33
2018-03-08,82.14,65.48,79.76,84.52
2018-03-09,86.9,75.0,83.33,78.57
2018-03-12,88.1,76.19,85.71,73.81
2018-03-13,82.14,71.43,84.52,73.81
2018-03-14,76.19,70.24,83.33,71.43
2018-03-15,72.62,65.48,82.14,73.81
2018-03-16,72.62,67.86,84.52,80.95
2018-03-19,51.19,55.95,77.38,80.95
2018-03-20,58.33,59.52,77.38,78.57
2018-03-21,54.76,57.14,77.38,77.38
2018-03-22,33.33,47.62,70.24,72.62
2018-03-23,15.48,34.52,61.9,63.1
2018-03-26,38.1,51.19,69.05,54.76
2018-03-27,13.1,38.1,63.1,42.86
2018-03-28,9.52,28.57,63.1,33.33
2018-03-29,22.62,36.9,67.86,23.81
2018-04-02,7.14,22.62,57.14,11.9
2018-04-03,9.52,28.57,64.29,9.52
2018-04-04,26.19,36.9,66.67,9.52
2018-04-05,29.76,38.1,67.86,8.33
2018-04-06,16.67,20.24,60.71,9.52
2018-04-09,14.29,21.43,63.1,9.52
2018-04-10,33.33,39.29,69.05,10.71
2018-04-11,32.14,36.9,64.29,16.67
2018-04-12,52.38,45.24,69.05,19.05
2018-04-13,51.19,44.05,65.48,26.19
2018-04-16,65.48,51.19,69.05,30.95
2018-04-17,80.95,65.48,70.24,47.62
2018-04-18,83.33,66.67,71.43,64.29
2018-04-19,69.05,54.76,66.67,67.86
2018-04-20,60.71,47.62,64.29,73.81
2018-04-23,57.14,46.43,59.52,73.81
2018-04-24,42.86,40.48,57.14,73.81
2018-04-25,44.05,36.9,57.14,75.0
2018-04-26,58.33,50.0,64.29,71.43
2018-04-27,54.76,45.24,59.52,69.05
2018-04-30,45.24,41.67,52.38,59.52
2018-05-01,52.38,46.43,60.71,53.57
2018-05-02,42.86,41.67,58.33,51.19
2018-05-03,47.62,44.05,58.33,45.24
2018-05-04,63.1,47.62,66.67,42.86
2018-05-07,61.9,48.81,66.67,41.67
2018-05-08,66.67,52.38,67.86,47.62
2018-05-09,71.43,57.14,69.05,51.19
2018-05-10,70.24,69.05,70.24,52.38
2018-05-11,72.62,61.9,72.62,59.52
2018-05-14,73.81,70.24,71.43,58.33
2018-05-15,73.81,64.29,70.24,64.29
2018-05-16,78.57,67.86,72.62,67.86
2018-05-17,75.0,61.9,70.24,70.24
2018-05-18,73.81,59.52,70.24,73.81
2018-05-21,77.38,66.67,70.24,78.57
2018-05-22,73.81,66.67,73.81,78.57
2018-05-23,76.19,66.67,73.81,78.57
2018-05-24,72.62,69.05,73.81,79.76
2018-05-25,73.81,69.05,73.81,78.57
2018-05-29,63.1,61.9,69.05,76.19
2018-05-30,73.81,65.48,72.62,78.57
2018-05-31,64.29,61.9,69.05,71.43
2018-06-01,77.38,70.24,70.24,70.24
2018-06-04,82.14,69.05,69.05,70.24
2018-06-05,82.14,73.81,70.24,72.62
2018-06-06,83.33,78.57,72.62,73.81
2018-06-07,73.81,71.43,71.43,73.81
2018-06-08,73.81,73.81,70.24,70.24
2018-06-11,76.19,77.38,71.43,72.62
2018-06-12,82.14,78.57,72.62,76.19
2018-06-13,79.76,77.38,72.62,79.76
2018-06-14,80.95,83.33,72.62,83.33
2018-06-15,78.57,82.14,71.43,84.52
2018-06-18,75.0,80.95,70.24,78.57
2018-06-19,72.62,73.81,70.24,77.38
2018-06-20,70.24,79.76,70.24,78.57
2018-06-21,63.1,76.19,67.86,76.19
2018-06-22,55.95,75.0,69.05,75.0
2018-06-25,35.71,64.29,61.9,66.67
2018-06-26,29.76,65.48,61.9,63.1
2018-06-27,22.62,53.57,59.52,54.76
2018-06-28,27.38,58.33,61.9,47.62
2018-06-29,26.19,64.29,64.29,38.1
2018-07-02,35.71,64.29,65.48,33.33
2018-07-03,28.57,59.52,61.9,26.19
2018-07-05,45.24,64.29,69.05,25.0
2018-07-06,65.48,71.43,72.62,27.38
2018-07-09,72.62,75.0,71.43,28.57
2018-07-10,76.19,79.76,72.62,27.38
2018-07-11,60.71,69.05,73.81,33.33
2018-07-12,76.19,77.38,77.38,51.19
2018-07-13,78.57,77.38,77.38,64.29
2018-07-16,75.0,71.43,75.0,70.24
2018-07-17,84.52,78.57,78.57,75.0
2018-07-18,84.52,79.76,79.76,88.1
2018-07-19,82.14,73.81,78.57,89.29
2018-07-20,80.95,72.62,76.19,85.71
2018-07-23,76.19,71.43,73.81,85.71
2018-07-24,67.86,69.05,72.62,82.14
2018-07-25,71.43,72.62,75.0,78.57
2018-07-26,79.76,76.19,77.38,76.19
2018-07-27,57.14,67.86,75.0,76.19
2018-07-30,40.48,51.19,73.81,71.43
2018-07-31,40.48,54.76,75.0,66.67
2018-08-01,42.86,55.95,73.81,57.14
2018-08-02,53.57,64.29,79.76,48.81
2018-08-03,54.76,65.48,79.76,52.38
2018-08-06,67.86,72.62,82.14,52.38
2018-08-07,70.24,79.76,83.33,53.57
2018-08-08,67.86,75.0,83.33,50.0
2018-08-09,69.05,77.38,80.95,51.19
2018-08-10,60.71,71.43,73.81,48.81
2018-08-13,53.57,70.24,73.81,51.19
2018-08-14,63.1,71.43,76.19,53.57
2018-08-15,47.62,63.1,70.24,60.71
2018-08-16,52.38,64.29,73.81,57.14
2018-08-17,52.38,59.52,71.43,55.95
2018-08-20,54.76,59.52,72.62,57.14
2018-08-21,58.33,65.48,73.81,57.14
2018-08-22,63.53,67.86,77.38,57.65
2018-08-23,63.53,66.67,73.81,55.29
2018-08-24,67.06,70.24,77.38,58.82
2018-08-27,77.65,77.38,78.57,60.0
2018-08-28,83.53,75.0,79.76,61.18
2018-08-29,87.06,76.19,79.76,65.88
2018-08-30,78.82,73.81,78.57,70.59
2018-08-31,78.82,73.81,79.76,71.76
2018-09-04,75.29,70.24,77.38,76.47
2018-09-05,62.35,70.24,72.62,76.47
2018-09-06,65.88,66.67,69.05,80.0
2018-09-07,60.0,64.29,69.05,80.0
2018-09-10,61.18,66.67,69.05,80.0
2018-09-11,63.53,65.48,69.05,74.12
2018-09-12,58.82,67.86,67.86,71.76
2018-09-13,62.35,66.67,66.67,68.24
2018-09-14,63.53,66.67,67.86,63.53
2018-09-17,44.71,61.9,67.86,60.0
2018-09-18,48.24,64.29,69.05,56.47
2018-09-19,44.71,60.71,70.24,51.76
2018-09-20,55.29,63.1,75.0,49.41
2018-09-21,49.41,65.48,76.19,47.06
2018-09-24,45.88,59.52,73.81,45.88
2018-09-25,44.71,59.52,70.24,47.06
2018-09-26,43.53,57.14,69.05,48.24
2018-09-27,49.41,59.52,71.43,47.06
2018-09-28,51.76,58.33,71.43,45.88
2018-10-01,52.94,55.95,69.05,50.59
2018-10-02,48.24,54.76,66.67,52.94
2018-10-03,47.06,53.57,67.86,55.29
2018-10-04,25.88,44.71,67.86,51.76
2018-10-05,20.0,40.0,63.1,51.76
2018-10-08,23.53,36.47,63.1,45.88
2018-10-09,22.35,36.47,61.9,40.0
2018-10-10,5.88,14.12,47.62,28.24
2018-10-11,0.0,4.71,38.1,17.65
2018-10-12,2.35,12.94,44.05,14.12
2018-10-15,5.88,10.59,44.05,11.76
2018-10-16,24.71,30.59,53.57,7.06
2018-10-17,22.35,28.24,52.38,8.24
2018-10-18,14.12,20.0,47.62,9.41
2018-10-19,17.65,20.0,48.81,9.41
2018-10-22,18.82,15.29,42.86,10.59
2018-10-23,21.18,18.82,46.43,10.59
2018-10-24,12.94,12.94,35.71,9.41
2018-10-25,16.47,15.29,40.48,14.12
2018-10-26,16.47,12.94,39.29,18.82
2018-10-29,15.29,15.29,34.52,21.18
2018-10-30,22.35,17.65,40.48,20.0
2018-10-31,45.88,20.0,41.67,20.0
2018-11-01,62.35,23.53,48.81,20.0
2018-11-02,56.47,18.82,47.62,22.35
2018-11-05,60.0,23.53,47.62,30.59
2018-11-06,70.59,25.88,48.81,36.47
2018-11-07,80.0,44.71,53.57,41.18
2018-11-08,77.65,47.06,53.57,47.06
2018-11-09,65.88,36.47,50.0,56.47
2018-11-12,42.35,23.53,41.67,70.59
2018-11-13,48.24,25.88,40.48,71.76
2018-11-14,49.41,24.71,38.1,70.59
2018-11-15,65.88,36.47,44.05,70.59
2018-11-16,64.71,37.65,46.43,72.94
2018-11-19,43.53,22.35,38.1,72.94
2018-11-20,30.59,22.35,29.76,70.59
2018-11-21,37.65,24.71,35.71,57.65
2018-11-23,34.12,25.88,33.33,47.06
2018-11-26,49.41,28.24,39.29,37.65
2018-11-27,50.59,35.29,40.48,37.65
2018-11-28,74.12,52.94,48.81,37.65
2018-11-29,69.41,54.12,48.81,38.82
2018-11-30,74.12,63.53,52.38,38.82
2018-12-03,84.71,71.76,55.95,40.0
2018-12-04,45.88,40.0,46.43,45.88
2018-12-06,51.76,43.53,46.43,56.47
2018-12-07,18.82,22.35,38.1,63.53
2018-12-10,29.41,27.06,45.24,68.24
2018-12-11,37.65,30.59,44.05,70.59
2018-12-12,47.06,40.0,46.43,68.24
2018-12-13,43.53,35.29,42.86,57.65
2018-12-14,22.35,22.35,32.14,54.12
2018-12-17,10.59,17.65,23.81,38.82
2018-12-18,10.59,18.82,26.19,29.41
2018-12-19,4.71,11.76,21.43,18.82
2018-12-20,2.35,8.24,17.86,15.29
2018-12-21,1.18,7.06,13.1,12.94
2018-12-24,0.0,3.53,9.52,4.71
2018-12-26,4.71,5.88,14.29,2.35
2018-12-27,10.59,10.59,20.24,1.18
2018-12-28,9.41,9.41,20.24,1.18
2018-12-31,18.82,14.12,22.62,1.18
2019-01-02,32.94,12.94,20.24,1.18
2019-01-03,11.76,7.06,14.29,2.35
2019-01-04,47.06,21.18,23.81,2.35
2019-01-07,69.41,34.12,28.57,5.88
2019-01-08,80.0,37.65,33.33,23.53
2019-01-09,88.24,52.94,34.52,45.88
2019-01-10,91.76,65.88,36.9,68.24
2019-01-11,91.76,67.06,38.1,81.18
2019-01-14,90.59,47.06,32.14,88.24
2019-01-15,95.29,62.35,38.1,88.24
2019-01-16,94.12,55.29,36.9,91.76
2019-01-17,96.47,68.24,40.48,92.94
2019-01-18,96.47,76.47,46.43,96.47
2019-01-22,90.59,70.59,40.48,97.65
2019-01-23,94.12,71.76,42.86,97.65
2019-01-24,92.94,81.18,42.86,96.47
2019-01-25,92.94,81.18,47.62,96.47
2019-01-28,84.71,77.65,45.24,95.29
2019-01-29,78.82,75.29,40.48,94.12
2019-01-30,87.06,85.88,51.19,94.12
2019-01-31,90.59,90.59,52.38,91.76
2019-02-01,85.88,89.41,54.76,90.59
2019-02-04,92.94,95.29,61.9,87.06
2019-02-05,89.41,95.29,66.67,87.06
2019-02-06,85.88,92.94,67.86,83.53
2019-02-07,78.82,89.41,63.1,82.35
2019-02-08,78.82,89.41,61.9,81.18
2019-02-11,82.35,90.59,61.9,82.35
2019-02-12,89.41,92.94,67.86,83.53
2019-02-13,88.24,94.12,69.05,85.88
2019-02-14,89.41,94.12,67.86,85.88
2019-02-15,92.94,95.29,67.86,88.24
2019-02-19,92.94,92.94,70.24,89.41
2019-02-20,89.41,92.94,70.24,88.24
2019-02-21,84.71,92.94,70.24,87.06
2019-02-22,88.24,92.94,70.24,87.06
2019-02-25,91.76,94.12,71.43,88.24
2019-02-26,88.24,94.12,71.43,89.41
2019-02-27,84.71,94.12,71.43,88.24
2019-02-28,82.35,92.94,71.43,84.71
2019-03-01,84.71,92.94,73.81,84.71
2019-03-04,72.94,92.94,76.19,87.06
2019-03-05,74.12,92.94,75.0,84.71
2019-03-06,52.94,89.41,75.0,83.53
2019-03-07,42.35,89.41,72.62,83.53
2019-03-08,38.82,83.53,70.24,75.29
2019-03-11,57.65,89.41,75.0,62.35
2019-03-12,61.18,89.41,73.81,52.94
2019-03-13,70.59,88.24,73.81,52.94
2019-03-14,70.59,88.24,71.43,54.12
2019-03-15,69.41,88.24,77.38,47.06
2019-03-18,77.65,88.24,78.57,51.76
2019-03-19,82.35,89.41,77.38,52.94
2019-03-20,72.94,87.06,76.19,61.18
2019-03-21,88.24,88.24,82.14,70.59
2019-03-22,62.35,83.53,75.0,77.65
2019-03-25,62.35,83.53,71.43,77.65
2019-03-26,74.12,85.88,76.19,80.0
2019-03-27,60.0,78.82,72.62,82.35
2019-03-28,58.82,77.65,75.0,83.53
2019-03-29,77.65,82.35,78.57,83.53
2019-04-01,91.76,88.24,80.95,82.35
2019-04-02,87.06,89.41,80.95,82.35
2019-04-03,89.41,88.24,82.14,84.71
2019-04-04,75.29,85.88,82.14,74.12
2019-04-05,82.35,90.59,85.71,74.12
2019-04-08,78.82,91.76,85.71,78.82
2019-04-09,81.18,91.76,83.33,76.47
2019-04-10,87.06,92.94,83.33,81.18
2019-04-11,81.18,90.59,83.33,82.35
2019-04-12,82.35,88.24,82.14,82.35
2019-04-15,82.35,87.06,82.14,81.18
2019-04-16,76.47,85.88,85.71,82.35
2019-04-17,74.12,81.18,80.95,80.0
2019-04-18,74.12,81.18,82.14,81.18
2019-04-22,76.47,82.35,82.14,77.65
2019-04-23,80.0,87.06,85.71,77.65
2019-04-24,82.35,85.88,84.52,80.0
2019-04-25,82.35,87.06,85.71,78.82
2019-04-26,76.47,85.88,84.52,75.29
2019-04-29,72.94,83.53,84.52,76.47
2019-04-30,71.76,85.88,85.71,78.82
2019-05-01,64.71,78.82,83.33,78.82
2019-05-02,67.06,80.0,83.33,77.65
2019-05-03,71.76,80.0,83.33,75.29
2019-05-06,58.82,76.47,83.33,74.12
2019-05-07,43.53,64.71,80.95,67.06
2019-05-08,38.82,68.24,79.76,62.35
2019-05-09,35.29,57.65,79.76,55.29
2019-05-10,44.71,62.35,79.76,51.76
2019-05-13,23.53,44.71,69.41,44.71
2019-05-14,29.41,56.47,71.76,41.18
2019-05-15,37.65,56.47,74.12,38.82
2019-05-16,43.53,60.0,72.94,35.29
2019-05-17,41.18,56.47,74.12,30.59
2019-05-20,30.59,47.06,69.41,28.24
2019-05-21,35.29,50.59,76.47,28.24
2019-05-22,40.0,45.88,72.94,28.24
2019-05-23,29.41,41.18,69.41,27.06
2019-05-24,32.94,38.82,63.53,29.41
2019-05-28,27.06,36.47,62.35,32.94
2019-05-29,16.47,31.76,62.35,31.76
2019-05-30,24.71,34.12,63.53,34.12
2019-05-31,15.29,30.59,61.18,31.76
2019-06-03,18.82,28.24,58.82,31.76
2019-06-04,40.0,32.94,65.88,31.76
2019-06-05,54.12,40.0,67.06,28.24
2019-06-06,62.35,48.24,68.24,27.06
2019-06-07,72.94,50.59,69.41,32.94
2019-06-10,80.0,55.29,72.94,35.29
2019-06-11,81.18,58.82,71.76,44.71
2019-06-12,76.47,54.12,72.94,57.65
2019-06-13,78.82,54.12,71.76,65.88
2019-06-14,71.76,50.59,71.76,70.59
2019-06-17,74.12,56.47,72.94,82.35
2019-06-18,89.41,67.06,77.65,85.88
2019-06-19,98.82,64.71,78.82,90.59
2019-06-20,98.82,76.47,81.18,95.29
2019-06-21,94.12,75.29,82.35,97.65
2019-06-24,92.94,71.76,80.0,97.65
2019-06-25,80.0,64.71,78.82,96.47
2019-06-26,72.94,68.24,76.47,94.12
2019-06-27,76.47,72.94,80.0,92.94
2019-06-28,75.29,75.29,83.53,88.24
2019-07-01,85.88,84.71,84.71,88.24
2019-07-02,87.06,84.71,84.71,88.24
2019-07-03,90.59,87.06,85.88,84.71
2019-07-05,90.59,87.06,88.24,77.65
2019-07-08,76.47,81.18,81.18,72.94
2019-07-09,76.47,83.53,87.06,69.41
2019-07-10,79.07,85.88,89.41,67.44
2019-07-11,75.58,82.35,88.24,76.74
2019-07-12,82.56,88.24,88.24,81.4
2019-07-15,82.56,90.59,88.24,81.4
2019-07-16,73.26,89.41,85.88,80.23
2019-07-17,68.6,83.53,85.88,77.91
2019-07-18,72.09,84.71,85.88,76.74
2019-07-19,67.44,81.18,84.71,74.42
2019-07-22,72.09,80.0,84.71,75.58
2019-07-23,73.26,84.71,84.71,76.74
2019-07-24,75.58,87.06,85.88,76.74
2019-07-25,65.12,81.18,84.71,74.42
2019-07-26,67.44,87.06,85.88,72.09
2019-07-29,63.95,83.53,85.88,66.28
2019-07-30,58.14,81.18,85.88,63.95
2019-07-31,44.19,70.59,87.06,59.3
2019-08-01,34.88,64.71,84.71,56.98
2019-08-02,29.07,56.47,82.35,58.14
2019-08-05,10.47,31.76,72.94,50.0
2019-08-06,18.6,41.18,76.47,43.02
2019-08-07,20.93,44.71,76.47,32.56
2019-08-08,39.53,67.06,82.35,31.4
2019-08-09,33.72,55.29,82.35,27.91
2019-08-12,23.26,45.88,81.18,23.26
2019-08-13,44.19,58.82,83.53,17.44
2019-08-14,17.44,34.12,76.47,17.44
2019-08-15,19.77,37.65,77.65,16.28
2019-08-16,33.72,48.24,78.82,17.44
2019-08-19,50.0,56.47,81.18,23.26
2019-08-20,43.02,52.94,80.0,26.74
2019-08-21,58.14,58.14,81.18,34.88
2019-08-22,55.81,58.14,80.0,36.05
2019-08-23,23.26,34.88,74.12,38.37
2019-08-26,38.37,44.19,77.65,47.67
2019-08-27,38.37,41.86,76.47,48.84
2019-08-28,45.35,46.51,76.47,55.81
2019-08-29,68.6,55.81,77.65,62.79
2019-08-30,72.09,56.98,76.47,60.47
2019-09-03,50.0,51.16,75.29,53.49
2019-09-04,68.6,56.98,76.47,54.65
2019-09-05,84.88,67.44,83.53,52.33
2019-09-06,81.4,67.44,83.53,59.3
2019-09-09,66.28,59.3,82.35,72.09
2019-09-10,65.12,56.98,82.35,70.93
2019-09-11,67.44,56.98,83.53,81.4
2019-09-12,69.77,61.63,84.71,80.23
2019-09-13,68.6,56.98,83.53,75.58
2019-09-16,67.44,59.3,83.53,75.58
2019-09-17,76.74,63.95,82.35,76.74
2019-09-18,70.93,61.63,82.35,75.58
2019-09-19,68.6,61.63,82.35,70.93
2019-09-20,61.63,60.47,83.53,67.44
2019-09-23,63.95,59.3,81.18,69.77
2019-09-24,32.56,48.84,80.0,68.6
2019-09-25,48.84,55.81,78.82,65.12
2019-09-26,46.51,56.98,77.65,56.98
2019-09-27,29.07,52.33,75.29,52.33
2019-09-30,33.72,53.49,75.29,47.67
2019-10-01,20.93,44.19,72.94,32.56
2019-10-02,4.65,27.91,64.71,24.42
2019-10-03,12.79,37.21,68.24,23.26
2019-10-04,37.21,52.33,74.12,22.09
2019-10-07,33.72,48.84,72.94,20.93
2019-10-08,9.3,26.74,62.35,20.93
2019-10-09,27.91,41.86,64.71,18.6
2019-10-10,41.86,50.0,65.88,17.44
2019-10-11,62.79,61.63,71.76,23.26
2019-10-14,66.28,61.63,71.76,29.07
2019-10-15,76.74,67.44,75.29,32.56
2019-10-16,67.82,60.47,74.12,48.28
2019-10-17,71.26,65.12,74.12,62.07
2019-10-18,60.92,59.3,74.12,64.37
2019-10-21,71.26,65.12,74.12,66.67
2019-10-22,63.22,59.3,75.29,70.11
2019-10-23,59.77,55.81,72.94,73.56
2019-10-24,74.71,62.79,75.29,74.71
2019-10-25,75.86,65.12,77.65,77.01
2019-10-28,75.86,67.44,77.65,75.86
2019-10-29,71.26,63.95,74.12,75.86
2019-10-30,77.01,70.93,80.0,75.86
2019-10-31,66.67,65.12,76.47,72.41
2019-11-01,74.71,72.09,77.65,70.11
2019-11-04,72.41,69.77,77.65,67.82
2019-11-05,70.11,67.44,76.47,66.67
2019-11-06,63.22,67.44,77.65,67.82
2019-11-07,64.37,65.12,77.65,67.82
2019-11-08,72.41,72.09,80.0,70.11
2019-11-11,68.97,67.44,80.0,68.97
2019-11-12,66.67,66.28,82.35,68.97
2019-11-13,70.11,68.6,82.35,70.11
2019-11-14,75.86,69.77,81.18,71.26
2019-11-15,75.86,76.74,82.35,73.56
2019-11-18,78.16,72.09,81.18,67.82
2019-11-19,75.86,72.09,82.35,70.11
2019-11-20,70.11,70.93,81.18,74.71
2019-11-21,57.47,68.6,80.0,74.71
2019-11-22,50.57,66.28,83.53,74.71
2019-11-25,66.67,76.74,82.35,72.41
2019-11-26,72.41,77.91,84.71,71.26
2019-11-27,77.01,78.16,87.06,71.26
2019-11-29,67.82,78.16,85.88,70.11
2019-12-02,49.43,73.56,84.71,63.22
2019-12-03,41.38,62.07,81.18,58.62
2019-12-04,50.57,70.11,82.35,57.47
2019-12-05,50.57,71.26,81.18,58.62
2019-12-06,63.22,77.01,83.53,65.52
2019-12-09,49.43,72.41,80.0,65.52
2019-12-10,57.47,71.26,78.82,57.47
2019-12-11,64.37,78.16,80.0,54.02
2019-12-12,67.82,79.31,82.35,54.02
2019-12-13,70.11,79.31,85.88,58.62
2019-12-16,78.16,86.21,88.24,59.77
2019-12-17,77.01,87.36,87.06,66.67
2019-12-18,68.97,87.36,87.06,68.97
2019-12-19,79.31,85.06,88.24,68.97
2019-12-20,88.51,89.66,91.76,72.41
2019-12-23,81.61,89.66,92.94,73.56
2019-12-24,86.21,91.95,92.94,77.01
2019-12-26,85.06,91.95,94.12,83.91
2019-12-27,88.51,91.95,94.12,83.91
2019-12-30,79.31,88.51,87.06,85.06
2019-12-31,81.61,86.21,89.41,86.21
2020-01-02,82.76,89.66,92.94,87.36
2020-01-03,74.71,87.36,92.94,87.36
2020-01-06,71.26,87.36,92.94,88.51
2020-01-07,72.41,83.91,92.94,86.21
2020-01-08,77.01,89.66,92.94,85.06
2020-01-09,78.16,89.66,92.94,82.76
2020-01-10,72.41,87.36,90.59,78.16
2020-01-13,81.61,91.95,91.76,77.01
2020-01-14,86.21,90.8,91.76,75.86
2020-01-15,85.06,89.66,90.59,75.86
2020-01-16,88.51,93.1,91.76,74.71
2020-01-17,88.51,93.1,92.94,78.16
2020-01-21,83.91,88.51,91.76,79.31
2020-01-22,78.16,87.36,91.76,81.61
2020-01-23,79.31,86.21,91.76,82.76
2020-01-24,68.97,80.46,91.76,80.46
2020-01-27,47.13,67.82,89.41,78.16
2020-01-28,59.77,74.71,94.12,78.16
2020-01-29,54.02,71.26,90.59,74.71
2020-01-30,56.32,71.26,90.59,74.71
2020-01-31,34.48,56.32,84.71,68.97
2020-02-03,44.83,64.37,87.06,60.92
2020-02-04,66.67,78.16,92.94,57.47
2020-02-05,77.01,80.46,95.29,56.32
2020-02-06,79.31,80.46,92.94,52.87
2020-02-07,64.37,77.01,89.41,51.72
2020-02-10,73.56,79.31,90.59,58.62
2020-02-11,78.16,83.91,91.76,60.92
2020-02-12,83.91,86.21,92.94,67.82
2020-02-13,86.21,86.21,94.12,66.67
2020-02-14,85.06,86.21,94.12,74.71
2020-02-18,81.61,80.46,92.94,85.06
2020-02-19,87.36,83.91,94.12,87.36
2020-02-20,78.16,81.61,94.12,87.36
2020-02-21,56.32,73.56,89.41,87.36
2020-02-24,19.54,45.98,81.18,80.46
2020-02-25,9.2,31.03,70.59,72.41
2020-02-26,9.2,29.89,67.06,63.22
2020-02-27,6.9,11.49,52.94,39.08
2020-02-28,6.9,12.64,48.24,20.69
2020-03-02,10.34,24.14,65.88,12.64
2020-03-03,5.75,12.64,56.47,10.34
2020-03-04,21.84,35.63,68.24,8.05
2020-03-05,13.79,21.84,58.82,4.6
2020-03-06,10.34,17.24,57.65,4.6
2020-03-09,6.9,6.9,29.41,4.6
2020-03-10,8.05,11.49,43.53,6.9
2020-03-11,4.6,5.75,27.06,5.75
2020-03-12,0.0,2.3,12.94,4.6
2020-03-13,4.6,3.45,31.76,4.6
2020-03-16,0.0,2.3,9.41,3.45
2020-03-17,6.9,4.6,21.18,4.6
2020-03-18,4.6,4.6,10.59,4.6
2020-03-19,4.6,3.45,17.65,4.6
2020-03-20,0.0,2.3,11.76,2.3
2020-03-23,3.45,3.45,16.47,1.15
2020-03-24,22.99,5.75,23.53,0.0
2020-03-25,18.39,4.6,21.18,0.0
2020-03-26,43.68,11.49,29.07,1.15
2020-03-27,26.44,5.75,22.09,0.0
2020-03-30,57.47,12.64,27.91,4.6
2020-03-31,52.87,10.34,25.58,9.2
2020-04-01,27.59,6.9,20.93,19.54
2020-04-02,45.98,11.49,19.77,28.74
2020-04-03,44.83,10.34,19.77,50.57
2020-04-06,91.95,26.44,31.4,68.97
2020-04-07,95.4,20.69,31.4,85.06
2020-04-08,100.0,33.33,37.21,93.1
2020-04-09,98.85,33.33,36.05,93.1
2020-04-13,100.0,33.33,37.21,97.7
2020-04-14,100.0,56.32,47.67,97.7
2020-04-15,98.85,47.13,46.51,98.85
2020-04-16,100.0,52.87,48.84,98.85
2020-04-17,100.0,68.97,51.16,100.0
2020-04-20,95.4,55.17,50.0,100.0
2020-04-21,81.61,35.63,40.7,100.0
2020-04-22,88.51,60.92,47.67,100.0
2020-04-23,82.76,60.92,47.67,98.85
2020-04-24,91.95,68.97,48.84,97.7
2020-04-27,96.55,72.41,48.84,97.7
2020-04-28,93.1,74.71,46.51,95.4
2020-04-29,93.1,94.25,55.81,95.4
2020-04-30,83.91,86.21,50.0,93.1
2020-05-01,56.32,72.41,45.35,88.51
2020-05-04,62.07,74.71,45.35,77.01
2020-05-05,67.82,79.31,45.35,75.86
2020-05-06,67.82,78.16,50.0,75.86
2020-05-07,74.71,86.21,52.33,75.86
2020-05-08,85.06,90.8,56.98,72.41
2020-05-11,85.06,87.36,56.98,73.56
2020-05-12,63.22,82.76,52.33,75.86
2020-05-13,51.72,75.86,51.16,65.52
2020-05-14,62.07,80.46,55.81,63.22
2020-05-15,52.87,78.16,52.33,64.37
2020-05-18,85.06,93.1,55.81,70.11
2020-05-19,77.01,89.66,55.81,67.82
2020-05-20,85.06,91.95,63.95,73.56
2020-05-21,80.46,89.66,58.14,72.41
2020-05-22,80.46,89.66,59.3,74.71
2020-05-26,80.46,94.25,65.12,74.71
2020-05-27,86.21,95.4,69.77,78.16
2020-05-28,87.36,97.7,69.77,83.91
2020-05-29,89.66,97.7,70.93,89.66
2020-06-01,89.66,97.7,69.77,89.66
2020-06-02,89.66,96.55,73.26,89.66
2020-06-03,89.66,97.7,75.58,89.66
2020-06-04,83.91,96.55,75.58,86.21
2020-06-05,88.51,95.4,82.56,86.21
2020-06-08,88.51,94.25,84.88,86.21
2020-06-09,90.8,96.55,76.74,87.36
2020-06-10,93.1,95.4,76.74,88.51
2020-06-11,41.38,80.46,69.77,87.36
2020-06-12,49.43,83.91,67.44,87.36
2020-06-15,59.77,82.76,70.93,83.91
2020-06-16,74.71,88.51,75.58,86.21
2020-06-17,66.67,88.51,73.26,80.46
2020-06-18,70.11,88.51,74.42,83.91
2020-06-19,62.07,87.36,73.26,72.41
2020-06-22,71.26,83.91,73.26,66.67
2020-06-23,62.07,83.91,75.58,57.47
2020-06-24,40.23,73.56,70.93,47.13
2020-06-25,48.28,74.71,72.09,47.13
2020-06-26,39.08,66.67,66.28,45.98
2020-06-29,44.83,74.71,72.09,47.13
2020-06-30,62.07,80.46,74.42,47.13
2020-07-01,59.77,81.61,74.42,50.57
2020-07-02,67.82,82.76,73.26,50.57
2020-07-06,81.61,85.06,74.71,57.47
2020-07-07,73.56,85.06,74.71,62.07
2020-07-08,81.61,85.06,75.86,65.52
2020-07-09,74.71,78.16,73.56,68.97
2020-07-10,79.31,83.91,75.86,68.97
2020-07-13,62.07,82.76,75.86,74.71
2020-07-14,73.56,85.06,77.01,81.61
2020-07-15,79.31,93.1,79.31,85.06
2020-07-16,71.26,88.51,80.46,87.36
2020-07-17,75.86,87.36,81.61,86.21
2020-07-20,85.06,89.66,80.46,86.21
2020-07-21,87.36,90.8,80.46,87.36
2020-07-22,83.91,90.8,81.61,85.06
2020-07-23,64.37,87.36,80.46,78.16
2020-07-24,50.57,74.71,78.16,73.56
2020-07-27,64.37,81.61,78.16,71.26
2020-07-28,45.98,74.71,78.16,65.52
2020-07-29,67.82,81.61,78.16,65.52
2020-07-30,57.47,78.16,78.16,66.67
2020-07-31,64.37,77.01,77.01,66.67
2020-08-03,70.11,78.16,78.16,62.07
2020-08-04,75.86,80.46,78.16,60.92
2020-08-05,72.41,82.76,78.16,64.37
2020-08-06,72.41,77.01,78.16,64.37
2020-08-07,67.82,73.56,78.16,66.67
2020-08-10,63.22,75.86,79.31,67.82
2020-08-11,55.17,70.11,80.46,65.52
2020-08-12,68.97,78.16,81.61,70.11
2020-08-13,72.41,74.71,79.31,71.26
2020-08-14,64.37,73.56,79.31,67.82
2020-08-17,73.56,78.16,79.31,68.97
2020-08-18,77.01,77.01,79.31,65.52
2020-08-19,71.26,78.16,78.16,68.97
2020-08-20,66.67,73.56,78.16,70.11
2020-08-21,57.47,68.97,79.31,71.26
2020-08-24,63.22,75.86,79.31,70.11
2020-08-25,73.56,75.86,80.46,71.26
2020-08-26,73.56,80.46,80.46,68.97
2020-08-27,68.97,74.71,81.61,65.52
2020-08-28,68.97,77.01,81.61,67.82
2020-08-31,68.97,74.71,81.61,68.97
2020-09-01,71.26,74.71,81.61,72.41
2020-09-02,86.21,82.76,81.61,71.26
2020-09-03,58.62,68.97,80.46,72.41
2020-09-04,48.28,64.37,79.31,73.56
2020-09-08,18.39,44.83,75.86,72.41
2020-09-09,37.93,54.02,75.86,66.67
2020-09-10,14.94,47.13,73.56,58.62
2020-09-11,17.24,43.68,74.71,59.77
2020-09-14,39.08,49.43,79.31,47.13
2020-09-15,44.83,50.57,79.31,39.08
2020-09-16,34.48,50.57,81.61,35.63
2020-09-17,31.03,43.68,78.16,24.14
2020-09-18,25.29,35.63,78.16,21.84
2020-09-21,11.49,31.03,74.71,22.99
2020-09-22,20.69,39.08,75.86,20.69
2020-09-23,11.49,26.44,74.71,20.69
2020-09-24,16.09,25.29,75.86,19.54
2020-09-25,29.89,35.63,75.86,19.54
2020-09-28,59.77,51.72,79.31,22.99
2020-09-29,58.62,49.43,78.16,22.99
2020-09-30,70.11,50.57,78.16,27.59
2020-10-01,74.71,63.22,80.46,45.98
2020-10-02,56.32,47.13,79.31,55.17
2020-10-05,78.16,62.07,81.61,64.37
2020-10-06,64.37,51.72,81.61,67.82
2020-10-07,79.31,64.37,85.06,72.41
2020-10-08,83.91,66.67,86.21,75.86
2020-10-09,88.51,79.31,87.36,80.46
2020-10-12,95.4,88.51,88.51,81.61
2020-10-13,91.95,86.21,88.51,85.06
2020-10-14,89.66,83.91,88.51,88.51
2020-10-15,87.36,78.16,86.21,87.36
2020-10-16,86.21,80.46,85.06,91.95
2020-10-19,75.86,70.11,82.76,90.8
2020-10-20,73.56,71.26,82.76,91.95
2020-10-21,62.07,70.11,83.91,89.66
2020-10-22,59.77,71.26,86.21,86.21
2020-10-23,57.47,73.56,86.21,85.06
2020-10-26,36.78,59.77,81.61,78.16
2020-10-27,31.82,58.62,81.61,67.05
2020-10-28,9.09,28.74,73.56,52.27
2020-10-29,19.32,40.23,74.71,36.36
2020-10-30,11.36,31.03,72.41,28.41
2020-11-02,18.18,39.08,78.16,25.0
2020-11-03,35.23,45.98,81.61,21.59
2020-11-04,59.09,63.22,85.06,20.45
2020-11-05,81.82,82.76,87.36,19.32
2020-11-06,80.68,81.61,86.21,22.73
2020-11-09,72.73,72.41,85.06,37.5
2020-11-10,63.64,71.26,88.51,43.18
2020-11-11,77.27,80.46,87.36,56.82
2020-11-12,75.0,78.16,87.36,64.77
2020-11-13,79.55,79.31,89.66,77.27
2020-11-16,77.27,80.46,91.95,87.5
2020-11-17,77.27,80.46,88.51,90.91
2020-11-18,72.73,77.01,86.21,88.64
2020-11-19,75.0,79.31,87.36,87.5
2020-11-20,72.73,74.71,87.36,81.82
2020-11-23,73.86,73.56,88.51,78.41
2020-11-24,76.14,75.86,89.66,80.68
2020-11-25,75.0,79.31,90.8,78.41
2020-11-27,87.5,81.61,91.95,76.14
2020-11-30,86.36,82.76,91.95,75.0
2020-12-01,87.5,85.06,91.95,73.86
2020-12-02,85.23,86.21,91.95,70.45
2020-12-03,80.68,83.91,91.95,73.86
2020-12-04,84.09,86.21,89.66,78.41
2020-12-07,82.95,85.06,90.8,81.82
2020-12-08,85.23,86.21,89.66,85.23
2020-12-09,73.86,76.14,89.66,86.36
2020-12-10,65.91,75.0,89.66,84.09
2020-12-11,69.32,78.41,89.66,84.09
2020-12-14,67.05,80.68,89.66,85.23
2020-12-15,79.55,84.09,91.95,84.09
2020-12-16,77.27,86.36,90.8,84.09
2020-12-17,81.82,86.36,93.1,82.95
2020-12-18,77.27,85.23,90.8,79.55
2020-12-21,70.45,81.82,90.8,75.0
2020-12-22,60.67,82.95,90.8,70.79
2020-12-23,58.43,82.95,90.8,73.03
2020-12-24,62.92,82.95,90.8,70.79
2020-12-28,66.29,86.36,89.66,67.42
2020-12-29,58.43,85.23,89.66,65.17
2020-12-30,64.04,87.5,89.66,62.92
2020-12-31,74.16,88.64,90.8,61.8
2021-01-04,51.69,78.41,89.66,61.8
2021-01-05,57.3,85.23,89.66,56.18
2021-01-06,60.67,79.55,90.8,55.06
2021-01-07,71.11,87.5,91.95,63.33
2021-01-08,81.32,89.77,93.1,71.43
2021-01-11,72.53,81.82,91.95,70.33
2021-01-12,62.64,78.41,91.95,70.33
2021-01-13,65.93,80.68,93.1,69.23
2021-01-14,58.24,72.73,90.8,69.23
2021-01-15,50.55,69.32,91.95,63.74
2021-01-19,57.14,72.73,91.95,63.74
2021-01-20,72.53,80.68,91.95,63.74
2021-01-21,69.23,79.55,91.95,67.03
2021-01-22,65.93,72.73,91.95,64.84
2021-01-25,65.93,75.0,93.1,60.44
2021-01-26,63.74,72.73,91.95,62.64
2021-01-27,27.47,50.0,90.8,60.44
2021-01-28,39.56,63.64,90.8,59.34
2021-01-29,25.27,50.0,88.51,58.24
2021-02-01,49.45,62.5,89.66,57.14
2021-02-02,64.84,69.32,91.95,56.04
2021-02-03,52.75,64.77,89.66,49.45
2021-02-04,65.93,70.45,91.95,49.45
2021-02-05,70.33,75.28,93.1,41.76
2021-02-08,79.12,75.28,94.25,45.05
2021-02-09,74.73,73.03,90.8,48.35
2021-02-10,69.23,77.53,90.8,58.24
2021-02-11,72.53,70.79,88.51,59.34
2021-02-12,73.63,76.4,87.36,70.33
2021-02-16,70.33,73.03,87.36,72.53
2021-02-17,65.93,67.42,88.51,74.73
2021-02-18,65.93,71.91,89.66,80.22
2021-02-19,61.54,66.29,88.51,80.22
2021-02-22,49.45,56.67,88.51,76.92
2021-02-23,39.56,57.14,86.21,73.63
2021-02-24,52.75,59.34,86.21,73.63
2021-02-25,27.47,48.35,80.46,67.03
2021-02-26,30.77,48.35,81.61,57.14
2021-03-01,47.25,59.34,85.06,50.55
2021-03-02,34.07,51.65,83.91,42.86
2021-03-03,21.98,37.36,79.31,32.97
2021-03-04,10.99,24.18,73.56,28.57
2021-03-05,28.57,36.26,79.31,26.37
2021-03-08,30.77,35.16,65.52,25.27
2021-03-09,40.66,43.96,77.01,25.27
2021-03-10,40.66,42.86,78.16,23.08
2021-03-11,54.95,47.25,82.76,29.67
2021-03-12,48.35,47.25,81.61,30.77
2021-03-15,57.14,51.65,82.76,32.97
2021-03-16,59.34,57.14,86.21,36.26
2021-03-17,67.03,57.14,85.06,43.96
2021-03-18,39.56,46.15,78.16,49.45
2021-03-19,47.25,46.15,80.46,52.75
2021-03-22,62.64,53.85,83.91,62.64
2021-03-23,48.35,45.05,82.76,64.84
2021-03-24,32.97,42.86,79.31,70.33
2021-03-25,37.36,46.15,75.86,62.64
2021-03-26,60.44,56.04,86.21,63.74
2021-03-29,58.24,54.95,86.21,61.54
2021-03-30,53.85,50.55,83.91,58.24
2021-03-31,74.73,57.14,86.21,52.75
2021-04-01,82.42,69.23,90.8,54.95
2021-04-05,85.71,71.43,94.25,58.24
2021-04-06,86.81,71.43,93.1,59.34
2021-04-07,80.22,72.53,93.1,62.64
2021-04-08,83.52,76.92,93.1,70.33
2021-04-09,84.62,75.82,93.1,75.82
2021-04-12,83.52,75.82,91.95,81.32
2021-04-13,85.71,84.62,93.1,86.81
2021-04-14,83.52,79.12,93.1,90.11
2021-04-15,85.71,84.62,95.4,92.31
2021-04-16,85.71,81.32,95.4,93.41
2021-04-19,70.33,73.63,94.25,92.31
2021-04-20,61.54,65.93,94.25,91.21
2021-04-21,73.63,76.92,93.1,90.11
2021-04-22,59.34,69.23,91.95,83.52
2021-04-23,70.33,78.02,91.95,73.63
2021-04-26,76.92,83.52,93.1,72.53
2021-04-27,68.13,81.32,93.1,64.84
2021-04-28,58.24,79.12,91.95,64.84
2021-04-29,60.44,78.02,89.66,62.64
2021-04-30,41.76,70.33,88.51,56.04
2021-05-03,43.96,67.03,89.66,53.85
2021-05-04,31.87,54.95,89.66,51.65
2021-05-05,31.87,56.04,89.66,47.25
2021-05-06,41.76,60.44,88.51,45.05
2021-05-07,46.15,63.74,88.51,39.56
2021-05-10,36.26,47.25,81.61,36.26
2021-05-11,28.57,51.65,83.91,32.97
2021-05-12,11.96,36.26,72.41,33.7
2021-05-13,21.74,43.96,73.56,32.61
2021-05-14,39.13,53.85,80.46,34.78
2021-05-17,33.7,48.35,77.01,33.7
2021-05-18,28.26,41.76,77.01,31.52
2021-05-19,26.09,43.96,81.61,31.52
2021-05-20,55.43,59.34,87.36,32.61
2021-05-21,48.91,56.04,81.61,32.61
2021-05-24,66.3,65.93,87.36,30.43
2021-05-25,69.57,64.84,88.51,31.52
2021-05-26,75.0,69.23,85.06,46.74
2021-05-27,73.91,65.93,85.06,56.52
2021-05-28,78.26,73.63,85.06,64.13
2021-06-01,80.43,67.03,86.21,68.48
2021-06-02,75.0,69.23,85.06,73.91
2021-06-03,68.48,65.93,81.61,80.43
2021-06-04,81.52,71.43,85.06,80.43
2021-06-07,75.0,65.93,82.76,81.52
2021-06-08,70.65,59.34,82.76,83.7
2021-06-09,70.65,56.04,86.21,83.7
2021-06-10,77.17,64.84,88.51,79.35
2021-06-11,76.09,63.74,88.51,76.09
2021-06-14,77.17,68.13,89.66,78.26
2021-06-15,75.0,65.93,86.21,73.91
2021-06-16,60.87,61.54,86.21,70.65
2021-06-17,66.3,62.64,88.51,66.3
2021-06-18,46.74,49.45,85.06,61.96
2021-06-21,55.43,58.24,86.21,61.96
2021-06-22,55.43,62.64,86.21,61.96
2021-06-23,53.26,60.44,86.21,63.04
2021-06-24,64.13,68.48,89.66,59.78
2021-06-25,69.57,69.57,90.8,59.78
2021-06-28,73.91,71.74,90.8,59.78
2021-06-29,71.74,72.83,89.66,56.52
2021-06-30,76.09,72.83,90.8,59.78
2021-07-01,73.91,72.83,89.66,59.78
2021-07-02,75.0,76.09,90.8,63.04
2021-07-06,69.57,68.48,90.8,68.48
2021-07-07,71.74,68.48,91.95,72.83
2021-07-08,65.22,65.22,88.51,73.91
2021-07-09,75.0,75.0,91.95,73.91
2021-07-12,78.26,76.09,90.8,76.09
2021-07-13,76.09,69.57,90.8,78.26
2021-07-14,67.39,71.74,90.8,77.17
2021-07-15,57.61,69.57,89.66,76.09
2021-07-16,53.26,65.22,84.09,76.09
2021-07-19,40.22,60.87,78.41,67.39
2021-07-20,54.35,66.3,82.95,61.96
2021-07-21,68.48,72.83,86.36,60.87
2021-07-22,68.48,71.74,85.23,59.78
2021-07-23,75.0,76.09,86.36,56.52
2021-07-26,73.91,80.43,86.36,56.52
2021-07-27,64.13,70.65,85.23,56.52
2021-07-28,72.83,75.0,86.36,55.43
2021-07-29,78.26,75.0,85.23,60.87
2021-07-30,72.83,73.91,85.23,67.39
2021-08-02,71.74,73.91,85.23,73.91
2021-08-03,75.0,76.09,86.36,76.09
2021-08-04,68.48,69.57,86.36,79.35
2021-08-05,78.26,73.91,87.5,79.35
2021-08-06,72.83,77.17,86.36,82.61
2021-08-09,71.74,76.09,86.36,82.61
2021-08-10,65.22,70.65,85.23,78.26
2021-08-11,67.39,68.48,84.09,73.91
2021-08-12,64.13,66.3,82.95,72.83
2021-08-13,63.04,69.57,82.95,68.48
2021-08-16,61.96,70.65,82.95,63.04
2021-08-17,48.91,65.22,80.68,60.87
2021-08-18,39.13,59.78,80.68,63.04
2021-08-19,43.48,57.61,77.27,54.35
2021-08-20,54.35,64.13,77.27,55.43
2021-08-23,64.13,71.74,82.95,55.43
2021-08-24,63.04,75.0,86.36,56.52
2021-08-25,68.48,72.83,86.36,55.43
2021-08-26,55.43,70.65,85.23,54.35
2021-08-27,71.74,73.91,86.36,52.17
2021-08-30,75.0,77.17,85.23,57.61
2021-08-31,75.0,76.09,85.23,60.87
2021-09-01,69.57,70.65,86.36,63.04
2021-09-02,80.43,76.09,85.23,67.39
2021-09-03,79.35,78.26,85.23,75.0
2021-09-07,63.04,64.13,82.95,73.91
2021-09-08,64.13,61.96,82.95,72.83
2021-09-09,61.96,63.04,81.82,72.83
2021-09-10,54.35,64.13,82.02,70.65
2021-09-13,55.43,61.96,84.27,71.74
2021-09-14,51.09,58.7,80.9,68.48
2021-09-15,58.7,64.13,80.9,64.13
2021-09-16,54.35,65.22,80.9,59.78
2021-09-17,38.04,58.7,78.65,56.52
2021-09-20,17.39,45.65,77.53,46.74
2021-09-21,23.91,45.65,75.28,38.04
2021-09-22,32.61,52.17,77.53,38.04
2021-09-23,43.48,57.61,78.65,35.87
2021-09-24,41.3,57.61,78.89,33.7
2021-09-27,39.13,52.17,75.82,31.52
2021-09-28,14.13,28.26,69.23,30.43
2021-09-29,10.87,23.91,69.23,27.17
2021-09-30,16.3,20.65,67.03,25.0
2021-10-01,19.57,26.09,68.13,21.74
2021-10-04,10.87,17.39,63.74,20.65
2021-10-05,20.65,23.91,64.84,21.74
2021-10-06,30.43,31.52,67.03,22.83
2021-10-07,40.22,39.13,68.13,19.57
2021-10-08,32.61,38.04,64.84,19.57
2021-10-11,28.26,31.52,64.84,19.57
2021-10-12,30.43,32.61,64.84,17.39
2021-10-13,42.39,36.96,64.84,25.0
2021-10-14,61.96,48.91,69.23,27.17
2021-10-15,70.65,51.09,69.23,33.7
2021-10-18,72.83,54.35,69.23,40.22
2021-10-19,80.43,61.96,71.43,53.26
2021-10-20,72.83,64.13,72.53,60.87
2021-10-21,81.52,65.22,73.63,68.48
2021-10-22,73.91,59.78,73.63,75.0
2021-10-25,76.09,63.04,73.63,76.09
2021-10-26,75.0,61.96,72.53,81.52
2021-10-27,64.13,57.61,70.33,81.52
2021-10-28,76.09,65.22,73.63,82.61
2021-10-29,76.09,68.48,73.63,82.61
2021-11-01,81.52,69.57,76.92,83.7
2021-11-02,78.26,75.0,78.02,80.43
2021-11-03,83.7,78.26,81.32,79.35
2021-11-04,83.7,80.43,80.22,77.17
2021-11-05,86.96,82.61,83.52,79.35
2021-11-08,85.87,80.43,81.32,80.43
2021-11-09,84.78,81.52,81.32,81.52
2021-11-10,79.35,80.43,81.32,81.52
2021-11-11,73.91,79.35,81.32,81.52
2021-11-12,80.43,80.43,79.12,82.61
2021-11-15,78.26,78.26,81.32,83.7
2021-11-16,75.0,80.43,80.22,84.78
2021-11-17,75.0,79.35,78.02,84.78
2021-11-18,69.57,73.91,78.02,81.52
2021-11-19,63.04,70.65,74.73,77.17
2021-11-22,55.43,69.57,76.92,71.74
2021-11-23,52.17,69.57,79.12,68.48
2021-11-24,48.91,75.0,78.02,64.13
2021-11-26,21.74,59.78,71.43,58.7
2021-11-29,47.83,65.22,72.53,53.26
2021-11-30,23.91,50.0,69.23,47.83
2021-12-01,18.48,45.65,64.84,40.22
2021-12-02,28.26,51.09,67.03,33.7
2021-12-03,22.83,44.57,65.93,32.61
2021-12-06,32.61,57.61,68.13,28.26
2021-12-07,55.43,70.65,69.23,29.35
2021-12-08,57.61,69.57,71.43,31.52
2021-12-09,39.13,63.04,69.23,29.35
2021-12-10,54.35,67.39,71.43,32.61
2021-12-13,52.17,58.7,73.63,29.35
2021-12-14,38.04,48.91,71.43,35.87
2021-12-15,58.7,59.78,74.73,43.48
2021-12-16,39.13,50.0,70.33,50.0
2021-12-17,34.78,47.83,68.13,54.35
2021-12-20,28.26,39.13,62.64,57.61
2021-12-21,56.52,53.26,71.43,59.78
2021-12-22,65.22,57.61,71.43,60.87
2021-12-23,73.91,60.87,71.43,59.78
2021-12-27,83.7,67.39,72.53,57.61
2021-12-28,83.7,65.22,73.63,63.04
2021-12-29,82.61,66.3,76.92,65.22
2021-12-30,78.26,64.13,73.63,64.13
2021-12-31,70.65,63.04,74.73,65.22
2022-01-03,67.39,58.7,78.02,67.39
2022-01-04,60.87,53.26,71.43,72.83
2022-01-05,34.78,45.65,69.23,73.91
2022-01-06,39.13,44.57,65.93,73.91
2022-01-07,27.17,41.3,65.93,71.74
2022-01-10,29.35,39.13,64.84,59.78
2022-01-11,38.04,45.65,67.03,47.83
2022-01-12,38.04,43.48,69.23,44.57
2022-01-13,29.35,38.04,64.84,38.04
2022-01-14,29.35,38.04,63.74,31.52
2022-01-18,17.39,26.09,57.14,28.26
2022-01-19,17.39,20.65,53.85,22.83
2022-01-20,15.22,18.48,46.15,21.74
2022-01-21,9.78,16.3,41.76,19.57
2022-01-24,6.52,17.39,42.86,17.39
2022-01-25,6.52,15.22,38.46,16.3
2022-01-26,4.35,16.3,31.87,11.96
2022-01-27,6.52,14.13,28.26,11.96
2022-01-28,11.96,18.48,34.78,10.87
2022-01-31,23.91,19.57,43.48,7.61
2022-02-01,38.04,19.57,46.74,8.7
2022-02-02,45.65,26.09,50.0,8.7
2022-02-03,31.52,21.74,41.3,6.52
2022-02-04,34.78,22.83,42.39,10.87
2022-02-07,36.96,20.65,41.3,14.13
2022-02-08,47.83,21.74,45.65,20.65
2022-02-09,68.48,31.52,50.0,33.7
2022-02-10,50.0,22.83,45.65,48.91
2022-02-11,31.52,21.74,35.87,57.61
2022-02-14,34.78,17.39,34.78,57.61
2022-02-15,58.06,28.26,39.13,60.22
2022-02-16,56.99,25.0,40.22,56.99
2022-02-17,32.26,21.74,34.78,60.22
2022-02-18,26.88,18.48,35.87,52.69
2022-02-22,15.05,17.39,32.61,48.39
2022-02-23,7.53,10.87,23.91,37.63
2022-02-24,22.58,13.04,31.52,26.88
2022-02-25,40.86,20.65,35.87,19.35
2022-02-28,37.63,20.65,38.04,19.35
2022-03-01,27.96,18.48,30.43,21.51
2022-03-02,50.54,28.26,39.13,18.28
2022-03-03,44.09,18.48,32.61,16.13
2022-03-04,37.63,21.74,31.52,23.66
2022-03-07,26.88,15.22,21.74,23.66
2022-03-08,16.13,11.96,19.57,26.88
2022-03-09,34.41,15.22,23.91,35.48
2022-03-10,27.96,16.3,22.83,40.86
2022-03-11,22.58,16.3,20.65,38.71
2022-03-14,20.43,15.22,18.48,34.41
2022-03-15,31.18,19.57,21.74,33.33
2022-03-16,64.52,31.52,29.35,31.18
2022-03-17,72.04,41.3,32.61,32.26
2022-03-18,86.02,55.43,41.3,32.26
2022-03-21,82.8,52.17,35.87,39.78
2022-03-22,92.47,58.7,42.39,53.76
2022-03-23,77.42,52.17,35.87,53.76
2022-03-24,86.02,64.13,46.74,61.29
2022-03-25,86.02,65.22,46.74,76.34
2022-03-28,92.47,67.39,48.91,88.17
2022-03-29,98.92,77.17,57.61,92.47
2022-03-30,94.62,72.04,48.91,96.77
2022-03-31,91.4,65.59,45.65,97.85
2022-04-01,82.8,65.59,43.48,97.85
2022-04-04,91.4,75.27,46.74,97.85
2022-04-05,67.74,61.29,41.3,95.7
2022-04-06,50.54,51.61,36.96,95.7
2022-04-07,48.39,51.61,33.7,90.32
2022-04-08,40.86,46.24,32.61,86.02
2022-04-11,30.11,38.71,30.43,70.97
2022-04-12,25.81,38.71,30.43,46.24
2022-04-13,40.86,45.16,32.61,44.09
2022-04-14,32.26,38.71,30.43,34.41
2022-04-18,25.81,37.63,29.35,30.11
2022-04-19,34.41,52.69,30.43,27.96
2022-04-20,35.48,49.46,32.61,22.58
2022-04-21,29.03,38.71,31.52,24.73
2022-04-22,17.2,29.03,27.17,25.81
2022-04-25,16.13,32.26,29.35,22.58
2022-04-26,12.9,24.73,21.74,20.43
2022-04-27,12.9,31.18,23.91,18.28
2022-04-28,23.66,32.26,28.26,18.28
2022-04-29,9.68,18.28,19.57,17.2
2022-05-02,11.83,19.35,20.65,16.13
2022-05-03,19.35,22.58,25.0,16.13
2022-05-04,46.24,40.86,29.35,16.13
2022-05-05,21.51,20.43,22.83,12.9
2022-05-06,15.05,18.28,18.48,15.05
2022-05-09,5.38,11.83,14.13,11.83
2022-05-10,8.6,12.9,15.22,12.9
2022-05-11,5.38,8.6,14.13,13.98
2022-05-12,6.45,9.68,14.13,12.9
2022-05-13,23.66,15.05,18.48,16.13
2022-05-16,21.51,12.9,18.48,15.05
2022-05-17,43.01,29.03,17.39,21.51
2022-05-18,20.43,10.75,11.96,17.2
2022-05-19,22.58,10.75,10.87,13.98
2022-05-20,24.73,13.98,11.96,12.9
2022-05-23,35.48,20.43,13.04,16.13
2022-05-24,21.51,17.2,13.04,20.43
2022-05-25,35.48,18.28,14.13,27.96
2022-05-26,61.29,26.88,16.3,37.63
2022-05-27,76.34,40.86,23.91,39.78
2022-05-31,77.42,34.41,22.83,45.16
2022-06-01,74.19,31.18,18.48,49.46
2022-06-02,88.17,40.86,26.09,68.82
2022-06-03,77.42,35.48,18.48,73.12
2022-06-06,76.34,34.41,22.83,77.42
2022-06-07,83.87,43.01,29.35,80.65
2022-06-08,75.27,33.33,23.91,86.02
2022-06-09,49.46,25.81,16.3,83.87
2022-06-10,10.75,10.75,9.78,81.72
2022-06-13,3.23,3.23,8.7,66.67
2022-06-14,4.3,3.23,7.61,58.06
2022-06-15,7.53,5.38,7.61,47.31
2022-06-16,2.15,2.15,6.52,24.73
2022-06-17,5.38,3.23,6.52,13.98
2022-06-21,13.98,9.68,8.7,5.38
2022-06-22,12.9,9.68,7.61,4.3
2022-06-23,26.88,12.9,7.61,2.15
2022-06-24,52.69,29.03,10.87,2.15
2022-06-27,44.09,27.96,11.96,4.3
2022-06-28,20.43,16.13,10.87,7.53
2022-06-29,27.96,18.28,10.87,8.6
2022-06-30,22.58,11.83,9.78,15.05
2022-07-01,39.78,24.73,11.96,24.73
2022-07-05,46.24,27.96,9.78,38.71
2022-07-06,51.61,33.33,10.87,50.54
2022-07-07,69.89,43.01,13.04,55.91
2022-07-08,73.12,43.01,14.13,62.37
2022-07-11,60.22,35.48,9.78,61.29
2022-07-12,51.61,27.96,8.7,60.22
2022-07-13,49.46,26.88,10.87,56.99
2022-07-14,49.46,25.81,9.78,58.06
2022-07-15,72.04,37.63,11.96,62.37
2022-07-18,60.22,36.56,9.78,65.59
2022-07-19,81.72,59.14,13.04,67.74
2022-07-20,84.95,74.19,11.96,73.12
2022-07-21,83.87,77.42,16.3,69.89
2022-07-22,79.57,67.74,14.13,65.59
2022-07-25,81.72,65.59,15.22,72.04
2022-07-26,75.27,52.69,14.13,74.19
2022-07-27,84.95,77.42,22.83,75.27
2022-07-28,87.1,82.8,25.0,80.65
2022-07-29,87.1,86.02,29.35,82.8
2022-08-01,87.1,86.02,30.43,86.02
2022-08-02,86.02,86.02,28.26,88.17
2022-08-03,91.4,89.25,34.78,89.25
2022-08-04,88.17,86.02,31.52,87.1
2022-08-05,86.02,83.87,30.43,89.25
2022-08-08,84.95,83.87,30.43,87.1
2022-08-09,75.27,78.49,27.17,90.32
2022-08-10,86.02,88.17,38.04,87.1
2022-08-11,88.17,89.25,35.87,88.17
2022-08-12,91.4,91.4,42.39,89.25
2022-08-15,89.25,92.47,45.65,88.17
2022-08-16,87.1,91.4,45.65,88.17
2022-08-17,74.19,89.25,42.39,88.17
2022-08-18,83.87,89.25,43.48,87.1
2022-08-19,60.22,86.02,35.87,81.72
2022-08-22,30.11,79.57,30.43,74.19
2022-08-23,26.88,78.49,29.35,72.04
2022-08-24,25.81,76.34,29.35,69.89
2022-08-25,37.63,84.95,39.13,64.52
2022-08-26,8.6,59.14,28.26,48.39
2022-08-29,8.6,54.84,28.26,34.41
2022-08-30,5.38,46.24,26.09,21.51
2022-08-31,5.38,39.78,22.83,15.05
2022-09-01,6.45,38.71,23.91,8.6
2022-09-02,5.38,26.88,21.74,6.45
2022-09-06,3.23,29.03,20.65,5.38
2022-09-07,15.05,40.86,25.0,5.38
2022-09-08,24.73,41.94,26.09,4.3
2022-09-09,39.78,54.84,31.52,4.3
2022-09-12,51.61,62.37,35.87,5.38
2022-09-13,16.13,26.88,20.65,8.6
2022-09-14,21.51,29.03,23.91,15.05
2022-09-15,22.58,24.73,19.57,18.28
2022-09-16,13.98,20.43,18.48,21.51
2022-09-19,20.43,22.58,18.48,27.96
2022-09-20,11.83,19.35,18.48,32.26
2022-09-21,6.45,15.05,15.22,26.88
2022-09-22,4.3,9.68,11.96,24.73
2022-09-23,1.08,4.3,10.87,17.2
2022-09-26,1.08,3.23,9.78,8.6
2022-09-27,2.15,4.3,8.7,6.45
2022-09-28,8.6,10.75,10.87,6.45
2022-09-29,6.45,8.6,8.7,5.38
2022-09-30,4.3,5.38,8.7,3.23
2022-10-03,16.13,7.53,11.96,5.38
2022-10-04,55.91,19.35,18.48,5.38
2022-10-05,60.22,20.43,19.57,6.45
2022-10-06,56.99,18.28,17.39,9.68
2022-10-07,18.28,9.68,15.22,13.98
2022-10-10,19.35,10.75,16.3,20.43
2022-10-11,18.28,10.75,16.3,21.51
2022-10-12,21.51,7.53,17.39,23.66
2022-10-13,33.33,13.98,18.48,31.18
2022-10-14,21.51,7.53,16.3,38.71
2022-10-17,44.09,15.05,18.48,40.86
2022-10-18,60.22,23.66,19.57,41.94
2022-10-19,46.24,20.43,19.57,36.56
2022-10-20,38.71,18.28,14.13,33.33
2022-10-21,65.59,25.81,20.65,33.33
2022-10-24,74.19,31.18,21.74,35.48
2022-10-25,89.25,39.78,23.91,43.01
2022-10-26,78.49,40.86,26.09,52.69
2022-10-27,65.59,37.63,27.17,55.91
2022-10-28,83.87,61.29,28.26,65.59
2022-10-31,76.34,54.84,28.26,69.89
2022-11-01,77.42,55.91,28.26,74.19
2022-11-02,60.22,38.71,23.66,84.95
2022-11-03,56.99,38.71,23.66,84.95
2022-11-04,66.67,51.61,27.96,83.87
2022-11-07,67.74,56.99,31.18,81.72
2022-11-08,68.82,61.29,33.33,78.49
2022-11-09,62.37,50.54,29.03,72.04
2022-11-10,83.87,76.34,47.31,72.04
2022-11-11,88.17,80.65,48.39,68.82
2022-11-14,82.8,78.49,46.24,67.74
2022-11-15,84.95,81.72,49.46,68.82
2022-11-16,78.49,77.42,46.24,72.04
2022-11-17,79.57,76.34,45.16,75.27
2022-11-18,78.49,76.34,48.39,75.27
2022-11-21,75.27,77.42,48.39,81.72
2022-11-22,78.49,79.57,51.61,82.8
2022-11-23,79.57,81.72,51.61,84.95
2022-11-25,80.65,81.72,51.61,84.95
2022-11-28,63.44,75.27,44.09,86.02
2022-11-29,60.22,75.27,47.31,84.95
2022-11-30,87.1,83.87,55.91,81.72
2022-12-01,86.02,83.87,56.99,79.57
2022-12-02,80.65,81.72,53.76,75.27
2022-12-05,68.82,76.34,47.31,72.04
2022-12-06,45.16,73.12,47.31,73.12
2022-12-07,40.86,70.97,45.16,69.89
2022-12-08,49.46,73.12,47.31,60.22
2022-12-09,38.71,73.12,48.39,55.91
2022-12-12,59.14,74.19,53.76,59.14
2022-12-13,65.59,75.27,59.14,59.14
2022-12-14,53.76,75.27,55.91,58.06
2022-12-15,17.2,60.22,46.24,44.09
2022-12-16,11.83,56.99,44.09,36.56
2022-12-19,7.53,53.76,41.94,29.03
2022-12-20,11.83,51.61,43.01,25.81
2022-12-21,18.28,60.22,45.16,25.81
2022-12-22,9.68,44.09,40.86,20.43
2022-12-23,12.9,43.01,43.01,16.13
2022-12-27,15.05,37.63,44.09,12.9
2022-12-28,5.38,34.41,37.63,9.68
2022-12-29,19.35,39.78,44.09,7.53
2022-12-30,19.35,37.63,43.01,10.75
2023-01-03,22.58,37.63,41.94,12.9
2023-01-04,32.26,36.56,44.09,13.98
2023-01-05,29.03,30.11,39.78,20.43
2023-01-06,62.37,53.76,49.46,20.43
2023-01-09,65.59,52.69,51.61,24.73
2023-01-10,72.04,54.84,53.76,34.41
2023-01-11,82.8,68.82,58.06,44.09
2023-01-12,80.65,68.82,56.99,72.04
2023-01-13,87.23,73.12,59.14,76.6
2023-01-17,88.3,68.82,61.29,78.72
2023-01-18,70.21,59.14,56.99,78.72
2023-01-19,59.57,49.46,54.84,77.66
2023-01-20,74.47,62.37,58.06,79.79
2023-01-23,78.72,73.12,62.37,79.79
2023-01-24,80.85,73.12,63.44,82.98
2023-01-25,79.79,73.12,61.29,81.91
2023-01-26,80.85,78.49,65.59,81.91
2023-01-27,78.72,76.34,68.82,80.85
2023-01-30,74.47,74.19,64.52,76.6
2023-01-31,78.72,76.34,68.82,77.66
2023-02-01,82.98,79.57,72.04,75.53
2023-02-02,85.11,79.57,81.72,77.66
2023-02-03,74.47,76.34,76.34,76.6
2023-02-06,71.28,73.12,73.12,73.4
2023-02-07,73.4,76.34,78.49,73.4
2023-02-08,63.83,74.19,75.27,75.53
2023-02-09,58.51,72.04,75.27,76.6
2023-02-10,58.51,74.19,76.34,78.72
2023-02-13,73.4,83.87,76.34,78.72
2023-02-14,74.47,78.49,80.65,81.91
2023-02-15,79.79,81.72,80.65,77.66
2023-02-16,60.64,77.42,78.49,67.02
2023-02-17,51.06,76.34,74.19,59.57
2023-02-21,27.66,65.59,67.74,56.38
2023-02-22,28.72,67.74,67.74,50.0
2023-02-23,32.98,66.67,70.97,44.68
2023-02-24,26.6,54.84,62.37,42.55
2023-02-27,26.6,59.14,63.44,40.43
2023-02-28,23.4,54.26,59.14,35.11
2023-03-01,18.09,48.94,58.06,32.98
2023-03-02,32.98,55.32,61.29,27.66
2023-03-03,44.68,63.83,68.82,27.66
2023-03-06,45.74,62.77,68.82,23.4
2023-03-07,29.79,53.19,64.52,20.21
2023-03-08,37.23,58.51,64.52,24.47
2023-03-09,19.15,43.62,55.91,22.34
2023-03-10,11.7,35.11,54.84,23.4
2023-03-13,15.96,35.11,56.99,20.21
2023-03-14,42.55,46.81,60.22,25.53
2023-03-15,38.3,45.74,60.22,30.85
2023-03-16,56.38,56.38,61.29,38.3
2023-03-17,51.06,51.06,65.59,40.43
2023-03-20,63.83,58.51,64.52,42.55
2023-03-21,72.34,59.57,70.97,42.55
2023-03-22,53.19,48.94,66.67,39.36
2023-03-23,62.77,55.32,69.89,47.87
2023-03-24,60.64,56.38,67.74,57.45
2023-03-27,59.57,56.38,67.74,61.7
2023-03-28,58.51,53.19,65.59,62.77
2023-03-29,80.85,62.77,72.04,60.64
2023-03-30,90.43,73.4,73.12,64.89
2023-03-31,97.87,81.91,76.34,78.72
2023-04-03,95.74,77.66,75.27,82.98
2023-04-04,85.11,72.34,76.34,82.98
2023-04-05,65.96,59.57,76.34,89.36
2023-04-06,69.15,60.64,77.42,89.36
2023-04-10,76.6,65.96,77.42,88.3
2023-04-11,75.53,69.15,76.34,85.11
2023-04-12,59.57,62.77,76.34,87.23
2023-04-13,72.34,67.02,78.49,85.11
2023-04-14,68.09,69.15,76.34,78.72
2023-04-17,71.28,70.21,77.42,73.4
2023-04-18,72.34,71.28,76.34,72.34
2023-04-19,67.02,71.28,74.19,68.09
2023-04-20,59.57,71.28,77.42,67.02
2023-04-21,58.51,70.21,79.57,64.89
2023-04-24,52.13,68.09,77.42,60.64
2023-04-25,34.04,56.38,69.89,61.7
2023-04-26,22.34,43.62,62.37,55.32
2023-04-27,46.81,56.38,67.74,51.06
2023-04-28,52.13,65.96,72.04,45.74
2023-05-01,53.19,65.96,70.97,44.68
2023-05-02,37.23,53.19,66.67,46.81
2023-05-03,34.04,46.81,64.52,42.55
2023-05-04,32.98,45.74,64.52,39.36
2023-05-05,50.0,59.57,66.67,40.43
2023-05-08,56.38,63.83,67.74,39.36
2023-05-09,50.0,57.45,67.74,41.49
2023-05-10,56.38,58.51,70.97,45.74
2023-05-11,53.19,57.45,66.67,45.74
2023-05-12,53.19,56.38,66.67,42.55
2023-05-15,62.77,59.57,69.89,44.68
2023-05-16,53.19,55.32,64.52,47.87
2023-05-17,59.57,62.77,67.74,52.13
2023-05-18,68.09,67.02,80.65,58.51
2023-05-19,69.15,68.09,75.27,62.77
2023-05-22,68.09,70.21,76.34,63.83
2023-05-23,53.19,60.64,73.12,63.83
2023-05-24,45.74,50.0,68.82,57.45
2023-05-25,46.81,54.26,68.82,56.38
2023-05-26,57.45,62.77,74.19,61.7
2023-05-30,55.32,57.45,73.12,59.57
2023-05-31,55.32,58.51,75.27,60.64
2023-06-01,60.64,64.89,78.49,58.51
2023-06-02,71.28,71.28,81.72,58.51
2023-06-05,73.4,71.28,79.57,60.64
2023-06-06,71.28,70.21,77.42,58.51
2023-06-07,69.15,70.21,78.49,61.7
2023-06-08,69.15,70.21,82.8,62.77
2023-06-09,67.02,70.21,81.72,64.89
2023-06-12,79.79,75.53,84.95,70.21
2023-06-13,81.91,76.6,86.02,74.47
2023-06-14,84.04,77.66,86.02,74.47
2023-06-15,91.49,82.98,87.1,81.91
2023-06-16,88.3,81.91,86.02,82.98
2023-06-20,80.85,82.98,84.95,81.91
2023-06-21,74.47,82.98,81.72,82.98
2023-06-22,80.85,86.17,82.8,85.11
2023-06-23,55.32,75.53,80.65,82.98
2023-06-26,58.51,76.6,79.57,81.91
2023-06-27,70.21,80.85,82.8,84.04
2023-06-28,63.83,78.72,80.65,81.91
2023-06-29,62.77,76.6,80.65,77.66
2023-06-30,74.47,81.91,81.72,69.15
2023-07-03,79.79,85.11,84.95,64.89
2023-07-05,73.4,84.04,82.8,65.96
2023-07-06,57.45,81.91,81.72,65.96
2023-07-07,44.68,78.72,80.65,58.51
2023-07-10,64.89,81.91,83.87,60.64
2023-07-11,68.09,81.91,83.87,63.83
2023-07-12,73.4,84.04,87.1,64.89
2023-07-13,84.04,90.43,88.17,68.09
2023-07-14,82.98,88.3,87.1,72.34
2023-07-17,87.23,85.11,87.1,79.79
2023-07-18,87.23,86.17,87.1,80.85
2023-07-19,86.17,88.3,87.1,81.91
2023-07-20,76.6,85.11,86.02,82.98
2023-07-21,78.72,86.17,88.17,84.04
2023-07-24,75.53,85.11,86.02,87.23
2023-07-25,77.66,89.36,86.02,89.36
2023-07-26,69.15,86.17,86.02,88.3
2023-07-27,61.7,79.79,84.95,85.11
2023-07-28,73.4,88.3,86.02,81.91
2023-07-31,77.66,84.04,88.17,80.85
2023-08-01,72.34,82.98,88.17,79.79
2023-08-02,51.06,72.34,84.95,73.4
2023-08-03,42.55,72.34,83.87,70.21
2023-08-04,40.43,59.57,82.8,59.57
2023-08-07,50.0,69.15,84.95,58.51
2023-08-08,38.3,57.45,80.65,48.94
2023-08-09,31.91,53.19,82.8,46.81
2023-08-10,34.04,54.26,82.8,44.68
2023-08-11,34.04,53.19,82.8,42.55
2023-08-14,39.36,59.57,82.8,38.3
2023-08-15,29.79,50.0,81.72,32.98
2023-08-16,22.34,41.49,80.65,32.98
2023-08-17,17.02,31.91,76.34,25.53
2023-08-18,13.83,32.98,76.34,26.6
2023-08-21,22.34,41.49,77.42,23.4
2023-08-22,19.15,35.11,76.34,21.28
2023-08-23,41.49,44.68,79.57,20.21
2023-08-24,13.83,29.79,75.27,13.83
2023-08-25,26.6,40.43,76.34,15.96
2023-08-28,38.3,42.55,78.49,14.89
2023-08-29,73.4,52.13,82.8,26.6
2023-08-30,77.66,58.51,81.72,32.98
2023-08-31,72.34,55.32,82.8,44.68
2023-09-01,71.28,54.26,80.65,52.13
2023-09-05,70.21,57.45,79.57,59.57
2023-09-06,67.02,50.0,79.57,65.96
2023-09-07,57.45,50.0,75.27,64.89
2023-09-08,59.57,52.13,75.27,70.21
2023-09-11,61.7,56.38,76.34,75.53
2023-09-12,59.57,50.0,77.42,76.6
2023-09-13,58.51,51.06,77.42,72.34
2023-09-14,71.28,54.26,78.49,70.21
2023-09-15,48.94,43.62,76.34,63.83
2023-09-18,50.0,47.87,75.27,57.45
2023-09-19,39.36,44.68,74.19,56.38
2023-09-20,28.72,36.17,73.12,52.13
2023-09-21,14.89,22.34,67.74,47.87
2023-09-22,14.89,19.15,67.74,38.3
2023-09-25,15.96,21.28,66.67,30.85
2023-09-26,7.45,13.83,65.59,25.53
2023-09-27,11.7,15.96,65.59,20.21
2023-09-28,20.21,25.53,68.82,15.96
2023-09-29,15.96,20.21,69.89,14.89
2023-10-02,21.28,22.34,67.74,14.89
2023-10-03,7.45,11.7,62.77,11.7
2023-10-04,20.21,24.47,65.96,9.57
2023-10-05,22.34,23.4,63.83,10.64
2023-10-06,54.26,34.04,67.02,13.83
2023-10-09,57.45,40.43,67.02,19.15
2023-10-10,68.09,42.55,71.28,31.91
2023-10-11,69.47,50.0,69.15,42.11
2023-10-12,62.11,52.13,68.09,50.53
2023-10-13,53.68,41.49,65.96,56.84
2023-10-16,69.47,50.0,68.09,61.05
2023-10-17,71.58,50.0,69.15,71.58
2023-10-18,49.47,40.43,63.83,72.63
2023-10-19,37.89,32.98,62.77,70.53
2023-10-20,24.21,25.53,59.57,65.26
2023-10-23,25.26,27.66,57.45,65.26
2023-10-24,36.84,31.91,59.57,52.63
2023-10-25,20.0,20.21,54.26,43.16
2023-10-26,18.95,15.96,52.13,34.74
2023-10-27,17.89,15.96,48.94,29.47
2023-10-30,28.42,21.28,52.13,28.42
2023-10-31,29.47,25.53,56.38,18.95
2023-11-01,41.05,37.23,59.57,18.95
2023-11-02,64.21,54.26,60.64,18.95
2023-11-03,78.95,58.51,67.02,24.21
2023-11-06,75.79,59.57,65.96,30.53
2023-11-07,83.16,64.89,69.15,34.74
2023-11-08,82.11,62.77,69.15,47.37
2023-11-09,70.53,59.57,64.89,63.16
2023-11-10,83.16,70.21,70.21,71.58
2023-11-13,83.16,67.02,70.21,82.11
2023-11-14,92.63,84.04,77.66,90.53
2023-11-15,93.68,84.04,77.66,93.68
2023-11-16,88.42,73.4,77.66,94.74
2023-11-17,89.47,76.6,77.66,94.74
2023-11-20,90.53,81.91,77.66,90.53
2023-11-21,87.37,79.79,77.66,87.37
2023-11-22,87.37,80.0,78.72,87.37
2023-11-24,88.42,81.05,80.85,88.42
2023-11-27,84.21,81.05,78.72,88.42
2023-11-28,80.0,82.11,80.85,88.42
2023-11-29,76.84,82.11,77.66,86.32
2023-11-30,76.84,82.11,79.79,84.21
2023-12-01,80.0,87.37,79.79,84.21
2023-12-04,72.63,87.37,80.85,84.21
2023-12-05,63.16,82.11,78.72,80.0
2023-12-06,61.05,77.89,77.66,75.79
2023-12-07,66.32,84.21,78.72,74.74
2023-12-08,69.47,85.26,79.79,69.47
2023-12-11,80.0,87.37,82.98,67.37
2023-12-12,82.11,88.42,81.91,67.37
2023-12-13,86.32,89.47,86.17,71.58
2023-12-14,85.26,88.42,88.3,74.74
2023-12-15,83.16,90.53,84.04,73.68
2023-12-18,89.47,91.58,86.17,76.84
2023-12-19,90.53,92.63,88.3,81.05
2023-12-20,76.84,89.47,82.98,85.26
2023-12-21,84.21,91.58,85.11,87.37
2023-12-22,84.21,91.58,90.43,90.53
2023-12-26,89.47,92.63,90.43,90.53
2023-12-27,84.21,91.58,90.43,90.53
2023-12-28,87.37,91.58,90.43,86.32
2023-12-29,86.32,91.58,90.43,87.37
2024-01-02,64.21,87.37,92.55,87.37
2024-01-03,36.84,85.26,92.55,84.21
2024-01-04,35.79,81.05,90.43,81.05
2024-01-05,34.74,81.05,89.36,77.89
2024-01-08,54.74,85.26,89.36,64.21
2024-01-09,49.47,81.05,89.36,58.95
2024-01-10,49.47,80.0,89.36,47.37
2024-01-11,50.53,81.05,86.17,45.26
2024-01-12,52.63,82.11,86.17,40.0
2024-01-16,51.58,81.05,85.11,38.95
2024-01-17,44.21,75.79,82.98,37.89
2024-01-18,64.21,80.0,84.04,40.0
2024-01-19,73.68,84.21,85.11,47.37
2024-01-22,77.89,84.21,86.17,56.84
2024-01-23,76.84,83.16,87.23,64.21
2024-01-24,72.63,80.0,84.04,71.58
2024-01-25,75.79,84.21,85.11,73.68
2024-01-26,68.42,77.89,84.04,74.74
2024-01-29,80.0,83.16,88.3,76.84
2024-01-30,77.89,78.95,86.17,77.89
2024-01-31,63.16,71.58,80.85,77.89
2024-02-01,66.32,73.68,81.91,77.89
2024-02-02,65.26,73.68,81.91,75.79
2024-02-05,62.11,71.58,79.79,73.68
2024-02-06,66.32,78.95,82.98,72.63
2024-02-07,68.42,77.89,81.91,76.84
2024-02-08,70.53,77.89,79.79,72.63
2024-02-09,66.32,73.68,80.85,68.42
2024-02-12,66.32,74.74,81.91,66.32
2024-02-13,51.58,65.26,78.72,61.05
2024-02-14,57.89,68.42,78.72,57.89
2024-02-15,61.05,69.47,82.98,56.84
2024-02-16,56.84,65.26,80.85,58.95
2024-02-20,53.68,66.32,79.79,58.95
2024-02-21,54.74,69.47,79.79,60.0
2024-02-22,67.37,71.58,84.04,62.11
2024-02-23,64.21,69.47,80.85,63.16
2024-02-26,66.32,65.26,81.91,63.16
2024-02-27,67.37,64.21,81.91,61.05
2024-02-28,65.26,64.21,77.66,63.16
2024-02-29,71.58,66.32,81.91,63.16
2024-03-01,72.63,69.47,84.04,66.32
2024-03-04,71.58,70.53,81.91,68.42
2024-03-05,56.84,61.05,79.79,66.32
2024-03-06,65.26,64.21,79.79,67.37
2024-03-07,62.11,68.42,80.85,68.42
2024-03-08,61.05,66.32,81.91,66.32
2024-03-11,55.79,70.53,82.98,68.42
2024-03-12,68.42,69.47,81.91,69.47
2024-03-13,56.84,70.53,84.04,68.42
2024-03-14,47.37,66.32,81.91,68.42
2024-03-15,40.0,61.05,80.85,64.21
2024-03-18,41.05,63.16,80.85,56.84
2024-03-19,47.37,62.11,82.98,55.79
2024-03-20,66.32,70.53,82.98,54.74
2024-03-21,67.37,72.63,85.11,48.42
2024-03-22,66.32,69.47,85.11,51.58
2024-03-25,60.0,64.21,81.91,53.68
2024-03-26,54.74,63.16,80.85,50.53
2024-03-27,64.21,68.42,81.91,52.63
2024-03-28,62.11,75.79,82.98,54.74
2024-04-01,66.32,66.32,84.04,60.0
2024-04-02,46.32,60.0,82.98,64.21
2024-04-03,47.37,56.84,80.85,64.21
2024-04-04,29.47,51.58,79.79,60.0
2024-04-05,42.11,57.89,79.79,56.84
2024-04-08,46.32,53.68,78.72,51.58
2024-04-09,49.47,55.79,80.85,51.58
2024-04-10,36.84,49.47,78.72,50.53
2024-04-11,50.53,52.63,78.72,45.26
2024-04-12,23.16,38.95,76.6,41.05
2024-04-15,12.63,31.58,73.4,32.63
2024-04-16,12.63,32.63,73.4,26.32
2024-04-17,7.29,25.26,72.34,22.92
2024-04-18,7.29,22.11,71.28,18.75
2024-04-19,8.33,18.95,68.09,13.54
2024-04-22,17.71,21.05,74.47,11.46
2024-04-23,26.04,27.37,75.53,9.38
2024-04-24,28.12,31.58,75.53,10.42
2024-04-25,35.42,29.47,74.47,11.46
2024-04-26,41.67,38.95,72.34,12.5
2024-04-29,48.96,43.16,75.53,16.67
2024-04-30,32.29,31.58,73.4,20.83
2024-05-01,32.29,30.53,72.34,21.88
2024-05-02,43.75,37.89,72.34,25.0
2024-05-03,58.33,42.11,75.53,37.5
2024-05-06,67.71,52.63,75.53,47.92
2024-05-07,66.67,52.63,76.6,55.21
2024-05-08,66.67,50.53,74.47,60.42
2024-05-09,73.96,51.58,76.6,62.5
2024-05-10,76.04,51.58,77.66,63.54
2024-05-13,72.92,52.63,77.66,65.62
2024-05-14,70.83,54.74,77.66,68.75
2024-05-15,77.08,61.05,78.72,71.88
2024-05-16,78.12,62.11,79.79,75.0
2024-05-17,77.08,62.11,80.85,76.04
2024-05-20,77.08,65.26,79.79,75.0
2024-05-21,78.12,63.16,79.79,76.04
2024-05-22,78.12,62.11,79.79,79.17
2024-05-23,62.5,58.95,75.53,77.08
2024-05-24,61.46,60.0,77.66,79.17
2024-05-28,55.21,55.79,74.47,80.21
2024-05-29,47.92,51.58,71.28,76.04
2024-05-30,47.92,52.08,71.28,68.75
2024-05-31,48.96,53.12,73.4,62.5
2024-06-03,43.75,51.04,69.15,57.29
2024-06-04,38.54,53.12,71.28,50.0
2024-06-05,58.33,60.42,72.34,50.0
2024-06-06,59.38,62.5,70.21,46.88
2024-06-07,57.29,63.54,70.21,48.96
2024-06-10,58.33,62.5,72.34,44.79
2024-06-11,56.25,62.5,73.4,41.67
2024-06-12,64.58,63.54,74.47,43.75
2024-06-13,59.38,63.54,74.47,48.96
2024-06-14,56.25,62.5,72.34,55.21
2024-06-17,62.5,65.62,75.53,58.33
2024-06-18,66.67,64.58,76.6,63.54
2024-06-20,64.58,66.67,76.6,64.58
2024-06-21,69.79,70.83,78.72,65.62
2024-06-24,66.67,69.79,76.6,68.75
2024-06-25,70.83,71.88,76.6,68.75
2024-06-26,63.54,66.67,74.47,69.79
2024-06-27,63.54,70.83,75.53,66.67
2024-06-28,60.42,66.67,75.53,64.58
2024-07-01,51.04,62.5,75.79,66.67
2024-07-02,62.5,68.75,74.74,62.5
2024-07-03,59.38,72.92,75.79,59.38
2024-07-05,65.62,70.83,74.74,61.46
2024-07-08,66.67,70.83,74.74,64.58
2024-07-09,65.62,68.75,73.68,64.58
2024-07-10,66.67,68.75,73.68,64.58
2024-07-11,64.58,69.79,74.74,67.71
2024-07-12,77.08,73.96,75.79,65.62
2024-07-15,72.92,75.0,80.0,65.62
2024-07-16,75.0,79.17,84.21,68.75
2024-07-17,57.29,65.62,82.11,69.79
2024-07-18,46.88,58.33,80.0,75.0
2024-07-19,44.79,57.29,77.89,66.67
2024-07-22,51.04,65.62,78.95,64.58
2024-07-23,40.62,60.42,73.68,60.42
2024-07-24,26.04,39.58,68.42,55.21
2024-07-25,27.08,39.58,69.47,53.12
2024-07-26,33.33,46.88,73.68,47.92
2024-07-29,34.38,46.88,72.63,41.67
2024-07-30,31.25,42.71,71.58,35.42
2024-07-31,37.5,53.12,77.89,34.38
2024-08-01,33.33,41.67,71.58,31.25
2024-08-02,29.17,35.42,61.05,31.25
2024-08-05,15.62,26.04,49.47,28.12
2024-08-06,22.92,29.17,55.79,29.17
2024-08-07,20.83,28.12,52.63,27.08
2024-08-08,31.25,36.46,62.11,30.21
2024-08-09,33.33,41.67,61.05,29.17
2024-08-12,32.29,41.67,58.95,27.08
2024-08-13,47.92,45.83,66.32,29.17
2024-08-14,52.08,47.92,66.32,30.21
2024-08-15,71.88,58.33,75.79,29.17
2024-08-16,76.04,57.29,76.84,33.33
2024-08-19,84.38,62.5,78.95,46.88
2024-08-20,84.38,62.5,78.95,54.17
2024-08-21,89.58,66.67,83.16,69.79
2024-08-22,80.21,58.33,80.0,75.0
2024-08-23,92.71,66.67,80.0,79.17
2024-08-26,87.5,60.42,76.84,84.38
2024-08-27,85.42,60.42,77.89,91.67
2024-08-28,78.12,60.42,72.63,91.67
2024-08-29,80.21,60.42,73.68,94.79
2024-08-30,85.42,64.58,80.0,95.83
2024-09-03,56.25,54.17,69.47,93.75
2024-09-04,53.12,51.04,68.42,84.38
2024-09-05,44.79,50.0,68.42,69.79
2024-09-06,25.0,41.67,58.95,63.54
2024-09-09,37.5,50.0,65.26,55.21
2024-09-10,36.46,51.04,66.32,45.83
2024-09-11,53.12,59.38,67.37,41.67
2024-09-12,57.29,61.46,67.37,41.67
2024-09-13,63.54,66.67,68.42,39.58
2024-09-16,68.75,62.5,68.42,38.54
2024-09-17,67.71,68.75,69.47,40.62
2024-09-18,62.5,63.54,68.42,40.62
2024-09-19,86.46,81.25,75.79,51.04
2024-09-20,79.17,72.92,71.58,61.46
2024-09-23,83.33,76.04,71.58,70.83
2024-09-24,81.25,79.17,73.68,78.12
2024-09-25,77.08,79.17,71.58,83.33
2024-09-26,83.33,84.38,74.74,88.54
2024-09-27,77.08,88.54,73.68,88.54
2024-09-30,83.33,87.5,74.74,86.46
2024-10-01,67.71,78.12,72.63,84.38
2024-10-02,71.88,79.17,72.63,84.38
2024-10-03,62.5,77.08,73.68,81.25
2024-10-04,65.62,77.08,74.74,76.04
2024-10-07,53.12,64.58,70.53,72.92
2024-10-08,61.46,75.0,71.58,68.75
2024-10-09,67.71,78.12,75.79,70.83
2024-10-10,61.46,79.17,73.68,64.58
2024-10-11,79.17,82.29,80.0,64.58
2024-10-14,80.21,86.46,83.16,60.42
2024-10-15,62.5,76.04,76.84,64.58
2024-10-16,61.46,75.0,75.79,64.58
2024-10-17,59.38,71.88,75.79,59.38
2024-10-18,66.67,80.21,75.79,60.42
2024-10-21,58.33,68.75,72.63,65.62
2024-10-22,63.54,68.75,74.74,65.62
2024-10-23,47.92,62.5,69.47,62.5
2024-10-24,52.08,65.62,67.37,63.54
2024-10-25,56.25,67.71,71.58,62.5
2024-10-28,58.33,66.67,69.47,60.42
2024-10-29,58.33,67.71,72.63,62.5
2024-10-30,50.0,66.67,67.37,60.42
2024-10-31,32.29,55.21,62.11,53.12
2024-11-01,35.42,59.38,62.11,41.67
2024-11-04,36.46,55.21,63.16,37.5
2024-11-05,48.96,59.38,64.21,38.54
2024-11-06,67.71,67.71,75.79,43.75
2024-11-07,72.92,73.96,76.84,47.92
2024-11-08,70.83,72.92,75.79,55.21
2024-11-11,65.62,65.62,72.63,61.46
2024-11-12,63.54,65.62,73.68,60.42
2024-11-13,63.54,64.58,72.63,61.46
2024-11-14,62.5,65.62,69.47,64.58
2024-11-15,50.52,55.21,63.16,65.98
2024-11-18,52.58,59.38,64.21,65.98
2024-11-19,53.61,56.25,63.16,64.95
2024-11-20,50.52,57.29,64.21,61.86
2024-11-21,60.82,63.54,66.32,59.79
2024-11-22,61.86,61.46,68.42,59.79
2024-11-25,70.1,64.58,73.68,58.76
2024-11-26,69.07,66.67,74.74,58.76
2024-11-27,61.86,65.62,71.58,57.73
2024-11-29,69.07,65.62,72.63,52.58
2024-12-02,75.26,66.67,74.74,57.73
2024-12-03,70.1,65.62,74.74,58.76
2024-12-04,71.13,65.62,74.74,61.86
2024-12-05,58.76,62.5,70.53,67.01
2024-12-06,63.92,63.54,71.58,69.07
2024-12-09,58.76,62.5,70.53,70.1
2024-12-10,51.55,58.33,67.37,65.98
2024-12-11,64.95,61.46,66.32,72.16
2024-12-12,54.64,55.21,66.32,68.04
2024-12-13,49.48,56.25,63.16,63.92
2024-12-16,48.45,54.17,63.16,61.86
2024-12-17,46.39,54.17,63.16,57.73
2024-12-18,17.53,43.75,57.89,50.52
2024-12-19,13.4,41.67,55.79,40.21
2024-12-20,19.59,41.67,54.74,34.02
2024-12-23,22.68,43.75,54.74,31.96
2024-12-24,27.84,47.92,56.84,30.93
2024-12-26,32.99,47.92,56.84,26.8
2024-12-27,19.59,43.75,56.84,20.62
2024-12-30,14.43,38.54,54.74,17.53
2024-12-31,12.37,32.99,54.74,12.37
2025-01-02,16.49,37.11,53.68,11.34
2025-01-03,36.08,43.3,58.33,16.49
2025-01-06,46.39,42.27,59.38,19.59
2025-01-07,35.05,41.24,56.25,28.87
2025-01-08,39.18,43.3,60.42,28.87
2025-01-10,21.65,28.87,56.25,23.71
2025-01-13,25.77,25.77,56.25,23.71
2025-01-14,31.96,27.84,60.42,29.9
2025-01-15,53.61,40.21,63.54,34.02
2025-01-16,50.52,37.11,62.5,43.3
2025-01-17,70.1,48.45,63.54,52.58
2025-01-21,82.47,55.67,65.62,53.61
2025-01-22,81.44,60.82,68.75,52.58
2025-01-23,83.51,61.86,68.75,57.73
2025-01-24,82.47,57.73,65.62,59.79
2025-01-27,67.01,50.52,62.5,70.1
2025-01-28,62.89,55.67,64.58,80.41
2025-01-29,65.98,58.76,63.54,84.54
2025-01-30,75.26,63.92,63.54,83.51
2025-01-31,71.13,59.79,63.54,82.47
2025-02-03,61.86,56.7,65.62,75.26
2025-02-04,60.82,53.61,64.58,74.23
2025-02-05,68.04,57.73,69.79,70.1
2025-02-06,69.07,62.89,64.58,68.04
2025-02-07,60.82,58.76,64.58,65.98
2025-02-10,68.04,61.86,65.62,62.89
2025-02-11,64.95,63.92,64.58,62.89
2025-02-12,59.79,63.92,63.54,63.92
2025-02-13,67.01,69.07,66.67,61.86
2025-02-14,68.04,69.07,68.75,62.89
2025-02-18,71.13,72.16,70.83,62.89
2025-02-19,68.04,69.07,73.96,63.92
2025-02-20,67.01,69.07,73.96,69.07
2025-02-21,55.67,61.86,71.88,67.01
2025-02-24,49.48,58.76,67.71,65.98
2025-02-25,44.33,53.61,64.58,65.98
2025-02-26,50.52,59.79,62.5,63.92
2025-02-27,32.99,45.36,58.33,59.79
2025-02-28,41.24,51.55,59.38,54.64
2025-03-03,35.05,46.39,55.21,51.55
2025-03-04,25.77,41.24,51.04,45.36
2025-03-05,29.9,47.42,53.12,41.24
2025-03-06,22.68,35.05,50.0,34.02
2025-03-07,25.77,41.24,52.08,32.99
2025-03-10,17.53,27.84,44.79,28.87
2025-03-11,11.34,21.65,40.62,23.71
2025-03-12,8.25,22.68,39.58,20.62
2025-03-13,8.16,19.59,36.46,19.39
2025-03-14,14.29,22.68,41.67,13.27
2025-03-17,27.55,29.9,45.83,9.18
2025-03-18,25.51,24.74,42.71,11.22
2025-03-19,35.71,30.93,43.75,13.27
2025-03-20,35.71,26.8,44.79,14.29
2025-03-21,32.65,26.8,43.75,15.31
2025-03-24,55.1,34.02,48.96,17.35
2025-03-25,58.16,34.02,50.0,30.61
2025-03-26,54.08,34.02,47.92,41.84
2025-03-27,47.96,35.05,46.88,48.98
2025-03-28,22.45,25.77,43.75,56.12
2025-03-31,32.65,30.93,42.71,53.06
2025-04-01,35.71,29.9,42.71,52.04
2025-04-02,51.02,31.96,42.71,55.1
2025-04-03,26.53,26.8,40.62,52.04
2025-04-04,4.08,8.25,21.88,41.84
2025-04-07,2.04,4.12,19.79,31.63
2025-04-08,0.0,4.12,17.71,18.37
2025-04-09,32.65,12.37,40.62,19.39
2025-04-10,15.31,11.34,32.29,14.29
2025-04-11,29.59,15.46,35.42,13.27
2025-04-14,34.69,23.71,35.42,12.24
2025-04-15,41.84,26.8,35.42,11.22
2025-04-16,24.49,18.56,35.42,10.2
2025-04-17,32.65,23.71,34.38,8.16
2025-04-21,17.35,16.49,29.17,15.31
2025-04-22,30.61,22.68,34.38,21.43
2025-04-23,54.08,27.84,33.33,41.84
2025-04-24,79.59,31.96,37.5,42.86
2025-04-25,76.77,35.71,39.58,51.52
2025-04-28,80.81,37.76,38.54,60.61
2025-04-29,85.86,42.86,41.67,66.67
2025-04-30,88.89,48.98,42.71,75.76
2025-05-01,87.88,48.98,44.79,86.87
2025-05-02,94.95,68.37,52.08,90.91
2025-05-05,88.89,67.35,51.04,92.93
2025-05-06,84.85,62.24,47.92,90.91
2025-05-07,81.82,63.27,48.96,89.9
2025-05-08,80.81,64.29,51.04,87.88
2025-05-09,79.8,67.35,48.96,88.89
2025-05-12,85.86,80.61,65.62,87.88
2025-05-13,84.85,80.61,66.67,87.88
2025-05-14,84.85,79.59,67.71,85.86
2025-05-15,87.88,84.69,66.67,84.85
2025-05-16,89.9,84.69,68.75,84.85
2025-05-19,90.91,83.67,66.67,83.84
2025-05-20,89.9,83.67,67.71,82.83
2025-05-21,76.77,80.61,63.54,84.85
2025-05-22,73.74,78.57,63.54,85.86
2025-05-23,64.65,72.45,59.38,86.87
2025-05-27,81.82,80.61,67.71,86.87
2025-05-28,72.73,79.59,65.62,85.86
2025-05-29,72.73,78.57,64.58,84.85
2025-05-30,63.64,81.63,61.46,81.82
2025-06-02,65.66,77.55,62.5,73.74
2025-06-03,77.78,84.69,64.58,65.66
2025-06-04,73.74,83.67,65.62,63.64
2025-06-05,70.71,79.59,63.54,66.67
2025-06-06,73.74,86.73,67.71,64.65
2025-06-09,70.71,86.87,71.88,64.65
2025-06-10,74.75,86.87,76.04,69.7
2025-06-11,68.69,85.86,72.92,68.69
2025-06-12,73.74,84.85,72.92,70.71
2025-06-13,56.57,78.79,64.58,64.65
2025-06-16,64.65,83.84,69.79,65.66
2025-06-17,52.53,76.77,68.75,64.65
2025-06-18,55.56,73.74,67.71,63.64
2025-06-20,49.49,72.73,65.62,63.64
2025-06-23,60.61,77.78,68.75,62.63
2025-06-24,72.73,82.83,71.88,63.64
2025-06-25,64.65,78.79,67.71,64.65
2025-06-26,72.73,79.8,73.96,62.63
2025-06-27,75.76,77.78,73.96,58.59
2025-06-30,82.83,80.81,77.08,62.63
2025-07-01,82.83,82.83,77.08,66.67
2025-07-02,78.79,80.81,79.17,70.71
2025-07-03,86.87,86.87,80.21,76.77
2025-07-07,80.81,81.82,75.0,79.8
2025-07-08,80.81,80.81,76.04,82.83
2025-07-09,84.85,81.82,76.04,83.84
2025-07-10,72.73,76.77,75.0,85.86
2025-07-11,66.67,74.75,73.96,84.85
2025-07-14,63.64,77.78,75.0,82.83
2025-07-15,50.51,71.72,71.88,76.77
2025-07-16,51.52,70.71,72.92,73.74
2025-07-17,60.61,71.72,73.96,69.7
2025-07-18,63.64,74.75,73.96,64.65
2025-07-21,60.61,74.75,72.92,59.6
2025-07-22,68.69,76.77,78.12,57.58
2025-07-23,70.71,77.78,77.08,56.57
2025-07-24,67.68,75.76,79.17,53.54
2025-07-25,69.7,75.76,77.08,52.53
2025-07-28,65.66,75.76,76.04,52.53
2025-07-29,60.61,72.73,78.12,58.59
2025-07-30,56.57,67.68,76.04,64.65
2025-07-31,44.44,57.58,67.71,63.64
2025-08-01,38.38,53.54,63.54,62.63
2025-08-04,50.51,56.57,67.71,58.59
2025-08-05,46.46,53.54,65.62,56.57
2025-08-06,46.46,53.54,62.5,55.56
2025-08-07,48.48,54.55,65.62,50.51
2025-08-08,55.56,58.59,70.1,50.51
2025-08-11,52.53,57.58,68.04,50.51
2025-08-12,63.64,61.62,72.16,47.47
2025-08-13,64.65,64.65,76.29,49.49
2025-08-14,58.59,60.61,73.2,53.54
2025-08-15,54.55,56.57,72.16,55.56
2025-08-18,58.59,57.58,73.2,57.58
2025-08-19,56.57,57.58,71.13,56.57
2025-08-20,53.54,56.57,70.1,56.57
2025-08-21,46.46,51.52,69.07,57.58
2025-08-22,62.63,62.63,75.26,57.58
2025-08-25,54.55,54.55,70.1,56.57
2025-08-26,54.55,54.55,69.07,56.57
2025-08-27,58.59,58.59,71.13,57.58
2025-08-28,62.63,62.63,71.13,56.57
2025-08-29,55.56,55.56,71.13,57.58
2025-09-02,38.38,48.48,64.95,58.59
2025-09-03,38.38,48.48,68.04,57.58
2025-09-04,47.47,51.52,69.07,54.55
2025-09-05,48.48,55.56,69.07,53.54
2025-09-08,52.53,53.54,69.07,52.53
2025-09-09,54.55,53.54,67.01,51.52
2025-09-10,48.48,52.53,62.89,50.51
2025-09-11,57.58,54.55,69.07,53.54
2025-09-12,51.52,52.53,64.95,47.47
2025-09-15,51.52,54.55,67.01,52.53
2025-09-16,52.53,50.51,68.04,52.53
2025-09-17,56.57,54.55,65.98,53.54
2025-09-18,60.61,58.59,67.01,54.55
2025-09-19,63.64,62.63,67.01,56.57
2025-09-22,61.62,58.59,67.01,61.62
2025-09-23,60.61,60.61,65.98,62.63
2025-09-24,58.59,55.56,67.01,62.63
2025-09-25,51.52,51.52,67.01,60.61
2025-09-26,58.59,56.57,70.1,62.63
2025-09-29,62.63,59.6,70.1,62.63
2025-09-30,57.58,58.59,67.01,62.63
2025-10-01,60.61,59.6,68.04,61.62
2025-10-02,63.64,64.65,71.13,61.62
2025-10-03,60.61,61.62,69.07,59.6
2025-10-06,62.63,64.65,70.1,57.58
2025-10-07,52.53,60.61,69.07,57.58
2025-10-08,56.57,62.63,67.01,58.59
2025-10-09,54.55,62.63,68.04,59.6
2025-10-10,30.3,51.52,62.89,57.58
2025-10-13,42.42,54.55,65.98,52.53
2025-10-14,44.44,56.57,67.01,53.54
2025-10-15,48.48,58.59,64.95,52.53
2025-10-16,46.46,52.53,62.89,46.46
2025-10-17,51.52,59.6,62.89,45.45
2025-10-20,68.69,65.66,64.95,48.48
2025-10-21,74.75,68.69,70.1,51.52
2025-10-22,58.59,63.64,71.13,47.47
2025-10-23,65.66,65.66,72.16,43.43
2025-10-24,67.68,69.7,70.1,54.55
2025-10-27,74.75,74.75,71.13,59.6
2025-10-28,65.66,69.7,71.13,64.65
2025-10-29,57.58,63.64,64.95,62.63
2025-10-30,48.48,58.59,64.95,66.67
2025-10-31,54.55,60.61,63.92,64.65
2025-11-03,50.51,57.58,63.92,61.62
2025-11-04,41.41,54.55,61.86,57.58
2025-11-05,46.46,53.54,63.92,57.58
2025-11-06,34.34,48.48,59.79,61.62
2025-11-07,36.36,51.52,61.86,52.53
2025-11-10,43.43,52.53,62.89,47.47
2025-11-11,42.42,50.51,63.92,46.46
2025-11-12,43.43,53.54,63.92,43.43
2025-11-13,34.34,44.44,62.89,39.39
2025-11-14,29.29,44.44,61.86,35.35
2025-11-17,25.25,39.39,60.82,34.34
2025-11-18,24.24,37.37,59.79,34.34
2025-11-19,24.24,38.38,57.73,30.3
2025-11-20,20.2,31.31,55.67,31.31
2025-11-21,27.27,32.32,58.76,31.31
2025-11-24,30.3,37.37,57.73,32.32
2025-11-25,38.38,41.41,59.79,31.31
2025-11-26,51.52,45.45,59.79,32.32
2025-11-28,58.59,46.46,61.22,34.34
2025-12-01,55.56,43.43,61.22,34.34
2025-12-02,63.64,52.53,63.27,38.38
2025-12-03,68.69,55.56,66.33,41.41
2025-12-04,69.7,56.57,65.31,48.48
2025-12-05,68.69,58.59,70.41,60.61
2025-12-08,65.66,51.52,65.31,64.65
2025-12-09,64.65,50.51,64.29,67.68
2025-12-10,67.68,57.58,66.33,70.71
2025-12-11,72.73,60.61,65.31,74.75
2025-12-12,62.63,52.53,66.33,74.75
2025-12-15,56.57,53.54,66.33,75.76
2025-12-16,57.58,55.56,66.33,74.75
2025-12-17,46.46,52.53,63.27,67.68
2025-12-18,55.56,54.55,67.35,61.62
2025-12-19,57.58,57.58,65.31,60.61
2025-12-22,63.64,59.6,66.33,58.59
2025-12-23,61.62,59.6,66.33,55.56
2025-12-24,61.62,59.6,66.33,53.54
2025-12-26,58.59,60.61,66.33,51.52
2025-12-29,56.57,60.61,66.33,50.51
2025-12-30,47.47,58.59,65.31,48.48
2025-12-31,31.31,49.49,64.29,49.49
2026-01-02,40.4,44.44,59.18,47.47
2026-01-05,49.49,52.53,60.2,53.54
2026-01-06,59.6,59.6,65.31,52.53
2026-01-07,59.6,57.58,65.31,55.56
2026-01-08,58.59,58.59,63.27,56.57
2026-01-09,63.64,59.6,65.31,53.54
2026-01-12,59.6,59.6,64.29,57.58
2026-01-13,58.59,58.59,63.64,58.59
2026-01-14,58.59,58.59,61.62,57.58
2026-01-15,59.6,60.61,63.64,59.6
2026-01-16,59.6,57.58,61.62,57.58
2026-01-20,50.51,51.52,60.61,57.58
2026-01-21,55.56,57.58,61.62,58.59
2026-01-22,57.58,60.61,62.63,57.58
2026-01-23,59.6,60.61,61.62,57.58
2026-01-26,54.55,62.63,63.64,58.59
2026-01-27,58.59,64.65,67.68,57.58
2026-01-28,59.6,62.63,64.65,55.56
2026-01-29,54.55,59.6,59.6,55.56
2026-01-30,51.52,57.58,57.58,52.53
2026-02-02,46.46,57.58,58.59,53.54
2026-02-03,48.48,54.55,56.57,52.53
2026-02-04,45.45,54.55,55.56,53.54
2026-02-05,42.42,50.51,52.53,51.52
2026-02-06,50.51,56.57,54.55,52.53
2026-02-09,50.51,57.58,55.56,51.52
2026-02-10,51.52,54.55,56.57,48.48
2026-02-11,54.55,53.54,54.55,47.47
2026-02-12,50.51,51.52,55.56,45.45
2026-02-13,49.49,51.52,56.57,47.47
2026-02-17,48.48,52.53,55.56,46.46
2026-02-18,52.53,53.54,55.56,45.45
2026-02-19,46.46,55.56,55.56,49.49
2026-02-20,53.54,53.54,55.56,54.55
2026-02-23,49.49,52.53,53.54,52.53
2026-02-24,51.52,54.55,56.57,55.56
2026-02-25,61.62,56.57,57.58,55.56
2026-02-26,56.57,57.58,58.59,54.55
2026-02-27,55.56,52.53,59.6,54.55
2026-03-02,52.53,53.54,56.57,60.61
2026-03-03,42.42,46.46,53.54,60.61
2026-03-04,59.6,53.54,53.54,58.59
2026-03-05,47.47,45.45,55.56,56.57
2026-03-06,42.42,39.39,53.54,52.53
2026-03-09,44.44,47.47,53.54,52.53
2026-03-10,44.44,44.44,52.53,49.49
2026-03-11,46.46,45.45,52.53,51.52
2026-03-12,27.27,33.33,50.51,47.47
2026-03-13,27.27,32.32,49.49,45.45
2026-03-16,34.34,34.34,51.52,41.41
2026-03-17,34.34,40.4,51.52,37.37
2026-03-18,27.27,30.3,49.49,36.36
2026-03-19,30.3,30.3,48.48,32.32
2026-03-20,21.21,21.21,44.44,28.28
2026-03-23,27.27,25.25,45.45,21.21
2026-03-24,21.21,23.23,47.47,21.21
2026-03-25,28.28,29.29,49.49,24.24
2026-03-26,14.14,18.18,48.48,24.24
2026-03-27,10.1,17.17,45.45,23.23
2026-03-30,10.1,14.14,43.43,20.2
2026-03-31,31.31,23.23,47.47,20.2
2026-04-01,43.43,27.27,47.47,21.21
2026-04-02,45.45,30.3,47.47,21.21
2026-04-06,52.53,34.34,48.48,25.25
2026-04-07,53.54,32.32,49.49,32.32
2026-04-08,72.73,52.53,52.53,39.39
2026-04-09,65.66,51.52,53.54,42.42
2026-04-10,60.61,49.49,52.53,49.49
2026-04-13,70.71,51.52,55.56,59.6
2026-04-14,76.77,56.57,54.55,65.66
2026-04-15,78.79,60.61,55.56,72.73
2026-04-16,78.79,65.66,55.56,78.79
2026-04-17,83.84,68.69,58.59,78.79
2026-04-20,85.86,69.7,57.58,79.8
2026-04-21,76.77,67.68,57.58,81.82
2026-04-22,79.8,69.7,58.59,81.82
2026-04-23,75.76,67.68,56.57,80.81
2026-04-24,73.74,67.68,58.59,80.81
2026-04-27,67.68,63.64,58.59,79.8
2026-04-28,63.64,60.61,58.59,79.8
2026-04-29,61.62,60.61,58.59,79.8
2026-04-30,65.66,68.69,62.63,80.81
2026-05-01,69.7,71.72,62.63,76.77
2026-05-04,63.64,67.68,59.6,74.75
2026-05-05,60.61,66.67,61.62,68.69
2026-05-06,67.68,62.63,61.62,65.66
2026-05-07,64.65,64.65,63.64,63.64
2026-05-08,59.6,60.61,63.64,63.64
2026-05-11,53.54,58.59,63.64,62.63
2026-05-12,57.58,58.59,63.64,59.6
2026-05-13,53.54,56.57,62.63,58.59
2026-05-14,51.52,56.57,63.64,59.6
2026-05-15,51.52,56.57,63.64,56.57
2026-05-18,57.58,60.61,61.62,58.59
2026-05-19,50.51,58.59,58.59,56.57
2026-05-20,57.58,63.64,63.64,56.57
2026-05-21,55.56,63.64,62.63,53.54
2026-05-22,60.61,63.64,62.63,52.53
2026-05-26,61.62,59.6,64.65,53.54
2026-05-27,60.61,58.59,66.67,54.55
2026-05-28,61.62,66.67,64.65,51.52
2026-05-29,56.57,60.61,61.62,53.54
2026-06-01,58.59,67.68,60.61,62.63
2026-06-02,59.6,60.61,58.59,58.59
2026-06-03,56.57,61.62,62.63,60.61
2026-06-04,59.6,66.67,63.64,59.6
2026-06-05,49.49,53.54,63.64,62.63
2026-06-08,44.44,57.58,61.62,63.64
2026-06-09,44.44,53.54,60.61,62.63
2026-06-10,36.36,45.45,56.57,59.6
2026-06-11,50.51,49.49,59.6,54.55
2026-06-12,54.55,53.54,62.63,50.51
2026-06-15,60.61,61.62,62.63,49.49
2026-06-16,56.57,60.61,62.63,47.47
2026-06-17,37.37,50.51,61.62,47.47
2026-06-18,42.42,55.56,60.61,45.45
2026-06-22,44.44,49.49,62.63,48.48
2026-06-23,38.38,51.52,63.64,47.47
2026-06-24,44.44,56.57,64.65,47.47
2026-06-25,43.43,53.54,59.6,46.46
2026-06-26,46.46,48.48,59.6,46.46
2026-06-29,49.49,49.49,60.61,44.44
2026-06-30,49.49,50.51,59.6,45.45
2026-07-01,53.54,55.56,61.62,46.46
2026-07-02,55.56,54.55,62.63,46.46
2026-07-06,56.57,58.59,63.64,51.52
2026-07-07,52.53,51.52,62.63,45.45
2026-07-08,51.52,53.54,62.63,50.51
2026-07-09,56.57,55.56,61.62,51.52
2026-07-10,57.58,57.58,63.64,52.53
2026-07-13,53.54,50.51,62.63,54.55
2026-07-14,47.47,53.54,62.63,53.54
2026-07-15,48.48,48.48,63.64,57.58
2026-07-16,49.49,49.49,65.66,57.58
2026-07-17,44.44,41.41,61.62,54.55
2026-07-20,41.41,41.41,61.62,47.47
2026-07-21,47.47,41.41,60.61,47.47
2026-07-22,31.31,44.44,61.62,47.47
2026-07-23,30.3,37.37,57.58,44.44
2026-07-24,31.31,37.37,56.57,43.43
2026-07-27,44.44,46.46,62.63,43.43
2026-07-28,48.48,49.49,65.66,40.4
2026-07-29,47.47,47.47,62.63,39.39
2026-07-30,49.49,44.44,63.64,33.33
2026-07-31,53.54,45.45,62.63,37.37
2026-08-03,57.58,47.47,63.64,40.4
2026-08-04,69.7,58.59,67.68,43.43
2026-08-05,66.67,54.55,68.69,50.51
2026-08-06,63.64,50.51,65.66,50.51
2026-08-07,71.72,51.52,69.7,55.56
2026-08-10,66.67,55.56,69.7,59.6
2026-08-11,65.66,52.53,68.69,66.67
2026-08-12,69.7,56.57,68.69,71.72
2026-08-13,69.7,62.63,73.74,72.73
2026-08-14,70.71,64.65,72.73,75.76
2026-08-17,65.66,58.59,68.69,74.75
2026-08-18,58.59,59.6,69.7,73.74
2026-08-19,61.62,58.59,70.71,74.75
2026-08-20,52.53,50.51,68.69,68.69
2026-08-21,51.52,51.52,68.69,66.67
2026-08-24,51.52,50.51,70.71,67.68
2026-08-25,50.51,51.52,71.72,64.65
2026-08-26,52.53,51.52,69.7,58.59
2026-08-27,49.49,47.47,70.71,58.59
2026-08-28,45.45,48.48,69.7,51.52
2026-08-31,41.41,48.48,68.69,47.47
2026-09-01,37.37,44.44,61.62,45.45
2026-09-02,38.38,45.45,62.63,44.44
2026-09-03,36.36,47.47,64.65,45.45
2026-09-04,32.32,43.43,63.64,40.4
2026-09-08,29.29,47.47,61.62,37.37
2026-09-09,26.26,39.39,57.58,34.34
2026-09-10,20.2,37.37,56.57,27.27
2026-09-11,23.23,40.4,57.58,23.23
2026-09-14,23.23,39.39,58.59,22.22
2026-09-15,19.19,34.34,55.56,26.26
2026-09-16,18.18,32.32,54.55,26.26
2026-09-17,30.3,31.31,53.54,26.26
2026-09-18,32.32,32.32,54.55,24.24
2026-09-21,47.47,39.39,56.57,28.28
2026-09-22,52.53,46.46,57.58,30.3
2026-09-23,46.46,44.44,55.56,31.31
2026-09-24,49.49,42.42,56.57,36.36
2026-09-25,54.55,46.46,58.59,39.39
2026-09-28,56.57,46.46,55.56,46.46
2026-09-29,51.52,46.46,53.54,47.47
2026-09-30,48.48,47.47,53.54,50.51
2026-10-01,45.45,44.44,53.54,54.55
2026-10-02,49.49,43.43,57.58,54.55
