date,b20,b50,b200,b1020
2010-02-01,21.29,,,21.53
2010-02-02,31.9,,,18.1
2010-02-03,27.62,,,15.48
2010-02-04,8.81,,,13.33
2010-02-05,11.19,,,13.33
2010-02-08,7.38,,,12.62
2010-02-09,16.43,,,13.81
2010-02-10,15.95,,,14.52
2010-02-11,29.76,,,15.24
2010-02-12,33.81,,,18.1
2010-02-16,60.71,,,22.62
2010-02-17,71.43,,,25.0
2010-02-18,78.57,,,28.33
2010-02-19,82.14,,,42.62
2010-02-22,81.67,,,54.52
2010-02-23,70.0,,,66.67
2010-02-24,79.29,,,75.0
2010-02-25,75.24,,,82.14
2010-02-26,75.71,,,84.52
2010-03-01,84.76,,,86.67
2010-03-02,89.76,,,87.62
2010-03-03,88.81,,,89.52
2010-03-04,90.95,,,90.71
2010-03-05,95.0,,,89.29
2010-03-08,95.71,,,89.29
2010-03-09,91.9,,,90.0
2010-03-10,90.71,,,91.19
2010-03-11,90.26,,,92.4
2010-03-12,88.36,,,92.4
2010-03-15,85.75,,,90.5
2010-03-16,89.31,86.12,,90.5
2010-03-17,91.21,89.76,,90.74
2010-03-18,89.31,89.76,,91.69
2010-03-19,82.9,87.62,,90.5
2010-03-22,88.36,90.24,,91.45
2010-03-23,90.26,90.24,,89.79
2010-03-24,82.19,89.29,,89.07
2010-03-25,74.11,87.62,,87.41
2010-03-26,71.97,87.62,,85.27
2010-03-29,76.48,90.24,,84.56
2010-03-30,75.53,90.0,,82.9
2010-03-31,65.8,89.05,,79.81
2010-04-01,70.78,91.43,,75.3
2010-04-05,84.09,92.14,,76.72
2010-04-06,81.47,91.67,,74.82
2010-04-07,72.68,88.81,,71.73
2010-04-08,70.78,87.14,,71.02
2010-04-09,78.15,89.52,,72.92
2010-04-12,76.96,90.24,,74.58
2010-04-13,76.01,89.52,,74.35
2010-04-14,81.71,90.71,,75.3
2010-04-15,79.1,89.29,,78.15
2010-04-16,65.56,84.29,,78.15
2010-04-19,67.22,84.05,,76.72
2010-04-20,76.01,86.67,,75.3
2010-04-21,76.48,86.9,,76.72
2010-04-22,76.25,85.24,,78.15
2010-04-23,81.47,85.04,,78.15
2010-04-26,77.43,84.56,,76.96
2010-04-27,51.78,76.48,,74.58
2010-04-28,56.06,77.43,,72.45
2010-04-29,66.98,81.24,,70.55
2010-04-30,49.17,73.16,,69.83
2010-05-03,65.08,77.91,,71.97
2010-05-04,35.87,63.9,,65.56
2010-05-05,26.6,57.48,,58.19
2010-05-06,8.55,32.07,,48.69
2010-05-07,3.33,18.05,,35.15
2010-05-10,25.65,49.88,,27.79
2010-05-11,28.03,46.79,,26.37
2010-05-12,46.79,60.1,,25.89
2010-05-13,35.39,51.07,,21.38
2010-05-14,18.53,36.34,,18.53
2010-05-17,21.38,37.29,,14.25
2010-05-18,12.35,26.13,,12.11
2010-05-19,9.74,22.57,,10.69
2010-05-20,2.85,7.6,,11.64
2010-05-21,3.33,11.4,,16.39
2010-05-24,4.51,9.98,,13.3
2010-05-25,3.79,9.26,,10.66
2010-05-26,4.98,9.26,,7.11
2010-05-27,26.54,22.57,,6.64
2010-05-28,18.01,17.1,,6.64
2010-06-01,10.9,12.35,,6.16
2010-06-02,34.6,20.9,,6.64
2010-06-03,43.84,23.75,,8.77
2010-06-04,14.45,12.35,,11.37
2010-06-07,7.58,8.31,,11.61
2010-06-08,13.51,10.45,,13.03
2010-06-09,14.22,10.93,,15.4
2010-06-10,47.63,21.14,,22.99
2010-06-11,59.0,25.18,,26.78
2010-06-14,66.59,27.32,,30.33
2010-06-15,89.34,43.23,,44.55
2010-06-16,88.39,42.52,,50.71
2010-06-17,88.39,46.32,,54.98
2010-06-18,86.73,47.03,,61.37
2010-06-21,81.04,44.42,,72.75
2010-06-22,59.0,28.03,,77.73
2010-06-23,50.71,25.42,,83.18
2010-06-24,25.36,19.24,,81.75
2010-06-25,39.57,23.04,,81.52
2010-06-28,38.15,22.33,,78.91
2010-06-29,9.48,9.5,,67.3
2010-06-30,6.4,6.89,,51.66
2010-07-01,7.11,6.18,,36.97
2010-07-02,7.35,6.65,,20.38
2010-07-06,8.53,8.55,,12.8
2010-07-07,27.49,22.09,,9.72
2010-07-08,36.02,31.28,,7.35
2010-07-09,49.05,37.2,,8.53
2010-07-12,49.05,36.97,,8.53
2010-07-13,75.18,53.32,,9.22
2010-07-14,74.94,55.21,,14.18
2010-07-15,75.18,54.5,,24.11
2010-07-16,38.53,33.41,,38.06
2010-07-19,47.99,38.86,,58.16
2010-07-20,69.03,47.63,,74.47
2010-07-21,52.72,39.57,,77.3
2010-07-22,80.14,61.61,,81.09
2010-07-23,84.4,70.14,,83.92
2010-07-26,90.31,77.73,,86.05
2010-07-27,88.21,75.83,,86.56
2010-07-28,81.13,71.33,,83.02
2010-07-29,75.47,68.96,,80.19
2010-07-30,75.0,70.38,,82.31
2010-08-02,85.38,78.2,,81.37
2010-08-03,78.54,73.93,,79.01
2010-08-04,80.42,76.78,,82.78
2010-08-05,76.89,75.83,,83.49
2010-08-06,75.0,75.59,,81.6
2010-08-09,78.54,78.67,,80.42
2010-08-10,70.99,74.17,,77.83
2010-08-11,31.29,52.61,,76.47
2010-08-12,24.71,47.16,,74.35
2010-08-13,21.18,43.6,,67.53
2010-08-16,20.24,43.84,,57.41
2010-08-17,36.94,55.45,,49.18
2010-08-18,37.88,56.4,,40.0
2010-08-19,18.35,42.18,,29.18
2010-08-20,19.76,40.52,,23.53
2010-08-23,18.82,37.68,,20.47
2010-08-24,12.0,29.55,,15.76
2010-08-25,17.41,33.81,,16.71
2010-08-26,13.65,30.97,,15.29
2010-08-27,30.12,43.26,,16.47
2010-08-30,14.12,32.15,,16.94
2010-08-31,18.12,34.04,,15.76
2010-09-01,59.29,55.32,,17.41
2010-09-02,73.47,60.99,,22.54
2010-09-03,88.5,72.81,,31.22
2010-09-07,75.59,62.17,,36.85
2010-09-08,81.92,66.27,,53.76
2010-09-09,84.04,68.63,,63.85
2010-09-10,84.98,71.23,,74.65
2010-09-13,92.02,78.54,,80.75
2010-09-14,91.55,78.3,,86.15
2010-09-15,91.08,80.42,,92.25
2010-09-16,88.73,78.07,,93.43
2010-09-17,89.2,76.89,,94.84
2010-09-20,94.13,85.14,,93.66
2010-09-21,91.31,84.2,,94.84
2010-09-22,87.09,77.59,,95.07
2010-09-23,71.83,71.76,,93.43
2010-09-24,89.67,84.71,,92.96
2010-09-27,83.33,81.88,,91.31
2010-09-28,84.98,83.76,,88.03
2010-09-29,80.05,82.35,,83.33
2010-09-30,77.23,82.12,,81.69
2010-10-01,80.28,84.47,,82.16
2010-10-04,69.01,82.12,,78.87
2010-10-05,88.26,90.35,,78.17
2010-10-06,81.46,88.71,,78.64
2010-10-07,77.93,87.53,,79.34
2010-10-08,78.17,88.71,,77.46
2010-10-11,78.4,88.47,,78.4
2010-10-12,80.99,91.29,,77.7
2010-10-13,85.21,92.0,,79.58
2010-10-14,81.92,90.12,,81.22
2010-10-15,79.11,90.38,,80.99
2010-10-18,83.1,91.08,78.23,84.27
2010-10-19,65.73,86.85,74.05,80.75
2010-10-20,77.0,89.2,76.67,80.99
2010-10-21,75.59,90.61,77.14,78.87
2010-10-22,75.59,89.67,77.14,78.17
2010-10-25,77.46,91.55,77.62,78.64
2010-10-26,74.88,88.5,76.67,77.46
2010-10-27,69.01,85.92,77.14,76.06
2010-10-28,63.62,84.51,77.86,73.71
2010-10-29,64.79,83.1,77.86,71.36
2010-11-01,63.62,82.16,77.14,67.14
2010-11-02,73.71,87.09,79.76,70.89
2010-11-03,74.65,86.38,80.0,69.72
2010-11-04,84.51,90.61,84.05,70.89
2010-11-05,83.57,88.26,84.76,72.3
2010-11-08,81.92,87.09,83.81,74.65
2010-11-09,73.24,81.46,82.86,73.94
2010-11-10,75.59,84.04,82.86,76.06
2010-11-11,69.01,81.69,81.19,77.7
2010-11-12,53.76,76.53,78.33,78.4
2010-11-15,55.4,75.35,78.33,78.64
2010-11-16,28.87,61.5,73.81,75.12
2010-11-17,28.17,61.5,73.1,69.48
2010-11-18,49.06,69.72,76.9,62.44
2010-11-19,55.4,70.89,76.9,55.16
2010-11-22,52.11,69.25,76.19,50.23
2010-11-23,32.16,61.97,72.62,45.77
2010-11-24,56.1,69.72,77.43,41.31
2010-11-26,42.96,65.73,76.25,34.74
2010-11-29,38.26,63.62,74.11,31.46
2010-11-30,32.63,59.39,73.16,29.58
2010-12-01,62.44,70.66,77.67,34.51
2010-12-02,77.0,78.17,81.95,43.43
2010-12-03,80.52,79.11,82.42,50.94
2010-12-06,80.05,78.64,81.95,56.1
2010-12-07,78.4,77.7,82.66,62.44
2010-12-08,78.4,77.46,83.85,69.48
2010-12-09,80.52,76.29,84.8,74.65
2010-12-10,85.68,80.28,87.65,80.28
2010-12-13,84.04,79.11,88.36,83.57
2010-12-14,84.74,79.58,87.89,87.56
2010-12-15,75.12,74.88,86.46,88.03
2010-12-16,79.39,77.7,87.65,85.95
2010-12-17,80.33,79.11,86.94,85.71
2010-12-20,81.5,80.75,88.36,84.54
2010-12-21,82.44,82.16,89.79,83.84
2010-12-22,83.84,82.86,90.26,80.56
2010-12-23,81.26,79.81,89.79,81.03
2010-12-27,79.63,81.46,90.02,81.03
2010-12-28,77.99,80.75,89.55,80.56
2010-12-29,75.88,82.63,90.5,78.92
2010-12-30,73.3,83.1,88.6,79.16
2010-12-31,69.79,80.28,89.07,77.99
2011-01-03,81.26,84.98,89.79,78.22
2011-01-04,68.22,83.57,89.55,76.87
2011-01-05,68.46,81.46,91.21,73.6
2011-01-06,63.08,79.11,90.5,72.2
2011-01-07,61.21,77.93,89.31,69.86
2011-01-10,57.01,76.29,89.07,69.16
2011-01-11,62.38,78.64,90.02,66.59
2011-01-12,69.7,82.16,91.45,65.03
2011-01-13,68.53,80.75,90.74,62.7
2011-01-14,73.43,81.69,91.92,64.1
2011-01-18,77.86,84.51,93.11,63.64
2011-01-19,62.24,78.64,91.69,62.47
2011-01-20,55.71,78.4,92.87,63.17
2011-01-21,56.64,75.82,92.4,63.87
2011-01-24,65.5,80.05,93.11,64.1
2011-01-25,67.13,80.99,91.45,68.76
2011-01-26,73.66,81.92,91.69,71.56
2011-01-27,73.89,81.69,92.16,71.33
2011-01-28,46.62,70.89,89.31,68.53
2011-01-31,53.85,71.9,90.02,65.73
2011-02-01,72.03,78.69,91.92,62.94
2011-02-02,67.37,77.28,90.97,62.94
2011-02-03,70.63,78.45,92.4,66.43
2011-02-04,71.1,79.39,92.16,69.23
2011-02-07,77.86,82.44,92.87,69.7
2011-02-08,80.42,82.67,93.59,69.46
2011-02-09,76.46,83.14,93.36,68.76
2011-02-10,77.39,80.09,93.36,69.0
2011-02-11,81.59,84.31,92.89,73.43
2011-02-14,81.12,81.73,92.89,77.16
2011-02-15,78.79,80.33,91.94,78.55
2011-02-16,82.75,82.94,93.13,80.42
2011-02-17,82.98,83.64,93.13,81.59
2011-02-18,82.75,83.41,92.89,82.28
2011-02-22,53.15,71.03,91.0,82.28
2011-02-23,36.13,62.15,89.1,78.79
2011-02-24,37.3,61.21,88.86,75.52
2011-02-25,55.24,71.1,91.0,72.96
2011-02-28,59.67,72.96,91.47,66.43
2011-03-01,36.6,61.77,89.57,56.88
2011-03-02,38.0,62.0,89.57,52.21
2011-03-03,65.27,75.76,91.47,48.72
2011-03-04,51.98,69.46,89.34,42.89
2011-03-07,36.83,63.4,89.57,36.83
2011-03-08,55.24,72.96,90.76,38.0
2011-03-09,51.75,70.16,91.0,42.19
2011-03-10,32.17,56.18,89.1,44.29
2011-03-11,38.84,60.14,90.28,43.72
2011-03-14,29.07,51.75,87.68,39.77
2011-03-15,21.4,40.79,85.31,40.47
2011-03-16,12.09,27.97,81.28,39.07
2011-03-17,19.53,35.2,82.7,32.79
2011-03-18,26.05,39.39,84.36,30.47
2011-03-21,50.7,54.08,86.26,33.72
2011-03-22,43.26,48.72,85.31,31.4
2011-03-23,46.28,48.48,86.49,25.35
2011-03-24,61.63,57.81,87.44,26.05
2011-03-25,67.21,62.24,87.68,27.91
2011-03-28,63.26,60.61,87.44,31.63
2011-03-29,74.42,66.67,88.65,37.44
2011-03-30,83.72,74.59,90.07,47.44
2011-03-31,80.7,73.89,89.36,64.65
2011-04-01,85.58,76.46,89.6,76.74
2011-04-04,84.65,78.32,90.31,80.0
2011-04-05,84.42,77.86,89.6,85.12
2011-04-06,89.33,78.55,90.54,90.95
2011-04-07,85.61,75.76,90.54,90.26
2011-04-08,77.26,69.0,90.31,90.72
2011-04-11,68.91,64.1,89.36,90.02
2011-04-12,56.38,56.41,89.62,88.17
2011-04-13,52.9,57.58,89.39,85.61
2011-04-14,53.13,59.67,89.39,78.19
2011-04-15,60.09,65.27,89.39,71.0
2011-04-18,40.05,52.68,88.21,63.43
2011-04-19,44.68,57.34,88.44,53.94
2011-04-20,66.44,70.63,89.39,46.3
2011-04-21,71.76,72.73,89.39,43.98
2011-04-25,68.06,71.4,89.62,43.98
2011-04-26,75.0,74.88,91.75,45.6
2011-04-27,79.68,79.53,93.4,53.35
2011-04-28,81.06,82.56,93.88,59.82
2011-04-29,78.75,81.63,93.18,67.67
2011-05-02,75.75,79.3,92.94,71.59
2011-05-03,70.44,75.58,92.24,77.37
2011-05-04,62.59,71.16,91.29,79.68
2011-05-05,56.58,67.21,90.35,79.68
2011-05-06,60.05,70.93,91.53,78.29
2011-05-09,64.43,73.95,91.06,77.6
2011-05-10,75.52,79.77,92.47,75.52
2011-05-11,63.05,72.09,90.35,70.21
2011-05-12,66.97,74.65,91.53,66.74
2011-05-13,54.73,68.6,89.18,63.28
2011-05-16,48.27,62.79,88.0,60.05
2011-05-17,42.49,61.16,88.0,55.43
2011-05-18,53.58,66.74,88.94,49.88
2011-05-19,56.35,68.91,89.18,51.27
2011-05-20,44.34,64.04,87.32,50.35
2011-05-23,25.17,52.44,85.21,45.73
2011-05-24,21.02,51.28,84.51,41.11
2011-05-25,23.09,51.51,85.45,39.03
2011-05-26,35.1,54.99,86.38,34.87
2011-05-27,43.42,58.47,87.32,33.95
2011-05-31,62.82,65.43,87.79,35.1
2011-06-01,25.17,47.69,82.39,37.41
2011-06-02,22.17,43.75,82.63,33.95
2011-06-03,12.01,34.26,79.81,23.33
2011-06-06,7.39,25.69,74.18,19.86
2011-06-07,8.55,27.55,72.54,19.86
2011-06-08,7.85,23.61,70.66,20.09
2011-06-09,12.47,27.02,70.89,19.63
2011-06-10,6.24,17.09,63.85,15.24
2011-06-13,6.7,15.94,64.55,11.55
2011-06-14,16.63,25.87,69.25,9.01
2011-06-15,6.24,14.55,62.91,6.0
2011-06-16,9.93,15.24,62.44,5.54
2011-06-17,18.94,18.48,64.32,5.08
2011-06-20,30.25,24.71,65.26,6.93
2011-06-21,54.04,35.1,71.83,9.24
2011-06-22,45.03,31.18,67.84,12.93
2011-06-23,41.57,27.71,67.61,16.63
2011-06-24,31.87,18.24,64.32,23.56
2011-06-27,43.65,25.64,66.2,32.33
2011-06-28,66.74,37.64,69.95,41.8
2011-06-29,78.29,45.03,71.83,52.89
2011-06-30,87.53,54.5,76.06,63.28
2011-07-01,94.46,69.98,79.81,77.14
2011-07-05,91.92,67.9,79.58,81.76
2011-07-06,91.92,67.44,79.81,83.37
2011-07-07,95.84,77.37,83.57,86.84
2011-07-08,91.22,71.13,79.34,89.84
2011-07-11,70.44,53.58,72.54,90.76
2011-07-12,64.9,52.19,71.6,91.45
2011-07-13,63.51,52.42,70.66,92.38
2011-07-14,43.42,41.57,67.14,90.99
2011-07-15,43.88,44.8,67.84,87.07
2011-07-18,27.48,35.8,61.74,75.75
2011-07-19,47.34,50.12,68.08,67.44
2011-07-20,45.73,50.35,67.84,57.74
2011-07-21,63.74,63.05,71.13,47.81
2011-07-22,58.53,62.82,70.42,40.09
2011-07-25,45.39,57.27,68.31,35.02
2011-07-26,40.55,48.96,65.49,31.34
2011-07-27,19.12,32.56,55.87,28.34
2011-07-28,18.2,31.64,54.93,28.8
2011-07-29,15.67,28.41,52.11,26.96
2011-08-01,13.13,25.4,48.59,28.57
2011-08-02,4.15,12.47,36.38,27.19
2011-08-03,6.91,15.01,38.26,24.42
2011-08-04,0.92,3.93,22.07,14.75
2011-08-05,1.38,3.93,21.13,9.22
2011-08-08,0.0,0.46,7.28,3.46
2011-08-09,0.69,3.23,17.84,1.84
2011-08-10,0.0,1.85,11.03,0.46
2011-08-11,4.15,5.31,19.01,0.46
2011-08-12,5.07,6.24,20.19,0.23
2011-08-15,16.13,13.39,27.0,0.23
2011-08-16,13.82,11.55,25.12,0.46
2011-08-17,20.51,11.09,24.88,0.46
2011-08-18,7.14,3.7,16.67,1.61
2011-08-19,6.68,2.31,13.62,2.53
2011-08-22,8.29,3.23,14.08,5.76
2011-08-23,26.27,9.47,21.83,9.91
2011-08-24,38.48,16.4,25.35,21.2
2011-08-25,27.65,9.24,21.6,25.35
2011-08-26,49.31,13.39,25.59,31.34
2011-08-29,85.48,26.1,32.39,36.18
2011-08-30,89.63,28.64,34.04,40.55
2011-08-31,94.93,30.48,35.68,47.93
2011-09-01,87.56,26.56,31.46,60.6
2011-09-02,54.61,15.67,26.46,73.27
2011-09-06,42.17,14.06,25.29,77.65
2011-09-07,83.87,28.11,32.32,82.72
2011-09-08,64.29,25.12,29.04,80.88
2011-09-09,24.42,12.21,22.72,82.49
2011-09-12,34.33,15.9,22.95,84.1
2011-09-13,51.61,21.66,26.23,80.65
2011-09-14,74.19,30.41,29.27,74.65
2011-09-15,84.33,40.55,31.85,70.74
2011-09-16,83.41,45.39,35.13,63.59
2011-09-19,67.97,39.63,33.26,61.06
2011-09-20,61.52,38.02,32.79,59.22
2011-09-21,31.34,26.5,23.13,47.24
2011-09-22,14.75,15.67,19.16,42.63
2011-09-23,18.89,20.74,19.86,40.09
2011-09-26,29.72,27.42,22.9,41.01
2011-09-27,44.93,35.48,27.1,44.93
2011-09-28,21.89,24.88,20.56,43.32
2011-09-29,34.1,29.26,21.91,40.55
2011-09-30,16.13,19.35,18.88,31.34
2011-10-03,3.0,8.76,13.05,22.35
2011-10-04,12.9,18.43,14.92,13.82
2011-10-05,27.42,27.19,16.32,12.44
2011-10-06,54.38,44.24,20.51,16.36
2011-10-07,42.63,36.64,20.75,18.2
2011-10-10,77.42,62.67,29.14,21.2
2011-10-11,74.19,62.9,27.27,21.66
2011-10-12,82.72,74.19,29.37,31.11
2011-10-13,83.64,71.66,29.84,41.01
2011-10-14,93.09,80.88,34.27,56.91
2011-10-17,82.26,65.67,29.14,74.65
2011-10-18,91.94,80.65,35.2,85.25
2011-10-19,87.56,72.35,30.54,90.55
2011-10-20,88.25,74.88,32.87,91.94
2011-10-21,94.01,85.02,40.56,95.62
2011-10-24,97.24,91.47,43.82,96.31
2011-10-25,90.09,83.87,39.16,97.0
2011-10-26,91.01,88.71,42.19,96.54
2011-10-27,96.08,93.78,53.61,96.54
2011-10-28,93.78,93.55,52.91,95.39
2011-10-31,88.48,89.63,44.52,94.24
2011-11-01,56.68,73.5,36.36,91.71
2011-11-02,71.43,82.03,41.96,88.94
2011-11-03,84.79,87.79,46.85,88.94
2011-11-04,79.26,87.1,46.39,87.79
2011-11-07,81.8,89.17,47.79,85.02
2011-11-08,86.64,91.47,52.21,84.33
2011-11-09,40.92,74.42,38.23,84.14
2011-11-10,50.11,78.57,41.49,77.47
2011-11-11,76.09,85.94,48.95,71.26
2011-11-14,60.46,81.57,45.45,65.75
2011-11-15,67.82,84.56,48.95,68.28
2011-11-16,42.3,76.04,42.66,64.14
2011-11-17,19.31,64.29,36.6,54.25
2011-11-18,20.92,63.13,37.06,45.75
2011-11-21,9.43,47.24,32.17,39.77
2011-11-22,7.59,41.24,31.24,25.06
2011-11-23,2.07,25.81,23.08,20.92
2011-11-25,2.99,23.27,23.26,17.24
2011-11-28,14.94,46.77,32.79,13.1
2011-11-29,22.07,50.23,33.02,8.05
2011-11-30,76.09,81.11,46.51,6.9
2011-12-01,74.71,79.72,45.12,7.13
2011-12-02,74.71,79.03,45.35,10.34
2011-12-05,85.06,83.87,49.07,16.09
2011-12-06,85.75,82.03,49.3,23.68
2011-12-07,85.52,82.03,49.07,45.29
2011-12-08,56.32,67.05,40.47,63.68
2011-12-09,82.76,77.88,49.07,80.0
2011-12-12,64.14,67.74,41.63,87.59
2011-12-13,47.82,54.38,40.47,91.72
2011-12-14,35.63,42.4,37.44,90.34
2011-12-15,44.27,47.7,39.53,87.16
2011-12-16,50.92,51.38,41.86,81.88
2011-12-19,37.39,40.09,37.91,75.92
2011-12-20,69.95,62.21,45.58,64.68
2011-12-21,69.5,61.98,46.87,56.88
2011-12-22,74.54,68.28,49.42,52.75
2011-12-23,80.5,72.18,51.97,45.64
2011-12-27,80.05,73.1,52.67,44.5
2011-12-28,60.09,60.92,49.65,44.72
2011-12-29,72.94,67.82,54.06,54.59
2011-12-30,70.41,66.21,53.13,60.78
2012-01-03,81.65,74.02,56.61,67.2
2012-01-04,78.67,71.72,55.09,77.98
2012-01-05,79.36,75.86,56.02,82.11
2012-01-06,77.98,74.25,55.32,86.01
2012-01-09,77.29,76.09,56.25,86.7
2012-01-10,83.49,83.22,64.58,88.76
2012-01-11,83.03,83.22,64.81,86.93
2012-01-12,82.11,82.76,65.13,86.93
2012-01-13,79.13,79.77,61.89,81.88
2012-01-17,79.13,82.07,64.2,79.82
2012-01-18,82.11,86.67,68.59,77.52
2012-01-19,83.72,89.2,72.52,76.61
2012-01-20,81.65,89.43,73.44,77.29
2012-01-23,81.88,88.97,73.44,78.67
2012-01-24,80.28,88.28,75.06,80.5
2012-01-25,84.17,90.11,78.29,81.42
2012-01-26,82.57,89.43,78.06,83.03
2012-01-27,75.69,87.59,77.6,83.26
2012-01-30,69.27,84.83,75.98,83.49
2012-01-31,67.89,84.86,77.6,80.96
2012-02-01,78.67,88.76,81.76,80.73
2012-02-02,77.29,88.99,82.91,79.82
2012-02-03,86.7,91.28,86.61,79.13
2012-02-06,81.88,90.14,85.68,77.98
2012-02-07,86.01,90.14,85.91,78.44
2012-02-08,84.4,89.45,86.84,79.13
2012-02-09,82.11,89.45,85.91,78.21
2012-02-10,70.41,86.93,84.99,79.36
2012-02-13,76.61,86.7,86.14,80.73
2012-02-14,68.35,86.24,84.76,80.5
2012-02-15,61.47,82.34,83.83,81.65
2012-02-16,75.46,86.7,88.68,80.73
2012-02-17,75.92,87.39,86.37,78.21
2012-02-21,69.27,85.09,85.68,75.23
2012-02-22,61.93,82.34,85.22,71.33
2012-02-23,66.97,84.17,86.37,69.72
2012-02-24,66.97,83.72,86.84,66.74
2012-02-27,66.06,82.11,86.61,68.81
2012-02-28,64.45,80.5,86.61,66.06
2012-02-29,55.05,77.75,86.37,61.47
2012-03-01,61.47,80.28,86.37,64.22
2012-03-02,51.38,76.38,85.68,61.01
2012-03-05,48.39,73.17,85.91,58.03
2012-03-06,24.08,59.17,80.83,52.52
2012-03-07,32.8,63.76,82.68,51.61
2012-03-08,48.85,71.79,85.45,48.62
2012-03-09,62.16,76.83,86.84,48.85
2012-03-12,61.93,75.69,86.84,48.62
2012-03-13,82.57,84.17,89.61,51.15
2012-03-14,76.38,80.96,87.76,53.44
2012-03-15,80.96,84.63,89.15,55.05
2012-03-16,81.42,82.8,90.07,60.32
2012-03-19,81.88,84.4,89.15,67.66
2012-03-20,75.23,81.19,88.91,75.92
2012-03-21,72.02,79.82,89.15,79.82
2012-03-22,61.93,73.39,87.99,82.11
2012-03-23,69.5,74.31,88.68,83.26
2012-03-26,85.32,84.63,91.92,85.09
2012-03-27,85.09,83.03,91.69,83.26
2012-03-28,72.25,78.44,90.3,82.11
2012-03-29,70.41,77.98,89.84,80.28
2012-03-30,74.77,80.05,90.76,78.44
2012-04-02,80.05,83.49,90.53,77.98
2012-04-03,69.27,78.44,90.53,73.62
2012-04-04,51.83,68.58,89.15,69.95
2012-04-05,45.41,65.37,88.68,66.28
2012-04-09,24.08,49.54,86.14,61.7
2012-04-10,8.94,30.73,80.65,47.94
2012-04-11,16.74,40.37,84.1,40.37
2012-04-12,31.65,52.29,86.87,36.01
2012-04-13,22.71,41.28,84.56,32.57
2012-04-16,26.83,45.64,84.33,30.5
2012-04-17,50.92,58.03,86.87,26.83
2012-04-18,44.95,54.36,85.94,23.85
2012-04-19,38.99,49.54,84.33,22.02
2012-04-20,46.33,54.13,83.41,18.12
2012-04-23,33.72,45.41,80.65,20.18
2012-04-24,42.43,49.31,81.57,29.13
2012-04-25,58.26,60.32,85.94,39.91
2012-04-26,68.58,63.53,88.25,44.5
2012-04-27,72.94,65.37,88.48,50.23
2012-04-30,67.89,62.84,87.33,57.11
2012-05-01,74.31,65.6,88.71,60.09
2012-05-02,69.04,62.61,88.02,63.76
2012-05-03,61.93,55.5,85.48,66.97
2012-05-04,44.04,47.25,79.72,67.66
2012-05-07,45.64,47.48,80.18,68.58
2012-05-08,39.91,45.64,80.18,65.83
2012-05-09,32.49,40.37,76.04,59.73
2012-05-10,37.53,42.89,78.34,57.21
2012-05-11,35.93,42.2,77.65,49.66
2012-05-14,25.86,35.78,74.88,42.79
2012-05-15,22.43,34.4,71.89,36.16
2012-05-16,20.37,32.8,68.89,32.49
2012-05-17,11.44,22.25,64.29,25.63
2012-05-18,6.41,16.74,60.14,19.91
2012-05-21,10.07,23.17,66.59,15.79
2012-05-22,12.59,25.46,66.59,13.27
2012-05-23,15.33,26.61,67.97,11.67
2012-05-24,24.03,30.96,67.74,10.76
2012-05-25,24.94,28.9,66.59,10.98
2012-05-29,42.11,37.16,71.66,11.44
2012-05-30,23.11,25.46,62.9,12.36
2012-05-31,25.4,26.61,62.44,14.87
2012-06-01,8.47,14.45,53.92,17.62
2012-06-04,10.53,13.76,52.3,21.51
2012-06-05,14.19,15.6,55.53,22.88
2012-06-06,48.28,28.44,62.21,27.0
2012-06-07,45.31,27.75,61.75,29.52
2012-06-08,61.1,34.63,64.29,32.95
2012-06-11,41.65,26.83,60.14,34.32
2012-06-12,62.33,33.26,63.59,32.65
2012-06-13,50.46,30.05,60.37,36.76
2012-06-14,61.19,38.07,61.29,42.01
2012-06-15,74.49,45.64,65.44,49.66
2012-06-18,75.4,49.08,66.36,59.0
2012-06-19,88.15,56.65,71.2,65.83
2012-06-20,83.83,55.96,70.51,69.25
2012-06-21,55.58,40.05,62.44,71.75
2012-06-22,62.87,44.16,64.29,72.21
2012-06-25,41.23,33.64,57.6,73.35
2012-06-26,47.61,34.55,59.68,74.72
2012-06-27,58.09,43.48,62.67,76.54
2012-06-28,58.09,42.11,61.06,76.08
2012-06-29,83.14,63.39,69.59,71.75
2012-07-02,81.09,66.36,70.28,67.2
2012-07-03,85.42,71.62,72.81,64.01
2012-07-05,84.74,70.25,72.58,61.28
2012-07-06,71.07,62.24,67.97,64.24
2012-07-09,65.15,59.73,65.67,66.51
2012-07-10,51.94,53.55,62.67,69.02
2012-07-11,51.71,54.23,62.44,71.3
2012-07-12,46.24,51.03,58.53,70.62
2012-07-13,62.64,62.93,65.9,71.3
2012-07-16,57.63,59.95,63.82,68.34
2012-07-17,65.15,64.99,64.75,66.29
2012-07-18,72.67,71.85,69.59,64.69
2012-07-19,76.54,73.46,69.59,62.87
2012-07-20,60.59,64.99,64.52,59.91
2012-07-23,42.37,57.67,60.14,57.18
2012-07-24,29.84,49.89,57.37,52.85
2012-07-25,33.03,52.05,59.45,49.89
2012-07-26,53.99,63.01,62.9,49.43
2012-07-27,71.59,76.48,69.59,48.41
2012-07-30,70.68,73.8,67.82,55.45
2012-07-31,64.09,71.3,65.52,56.36
2012-08-01,56.82,65.83,63.91,55.68
2012-08-02,47.5,61.73,61.61,53.41
2012-08-03,68.41,75.4,68.51,56.14
2012-08-06,70.23,75.85,69.43,60.45
2012-08-07,74.55,77.9,74.71,65.0
2012-08-08,74.55,78.36,74.71,68.18
2012-08-09,72.05,77.45,74.94,70.0
2012-08-10,72.73,77.9,75.17,70.45
2012-08-13,71.36,76.99,73.79,68.41
2012-08-14,70.45,74.03,71.95,70.91
2012-08-15,74.32,74.94,74.25,74.32
2012-08-16,79.82,78.59,76.32,78.46
2012-08-17,80.5,80.64,77.01,78.46
2012-08-20,78.0,79.27,76.78,78.0
2012-08-21,72.11,75.85,77.47,75.74
2012-08-22,69.84,72.67,76.55,73.47
2012-08-23,56.24,67.88,72.87,72.11
2012-08-24,64.17,71.53,74.71,71.43
2012-08-27,61.22,70.39,74.25,71.66
2012-08-28,58.73,70.84,74.71,73.47
2012-08-29,58.28,71.98,74.48,70.07
2012-08-30,41.72,67.2,71.26,61.22
2012-08-31,52.15,71.07,72.64,56.01
2012-09-04,54.42,71.75,72.02,51.93
2012-09-05,49.43,68.56,69.72,47.85
2012-09-06,78.0,78.36,77.52,51.47
2012-09-07,78.23,80.18,80.5,55.78
2012-09-10,71.66,75.45,78.21,58.5
2012-09-11,70.29,75.68,78.44,59.64
2012-09-12,71.43,76.59,79.36,62.13
2012-09-13,81.63,81.36,82.11,66.67
2012-09-14,80.05,82.5,82.57,73.7
2012-09-17,76.87,81.36,80.5,77.78
2012-09-18,74.6,80.23,80.05,79.37
2012-09-19,76.19,79.55,79.59,80.05
2012-09-20,71.43,78.64,78.21,78.91
2012-09-21,69.84,76.14,78.44,76.64
2012-09-24,68.48,75.45,77.98,75.96
2012-09-25,50.11,66.82,74.54,75.74
2012-09-26,42.63,62.27,73.17,72.79
2012-09-27,52.83,67.73,74.77,70.29
2012-09-28,45.58,65.76,73.17,62.13
2012-10-01,46.94,66.21,72.25,55.78
2012-10-02,47.39,65.31,71.33,48.98
2012-10-03,51.7,68.48,71.56,44.67
2012-10-04,64.63,72.56,75.0,45.8
2012-10-05,64.4,71.43,73.85,46.03
2012-10-08,58.05,69.39,73.62,43.54
2012-10-09,39.68,60.54,68.81,43.54
2012-10-10,33.11,54.65,67.43,43.54
2012-10-11,36.28,55.56,68.12,44.22
2012-10-12,30.39,49.21,65.83,45.58
2012-10-15,42.86,54.88,69.95,47.85
2012-10-16,61.9,63.72,72.94,50.57
2012-10-17,66.89,67.57,75.23,54.88
2012-10-18,65.76,64.4,73.39,54.2
2012-10-19,47.39,53.06,67.89,51.25
2012-10-22,45.12,51.7,67.89,48.07
2012-10-23,29.93,42.86,62.39,45.35
2012-10-24,28.57,40.14,61.01,45.8
2012-10-25,35.83,45.8,63.07,46.26
2012-10-26,36.28,44.67,62.39,46.71
2012-10-31,43.99,48.98,64.45,48.07
2012-11-01,58.05,56.46,70.18,46.03
2012-11-02,46.49,51.7,64.68,41.5
2012-11-05,48.98,48.98,66.51,39.0
2012-11-06,60.32,55.78,71.1,41.72
2012-11-07,39.46,40.36,62.39,43.54
2012-11-08,27.89,35.37,56.88,42.86
2012-11-09,27.89,34.92,57.57,43.54
2012-11-12,28.67,34.47,57.11,41.31
2012-11-13,26.19,33.79,56.88,39.5
2012-11-14,14.45,24.26,47.25,36.79
2012-11-15,15.35,21.09,47.25,31.6
2012-11-16,20.54,24.04,50.69,30.93
2012-11-19,43.34,36.73,57.11,30.02
2012-11-20,46.28,40.36,58.26,26.86
2012-11-21,52.6,42.4,59.86,26.41
2012-11-23,70.43,52.38,66.28,28.89
2012-11-26,66.14,52.38,64.91,31.83
2012-11-27,58.47,50.34,63.07,34.31
2012-11-28,69.75,55.33,65.83,38.15
2012-11-29,79.01,58.5,69.72,48.53
2012-11-30,83.75,61.45,69.04,64.79
2012-12-03,75.85,56.24,66.51,74.72
2012-12-04,75.4,56.46,65.37,79.01
2012-12-05,79.46,59.64,66.51,85.33
2012-12-06,81.04,63.95,67.66,89.62
2012-12-07,83.75,68.03,68.81,89.62
2012-12-10,82.62,67.8,69.04,89.62
2012-12-11,85.55,71.88,71.79,89.62
2012-12-12,84.65,73.47,70.18,87.13
2012-12-13,74.27,66.67,68.35,82.62
2012-12-14,62.3,61.45,67.66,77.65
2012-12-17,76.07,71.88,71.56,75.85
2012-12-18,83.3,81.63,76.38,75.62
2012-12-19,76.52,77.1,73.85,76.3
2012-12-20,80.36,79.59,75.92,76.52
2012-12-21,70.43,75.51,71.56,76.52
2012-12-24,67.49,73.92,71.1,74.72
2012-12-26,56.21,65.46,68.58,69.3
2012-12-27,54.4,65.24,68.58,68.85
2012-12-28,34.99,55.53,64.68,67.27
2012-12-31,61.63,70.43,70.41,68.17
2013-01-02,90.52,87.81,78.9,68.4
2013-01-03,87.58,88.49,78.9,66.82
2013-01-04,91.2,89.62,81.19,69.75
2013-01-07,85.1,87.81,79.59,68.17
2013-01-08,79.46,86.23,78.44,71.56
2013-01-09,81.94,85.78,78.67,74.49
2013-01-10,88.04,88.04,80.28,79.01
2013-01-11,86.23,88.71,80.28,83.07
2013-01-14,84.65,88.94,81.88,89.16
2013-01-15,86.91,89.62,81.88,90.52
2013-01-16,82.62,88.49,80.96,89.62
2013-01-17,87.13,90.74,83.03,90.07
2013-01-18,87.81,90.97,84.63,88.04
2013-01-22,90.07,92.1,84.63,88.71
2013-01-23,89.84,91.42,84.17,90.52
2013-01-24,90.52,92.1,85.78,90.07
2013-01-25,90.52,93.68,86.7,89.84
2013-01-28,86.91,92.33,85.78,88.94
2013-01-29,86.91,92.78,87.19,87.58
2013-01-30,81.98,90.97,86.27,85.81
2013-01-31,75.23,89.84,86.5,87.16
2013-02-01,81.53,92.1,88.1,86.94
2013-02-04,70.95,88.04,86.27,86.71
2013-02-05,78.6,90.52,87.41,84.91
2013-02-06,78.38,89.62,88.1,83.11
2013-02-07,70.5,86.91,88.1,80.86
2013-02-08,76.35,88.49,88.79,77.03
2013-02-11,73.87,87.81,88.33,74.77
2013-02-12,74.77,88.94,88.33,72.52
2013-02-13,75.45,88.49,87.87,73.42
2013-02-14,72.3,86.91,87.87,71.4
2013-02-15,71.01,87.13,87.41,71.01
2013-02-19,75.06,87.81,88.79,73.26
2013-02-20,55.73,81.94,88.1,70.79
2013-02-21,43.37,72.91,86.04,69.89
2013-02-22,57.53,79.23,87.19,68.76
2013-02-25,30.11,63.66,83.75,64.94
2013-02-26,38.2,66.14,84.67,60.67
2013-02-27,57.53,74.72,86.5,57.75
2013-02-28,58.88,75.85,86.04,55.06
2013-03-01,61.66,76.52,86.96,53.36
2013-03-04,66.59,78.33,88.36,51.79
2013-03-05,78.25,82.39,90.18,49.1
2013-03-06,80.94,84.2,89.27,52.02
2013-03-07,79.82,82.17,88.61,58.07
2013-03-08,84.75,85.33,89.75,59.87
2013-03-11,84.98,85.55,89.52,71.97
2013-03-12,81.39,83.97,89.07,77.8
2013-03-13,80.49,83.97,88.84,81.39
2013-03-14,86.1,86.26,89.07,83.18
2013-03-15,80.04,81.53,89.07,86.1
2013-03-18,72.65,78.38,88.84,88.12
2013-03-19,69.28,75.9,89.07,87.67
2013-03-20,76.23,79.28,89.07,84.75
2013-03-21,62.78,72.07,89.07,82.29
2013-03-22,70.18,74.77,88.61,79.82
2013-03-25,60.99,71.4,88.84,75.11
2013-03-26,70.85,76.35,89.29,71.08
2013-03-27,70.18,76.58,89.75,69.51
2013-03-28,73.54,77.93,89.75,65.25
2013-04-01,59.19,74.32,89.98,62.78
2013-04-02,59.64,73.26,89.75,62.78
2013-04-03,44.84,63.15,88.38,60.31
2013-04-04,50.45,66.97,89.07,56.95
2013-04-05,43.05,62.7,87.93,54.48
2013-04-08,53.59,67.64,89.75,54.04
2013-04-09,57.17,70.34,90.66,55.16
2013-04-10,77.8,80.45,90.89,56.5
2013-04-11,78.92,82.7,92.48,58.3
2013-04-12,73.32,79.1,92.48,57.62
2013-04-15,38.79,55.83,86.56,57.4
2013-04-16,58.07,64.57,89.07,57.17
2013-04-17,39.24,53.81,86.1,57.4
2013-04-18,30.72,47.09,84.55,55.83
2013-04-19,41.93,52.02,85.23,55.16
2013-04-22,41.7,54.48,85.68,54.04
2013-04-23,60.09,65.92,88.64,54.26
2013-04-24,67.26,69.06,90.0,50.22
2013-04-25,72.2,73.32,90.68,45.52
2013-04-26,65.7,68.39,89.55,45.07
2013-04-29,76.01,73.32,90.23,51.12
2013-04-30,78.03,76.23,92.27,56.05
2013-05-01,65.47,69.06,89.77,58.3
2013-05-02,74.89,74.66,90.68,66.14
2013-05-03,82.96,81.61,92.05,71.52
2013-05-06,80.94,83.63,92.73,76.46
2013-05-07,85.87,86.55,93.64,79.15
2013-05-08,85.65,87.89,94.1,82.74
2013-05-09,81.17,86.32,93.42,86.32
2013-05-10,85.2,88.57,94.33,87.0
2013-05-13,81.61,85.65,94.1,85.2
2013-05-14,89.69,90.13,94.56,85.87
2013-05-15,91.93,91.26,94.78,87.22
2013-05-16,85.87,90.58,94.78,86.32
2013-05-17,89.69,92.6,95.24,86.32
2013-05-20,83.86,91.03,95.01,86.32
2013-05-21,82.74,90.81,95.46,86.55
2013-05-22,69.28,83.63,94.78,85.43
2013-05-23,63.9,79.15,94.1,84.3
2013-05-24,60.54,78.7,92.74,82.06
2013-05-28,66.37,79.37,93.2,80.72
2013-05-29,53.36,73.09,91.84,77.35
2013-05-30,56.5,73.77,91.61,68.16
2013-05-31,38.34,65.25,90.25,63.0
2013-06-03,39.01,66.37,90.7,54.26
2013-06-04,31.61,62.33,89.12,47.09
2013-06-05,17.04,50.0,85.26,37.44
2013-06-06,23.71,56.5,88.66,33.33
2013-06-07,40.72,64.8,89.8,32.89
2013-06-10,39.82,62.78,88.66,32.66
2013-06-11,26.4,54.04,84.13,27.52
2013-06-12,19.69,49.1,82.31,26.62
2013-06-13,40.49,60.99,87.53,24.83
2013-06-14,32.21,55.83,87.53,23.94
2013-06-17,51.01,61.43,87.98,25.73
2013-06-18,65.77,67.94,89.8,30.87
2013-06-19,38.93,55.61,84.58,39.37
2013-06-20,13.87,35.65,75.96,38.03
2013-06-21,16.55,34.53,77.1,33.78
2013-06-24,8.95,25.78,74.15,27.07
2013-06-25,18.12,32.06,78.91,28.64
2013-06-26,33.56,39.69,81.41,31.1
2013-06-27,51.23,47.09,83.9,32.21
2013-06-28,49.89,46.86,83.22,32.66
2013-07-01,59.96,51.12,83.22,31.99
2013-07-02,56.38,48.43,83.22,26.85
2013-07-03,55.7,46.64,82.77,25.06
2013-07-05,70.47,57.17,83.45,31.54
2013-07-08,77.4,59.64,84.35,42.28
2013-07-09,87.7,66.59,85.94,62.64
2013-07-10,86.35,67.49,85.26,73.15
2013-07-11,94.63,78.7,90.93,78.97
2013-07-12,94.85,80.04,91.16,82.55
2013-07-15,95.53,81.17,90.93,87.7
2013-07-16,91.95,79.37,91.16,91.72
2013-07-17,94.43,81.61,90.93,94.21
2013-07-18,93.1,83.41,90.7,95.99
2013-07-19,92.43,83.89,90.7,96.44
2013-07-22,91.54,83.45,91.16,96.66
2013-07-23,89.09,81.66,92.06,96.66
2013-07-24,77.73,77.18,89.57,96.44
2013-07-25,79.33,78.97,90.7,95.11
2013-07-26,76.67,78.3,90.02,92.0
2013-07-29,66.22,75.84,89.12,87.56
2013-07-30,66.0,78.08,89.34,83.33
2013-07-31,64.89,77.63,87.98,78.0
2013-08-01,77.33,83.89,89.39,73.56
2013-08-02,75.56,81.21,88.49,68.89
2013-08-05,70.44,80.31,87.81,66.0
2013-08-06,60.67,78.52,87.58,62.89
2013-08-07,50.67,74.5,86.91,60.67
2013-08-08,58.22,76.51,86.68,59.56
2013-08-09,53.78,75.39,87.58,60.0
2013-08-12,50.67,74.72,86.68,60.44
2013-08-13,54.67,74.05,86.46,60.22
2013-08-14,44.89,70.69,86.0,60.22
2013-08-15,24.89,58.17,81.72,54.44
2013-08-16,24.44,52.57,79.68,47.78
2013-08-19,18.0,48.99,77.2,40.89
2013-08-20,23.33,53.02,79.68,37.33
2013-08-21,18.22,46.76,76.98,34.44
2013-08-22,35.78,54.14,80.36,30.89
2013-08-23,37.78,56.6,80.81,27.56
2013-08-26,33.11,52.35,78.78,24.0
2013-08-27,12.22,35.79,75.17,17.11
2013-08-28,16.44,36.53,74.94,13.56
2013-08-29,18.0,40.09,75.62,14.0
2013-08-30,11.56,32.96,74.27,16.22
2013-09-03,21.56,37.64,73.14,18.67
2013-09-04,38.22,46.55,74.49,21.56
2013-09-05,43.56,46.99,74.49,25.11
2013-09-06,47.78,47.11,73.59,26.22
2013-09-09,69.78,58.44,76.75,29.33
2013-09-10,82.44,65.33,79.01,35.56
2013-09-11,82.89,66.44,80.14,48.89
2013-09-12,80.44,62.89,78.78,62.0
2013-09-13,84.44,64.67,79.46,68.44
2013-09-16,87.33,69.56,80.36,75.78
2013-09-17,91.11,72.22,81.94,80.67
2013-09-18,94.44,81.33,86.46,84.67
2013-09-19,92.22,79.11,85.33,88.22
2013-09-20,86.89,72.22,82.84,91.78
2013-09-23,84.0,69.56,82.62,93.33
2013-09-24,81.78,67.56,81.49,93.56
2013-09-25,75.11,66.0,80.36,92.44
2013-09-26,77.11,68.67,81.26,91.33
2013-09-27,64.22,63.11,78.56,89.11
2013-09-30,57.33,60.0,77.65,85.78
2013-10-01,66.89,67.78,79.23,80.0
2013-10-02,62.44,67.11,78.33,73.56
2013-10-03,40.89,58.0,76.07,63.11
2013-10-04,48.89,62.44,76.98,53.33
2013-10-07,32.44,55.56,76.3,46.67
2013-10-08,17.11,42.89,73.14,41.78
2013-10-09,17.11,43.33,72.69,37.33
2013-10-10,57.11,69.56,77.2,33.11
2013-10-11,69.11,78.89,80.59,34.22
2013-10-14,73.56,78.67,80.36,36.44
2013-10-15,51.78,68.67,77.2,34.44
2013-10-16,75.11,80.0,80.41,42.0
2013-10-17,82.44,86.0,83.33,52.89
2013-10-18,85.56,86.44,85.14,60.89
2013-10-21,86.67,86.0,84.23,68.44
2013-10-22,87.56,89.56,85.59,77.78
2013-10-23,82.67,84.89,85.81,83.78
2013-10-24,84.0,86.22,85.14,87.11
2013-10-25,84.67,85.56,86.26,88.44
2013-10-28,83.33,84.89,85.14,87.56
2013-10-29,83.78,86.22,86.04,89.33
2013-10-30,77.56,82.22,83.78,88.89
2013-10-31,74.0,80.44,83.33,87.78
2013-11-01,73.56,80.67,84.04,84.89
2013-11-04,76.22,83.56,84.94,83.33
2013-11-05,69.56,80.44,82.92,80.44
2013-11-06,68.89,80.22,84.94,76.22
2013-11-07,47.56,72.44,82.02,72.0
2013-11-08,64.44,77.33,82.02,69.78
2013-11-11,64.0,77.56,82.92,65.56
2013-11-12,56.98,74.89,82.25,60.31
2013-11-13,65.19,77.11,83.37,57.87
2013-11-14,72.28,80.22,84.75,58.76
2013-11-15,76.27,82.67,85.43,60.98
2013-11-18,70.29,79.11,84.98,60.09
2013-11-19,62.53,76.0,82.74,61.86
2013-11-20,55.21,74.0,80.27,59.42
2013-11-21,66.3,76.22,81.61,62.53
2013-11-22,69.4,77.56,83.18,68.29
2013-11-25,65.85,76.22,83.41,70.07
2013-11-26,68.07,76.89,83.18,72.95
2013-11-27,68.74,75.56,82.96,72.95
2013-11-29,68.51,76.0,82.51,70.07
2013-12-02,60.31,72.44,81.84,68.29
2013-12-03,53.88,69.11,82.29,66.52
2013-12-04,49.45,67.33,81.84,63.64
2013-12-05,41.24,66.22,80.49,65.85
2013-12-06,65.19,74.22,82.06,62.75
2013-12-09,64.08,74.44,82.51,59.42
2013-12-10,54.77,72.0,80.94,57.65
2013-12-11,29.05,60.0,79.15,53.22
2013-12-12,26.61,55.33,78.25,44.35
2013-12-13,33.26,55.33,78.25,37.69
2013-12-16,44.25,60.0,79.37,38.05
2013-12-17,42.7,56.0,79.82,38.94
2013-12-18,65.49,68.22,80.94,40.27
2013-12-19,58.19,64.44,80.72,41.59
2013-12-20,72.12,70.0,81.17,44.03
2013-12-23,76.33,72.67,81.61,47.12
2013-12-24,80.31,75.33,82.96,50.88
2013-12-26,83.19,76.27,82.96,59.07
2013-12-27,84.96,75.39,83.18,67.92
2013-12-30,85.62,77.16,83.63,75.0
2013-12-31,86.5,78.94,83.86,80.53
2014-01-02,71.9,70.73,81.84,84.73
2014-01-03,74.12,72.73,81.17,84.73
2014-01-06,65.27,67.85,81.17,85.62
2014-01-07,76.33,73.39,82.96,87.39
2014-01-08,71.46,70.51,81.61,88.27
2014-01-09,73.01,70.29,82.29,87.61
2014-01-10,77.48,75.39,83.63,84.55
2014-01-13,53.42,65.63,81.61,77.26
2014-01-14,67.11,73.61,83.18,71.52
2014-01-15,67.11,73.84,83.86,67.11
2014-01-16,67.99,73.17,83.41,60.26
2014-01-17,60.93,70.95,82.51,61.37
2014-01-21,65.12,72.73,82.96,61.37
2014-01-22,66.45,74.06,82.74,61.59
2014-01-23,54.3,66.3,80.49,60.71
2014-01-24,26.93,46.34,75.11,55.85
2014-01-27,23.84,43.02,73.32,54.08
2014-01-28,32.67,49.45,75.34,52.32
2014-01-29,25.17,42.35,74.44,49.45
2014-01-30,38.85,50.88,78.48,46.14
2014-01-31,32.45,48.23,78.03,39.74
2014-02-03,18.1,31.42,64.57,31.79
2014-02-04,20.97,36.28,67.71,27.15
2014-02-05,20.53,35.84,66.82,22.3
2014-02-06,30.91,41.59,71.97,19.65
2014-02-07,46.36,50.66,75.78,22.08
2014-02-10,50.99,51.11,76.68,25.39
2014-02-11,63.8,57.08,79.37,27.37
2014-02-12,67.55,59.07,79.6,32.67
2014-02-13,75.94,63.94,81.84,36.2
2014-02-14,81.68,66.15,82.51,43.05
2014-02-18,83.66,68.81,82.29,57.62
2014-02-19,78.15,63.94,80.04,69.76
2014-02-20,84.77,66.59,80.94,81.46
2014-02-21,83.22,65.93,81.17,86.75
2014-02-24,88.3,69.47,83.0,89.4
2014-02-25,85.87,67.11,80.98,91.61
2014-02-26,85.21,69.76,81.43,92.05
2014-02-27,87.42,70.42,83.0,91.61
2014-02-28,87.64,73.07,84.56,92.72
2014-03-03,80.57,67.55,82.77,92.49
2014-03-04,91.17,77.48,85.46,90.73
2014-03-05,87.64,78.15,84.12,88.96
2014-03-06,83.66,79.47,84.12,87.86
2014-03-07,79.69,78.81,84.34,85.65
2014-03-10,75.28,79.25,83.89,83.89
2014-03-11,65.34,77.48,84.79,81.68
2014-03-12,65.78,77.7,83.89,81.02
2014-03-13,41.28,66.0,81.43,75.5
2014-03-14,43.93,65.34,81.66,72.63
2014-03-17,54.75,73.95,83.67,69.76
2014-03-18,64.9,79.03,85.91,67.11
2014-03-19,50.11,72.85,82.77,57.84
2014-03-20,53.64,73.29,83.67,54.53
2014-03-21,51.88,73.07,84.34,49.45
2014-03-24,42.16,66.45,83.22,44.59
2014-03-25,45.92,68.65,84.79,41.06
2014-03-26,33.33,60.04,82.55,39.96
2014-03-27,30.91,55.63,82.1,41.06
2014-03-28,38.85,64.02,81.66,42.6
2014-03-31,54.75,71.52,84.34,41.06
2014-04-01,68.21,79.47,85.68,42.38
2014-04-02,73.07,79.91,87.02,46.14
2014-04-03,71.08,77.7,86.64,47.9
2014-04-04,52.54,68.21,83.74,49.89
2014-04-07,31.57,52.76,79.73,50.33
2014-04-08,37.53,55.63,81.07,49.67
2014-04-09,51.43,63.8,83.3,53.42
2014-04-10,25.61,44.15,76.84,52.98
2014-04-11,17.22,34.0,71.11,48.57
2014-04-14,26.27,37.53,74.0,45.25
2014-04-15,31.35,41.28,76.0,38.41
2014-04-16,46.58,48.57,78.89,34.88
2014-04-17,52.98,51.88,80.67,32.01
2014-04-21,58.06,52.54,80.89,31.57
2014-04-22,66.89,56.29,83.78,33.55
2014-04-23,64.46,56.07,83.33,37.31
2014-04-24,64.68,56.29,83.11,36.42
2014-04-25,46.8,49.23,78.67,37.31
2014-04-28,48.79,49.01,78.22,43.71
2014-04-29,57.17,53.86,79.33,53.64
2014-04-30,63.8,57.17,80.44,63.36
2014-05-01,66.45,56.29,79.78,68.65
2014-05-02,65.56,57.4,80.22,72.19
2014-05-05,69.09,56.07,80.0,70.86
2014-05-06,50.55,47.46,76.89,67.11
2014-05-07,59.82,53.2,78.22,66.23
2014-05-08,56.73,52.98,78.22,65.56
2014-05-09,58.06,54.08,80.22,63.8
2014-05-12,71.96,64.02,83.33,64.46
2014-05-13,69.98,62.47,82.0,62.69
2014-05-14,56.51,56.95,80.89,60.26
2014-05-15,37.97,46.8,77.33,56.73
2014-05-16,47.46,51.21,78.89,55.19
2014-05-19,55.85,53.64,80.22,54.53
2014-05-20,42.16,46.36,76.67,54.97
2014-05-21,52.98,52.32,79.56,56.73
2014-05-22,58.72,56.51,81.33,59.82
2014-05-23,69.32,64.24,82.22,60.04
2014-05-27,77.7,72.19,82.89,58.28
2014-05-28,74.39,70.64,82.0,54.75
2014-05-29,79.47,73.51,83.11,57.84
2014-05-30,82.6,73.95,83.33,64.1
2014-06-02,84.36,76.6,84.22,70.26
2014-06-03,82.38,77.92,84.22,72.69
2014-06-04,83.92,78.37,84.89,77.31
2014-06-05,90.53,84.99,86.67,82.82
2014-06-06,91.41,86.31,88.22,86.78
2014-06-09,87.0,85.65,88.0,88.11
2014-06-10,83.04,83.22,86.44,89.43
2014-06-11,77.31,81.46,86.0,88.77
2014-06-12,65.86,74.39,84.0,88.11
2014-06-13,67.18,77.04,84.67,87.44
2014-06-16,62.33,77.48,83.78,85.02
2014-06-17,65.42,81.68,86.22,83.7
2014-06-18,76.21,87.2,87.33,81.06
2014-06-19,76.87,88.52,87.33,75.11
2014-06-20,77.31,87.86,86.44,71.15
2014-06-23,72.47,84.99,86.44,66.52
2014-06-24,62.11,80.13,85.11,62.33
2014-06-25,68.06,80.79,85.56,61.45
2014-06-26,62.33,78.37,84.44,63.0
2014-06-27,64.98,79.91,84.22,64.76
2014-06-30,65.86,79.91,84.67,67.84
2014-07-01,78.85,84.33,87.11,70.04
2014-07-02,70.48,82.34,86.22,68.28
2014-07-03,76.26,83.44,88.44,69.89
2014-07-07,67.91,81.02,86.44,70.11
2014-07-08,55.6,77.92,83.56,69.23
2014-07-09,59.12,78.37,84.22,69.67
2014-07-10,49.23,73.51,82.89,69.01
2014-07-11,47.69,74.17,83.78,67.03
2014-07-14,53.85,75.11,84.0,62.86
2014-07-15,49.01,73.57,84.0,58.46
2014-07-16,50.77,73.13,83.56,54.07
2014-07-17,30.33,59.91,77.56,49.89
2014-07-18,50.55,70.48,82.89,47.69
2014-07-21,47.25,66.3,79.56,44.84
2014-07-22,55.6,70.48,81.56,46.81
2014-07-23,55.38,70.93,82.22,45.27
2014-07-24,57.8,68.94,83.11,45.05
2014-07-25,45.27,62.78,79.56,44.18
2014-07-28,47.03,63.0,78.67,43.96
2014-07-29,41.32,55.73,77.33,44.84
2014-07-30,40.44,53.3,77.11,45.71
2014-07-31,22.64,34.14,66.89,45.93
2014-08-01,19.12,29.52,64.75,42.2
2014-08-04,26.37,37.89,67.85,40.88
2014-08-05,21.98,28.63,62.75,35.6
2014-08-06,21.98,27.31,62.31,33.85
2014-08-07,18.02,22.25,58.31,29.23
2014-08-08,28.35,32.38,66.08,26.37
2014-08-11,33.85,38.77,68.07,23.96
2014-08-12,33.85,35.68,67.41,23.52
2014-08-13,49.67,42.73,69.18,21.54
2014-08-14,57.8,48.24,71.84,23.08
2014-08-15,58.46,47.91,70.73,27.91
2014-08-18,75.38,59.56,75.17,32.97
2014-08-19,83.52,63.96,78.49,43.3
2014-08-20,85.93,68.35,78.94,55.16
2014-08-21,87.25,70.11,80.27,71.87
2014-08-22,85.93,65.27,79.16,78.46
2014-08-25,90.33,70.33,80.93,85.27
2014-08-26,93.19,67.69,80.71,89.01
2014-08-27,91.01,68.35,81.15,91.89
2014-08-28,89.25,68.35,80.93,92.76
2014-08-29,90.35,72.53,81.37,94.52
2014-09-02,89.47,72.31,80.93,94.08
2014-09-03,86.84,73.63,80.93,93.42
2014-09-04,80.48,71.21,80.53,92.76
2014-09-05,81.8,75.16,81.86,89.25
2014-09-08,78.95,73.41,80.75,87.5
2014-09-09,62.06,66.37,77.88,83.55
2014-09-10,60.09,65.27,80.09,77.41
2014-09-11,60.75,67.69,78.98,71.71
2014-09-12,44.3,58.46,74.78,66.67
2014-09-15,38.16,56.92,73.01,59.87
2014-09-16,49.78,63.96,76.33,55.7
2014-09-17,51.1,63.08,76.33,52.85
2014-09-18,58.33,66.37,77.43,51.32
2014-09-19,51.97,64.4,76.77,49.34
2014-09-22,35.75,55.16,71.68,44.96
2014-09-23,25.66,47.25,67.04,43.2
2014-09-24,38.16,53.85,70.13,41.67
2014-09-25,17.32,37.8,62.83,36.62
2014-09-26,27.41,43.3,67.04,35.96
2014-09-29,25.22,43.08,65.78,35.53
2014-09-30,23.25,38.46,64.24,31.8
2014-10-01,11.18,29.45,58.94,28.73
2014-10-02,14.04,31.21,59.16,23.03
2014-10-03,32.02,44.84,64.24,19.74
2014-10-06,29.61,40.88,62.47,19.3
2014-10-07,14.69,26.81,54.08,18.64
2014-10-08,39.69,40.0,62.47,18.86
2014-10-09,20.83,26.75,54.97,21.05
2014-10-10,17.76,22.15,45.47,19.08
2014-10-13,13.16,16.23,38.63,17.98
2014-10-14,15.79,19.74,38.63,19.74
2014-10-15,13.82,15.57,37.09,19.08
2014-10-16,15.35,14.69,39.07,19.3
2014-10-17,23.25,20.61,44.15,19.52
2014-10-20,39.25,29.17,48.79,18.64
2014-10-21,68.93,44.3,60.04,21.88
2014-10-22,59.08,38.38,54.97,21.01
2014-10-23,74.18,47.59,61.81,24.95
2014-10-24,83.81,57.24,64.68,32.82
2014-10-27,84.03,55.7,65.78,45.51
2014-10-28,89.93,66.67,70.86,62.58
2014-10-29,87.96,65.79,69.09,73.96
2014-10-30,90.37,69.96,71.96,83.59
2014-10-31,94.31,78.95,76.82,89.5
2014-11-03,92.78,78.95,76.82,94.53
2014-11-04,89.28,76.32,75.94,95.4
2014-11-05,91.68,78.73,77.26,96.72
2014-11-06,93.0,81.8,78.37,96.5
2014-11-07,92.12,83.11,78.37,96.06
2014-11-10,91.68,83.11,79.25,94.97
2014-11-11,92.56,84.43,79.03,94.53
2014-11-12,89.28,84.21,78.81,93.44
2014-11-13,84.68,82.68,77.04,91.47
2014-11-14,83.41,84.65,77.92,89.3
2014-11-17,81.44,84.87,77.26,87.55
2014-11-18,83.62,88.6,79.47,86.46
2014-11-19,76.2,87.28,78.81,84.72
2014-11-20,76.86,88.82,79.47,82.75
2014-11-21,82.1,91.01,81.46,80.57
2014-11-24,84.5,90.79,81.68,77.73
2014-11-25,81.88,90.57,83.0,74.45
2014-11-26,81.88,91.67,82.12,72.71
2014-11-28,77.73,88.38,80.57,72.27
2014-12-01,65.94,84.43,79.25,74.45
2014-12-02,74.67,86.4,80.13,74.89
2014-12-03,78.38,87.53,81.02,75.55
2014-12-04,75.11,87.75,80.57,77.95
2014-12-05,75.33,87.09,81.46,79.48
2014-12-08,67.03,85.56,81.24,78.38
2014-12-09,65.5,83.81,81.46,77.51
2014-12-10,45.41,77.9,75.5,73.8
2014-12-11,53.06,78.34,77.26,70.31
2014-12-12,28.82,69.8,73.07,63.54
2014-12-15,22.05,62.8,72.19,58.73
2014-12-16,17.25,57.99,69.98,51.75
2014-12-17,38.21,70.02,74.17,46.07
2014-12-18,69.65,82.49,78.81,44.98
2014-12-19,73.36,82.93,80.13,40.39
2014-12-22,79.91,85.78,81.02,39.08
2014-12-23,82.97,86.43,81.68,38.43
2014-12-24,84.28,85.78,81.46,43.23
2014-12-26,87.55,86.87,82.34,47.38
2014-12-29,86.68,86.43,83.0,59.17
2014-12-30,82.75,82.97,82.12,70.96
2014-12-31,62.66,76.64,80.79,84.06
2015-01-02,61.14,75.98,81.24,88.86
2015-01-05,27.07,53.06,75.06,87.55
2015-01-06,22.49,40.61,72.63,85.15
2015-01-07,39.74,52.4,73.73,82.97
2015-01-08,65.5,67.03,77.92,80.57
2015-01-09,55.02,59.39,75.72,68.34
2015-01-12,42.14,52.62,73.95,56.11
2015-01-13,39.74,51.75,72.85,41.92
2015-01-14,34.72,46.51,70.64,32.97
2015-01-15,26.2,38.65,67.55,27.51
2015-01-16,38.86,47.6,69.98,27.07
2015-01-20,39.3,47.6,69.98,30.35
2015-01-21,44.98,50.44,71.96,34.28
2015-01-22,65.5,63.97,74.83,39.52
2015-01-23,59.83,60.26,74.39,39.96
2015-01-26,68.78,64.19,75.06,43.45
2015-01-27,56.99,53.06,71.96,47.82
2015-01-28,44.76,45.41,68.43,50.66
2015-01-29,55.9,51.31,70.42,55.02
2015-01-30,39.52,41.05,67.33,58.95
2015-02-02,50.0,46.72,70.2,61.35
2015-02-03,69.43,62.88,73.73,64.19
2015-02-04,62.01,57.64,72.85,63.76
2015-02-05,74.67,67.25,74.61,61.14
2015-02-06,64.41,63.32,75.94,62.23
2015-02-09,59.39,58.3,75.94,56.99
2015-02-10,71.83,66.81,77.48,56.77
2015-02-11,71.83,66.16,78.37,61.14
2015-02-12,76.42,72.93,80.57,61.79
2015-02-13,75.98,71.83,80.79,66.81
2015-02-17,76.86,74.02,81.28,69.43
2015-02-18,78.82,75.33,81.28,70.31
2015-02-19,76.86,75.11,81.28,71.62
2015-02-20,82.31,78.82,82.16,75.55
2015-02-23,81.88,77.73,81.5,77.51
2015-02-24,79.69,76.86,81.72,80.57
2015-02-25,80.35,76.2,81.94,82.1
2015-02-26,74.24,74.24,81.5,81.88
2015-02-27,70.52,72.27,79.74,81.22
2015-03-02,74.89,75.33,80.62,78.82
2015-03-03,65.94,71.4,81.06,77.73
2015-03-04,51.75,67.47,77.97,75.76
2015-03-05,55.24,69.65,78.19,72.49
2015-03-06,35.81,60.26,72.91,66.38
2015-03-09,40.17,62.88,72.91,60.48
2015-03-10,16.16,48.47,69.6,49.34
2015-03-11,19.65,50.87,68.94,41.92
2015-03-12,36.9,60.26,74.45,35.81
2015-03-13,29.26,54.59,72.25,32.75
2015-03-16,50.0,63.1,74.67,30.57
2015-03-17,47.16,61.35,73.79,29.26
2015-03-18,63.97,70.52,77.75,30.13
2015-03-19,57.64,67.69,76.21,29.91
2015-03-20,73.36,74.89,78.85,34.72
2015-03-23,69.87,71.83,78.46,38.43
2015-03-24,61.57,67.69,76.92,48.69
2015-03-25,31.0,53.06,71.65,56.99
2015-03-26,28.6,52.18,70.11,57.86
2015-03-27,39.52,54.59,70.11,62.66
2015-03-30,65.72,66.59,74.51,65.94
2015-03-31,55.46,57.86,71.65,69.43
2015-04-01,45.41,51.53,70.99,65.28
2015-04-02,51.31,56.77,72.31,63.1
2015-04-06,62.23,63.97,74.29,57.86
2015-04-07,55.24,58.73,72.75,50.87
2015-04-08,61.14,60.26,72.97,45.41
2015-04-09,59.61,60.04,73.19,45.2
2015-04-10,66.38,63.76,74.51,48.25
2015-04-13,54.15,58.08,72.53,50.66
2015-04-14,55.46,57.64,74.95,49.34
2015-04-15,59.17,60.7,77.36,50.66
2015-04-16,58.52,59.83,76.26,56.11
2015-04-17,34.93,43.23,73.19,57.21
2015-04-20,53.71,54.59,76.92,58.73
2015-04-21,53.93,53.28,74.95,63.54
2015-04-22,61.57,57.86,76.48,63.1
2015-04-23,65.72,60.48,76.92,60.92
2015-04-24,62.45,59.83,76.92,56.77
2015-04-27,49.34,53.71,76.04,54.37
2015-04-28,54.25,53.71,78.02,54.47
2015-04-29,43.36,48.69,76.7,52.07
2015-04-30,31.81,38.86,68.57,45.75
2015-05-01,44.88,49.56,72.75,48.58
2015-05-04,50.54,54.59,74.95,49.67
2015-05-05,34.2,41.27,69.01,47.93
2015-05-06,27.89,38.65,67.25,45.53
2015-05-07,36.82,43.89,70.11,42.05
2015-05-08,55.99,56.11,72.31,41.18
2015-05-11,51.85,53.49,72.31,39.65
2015-05-12,47.06,49.34,71.43,38.56
2015-05-13,48.8,48.91,71.65,40.09
2015-05-14,64.49,61.14,74.95,45.75
2015-05-15,67.54,62.88,75.0,46.19
2015-05-18,73.86,64.19,76.32,48.15
2015-05-19,71.02,64.85,76.1,52.72
2015-05-20,71.9,64.19,75.22,61.22
2015-05-21,73.2,64.19,76.1,66.67
2015-05-22,69.28,61.79,74.78,69.06
2015-05-26,49.24,50.22,70.61,70.81
2015-05-27,67.54,57.86,72.59,74.51
2015-05-28,65.14,58.95,72.81,76.69
2015-05-29,48.15,50.87,67.54,75.6
2015-06-01,52.51,53.28,69.3,72.55
2015-06-02,48.15,52.18,67.54,69.06
2015-06-03,51.85,52.84,67.98,62.53
2015-06-04,32.68,46.29,64.91,52.51
2015-06-05,35.29,44.76,64.04,42.27
2015-06-08,24.18,38.65,62.5,35.95
2015-06-09,26.8,37.12,61.4,34.2
2015-06-10,44.01,49.02,65.79,31.81
2015-06-11,50.54,52.07,66.01,30.94
2015-06-12,40.74,47.28,64.47,32.03
2015-06-15,30.72,42.05,61.62,32.03
2015-06-16,38.56,45.97,63.38,33.12
2015-06-17,46.19,47.93,64.04,32.68
2015-06-18,67.32,57.95,67.54,36.17
2015-06-19,61.44,55.56,66.23,41.39
2015-06-22,68.63,59.69,67.11,50.11
2015-06-23,65.58,58.39,67.54,55.12
2015-06-24,51.63,49.02,64.47,57.08
2015-06-25,46.19,48.15,62.28,57.08
2015-06-26,47.06,46.62,62.28,57.73
2015-06-29,14.16,28.76,54.61,57.08
2015-06-30,20.26,33.55,54.82,53.81
2015-07-01,33.99,37.25,57.89,52.94
2015-07-02,34.2,37.91,57.24,44.44
2015-07-06,32.03,35.51,56.14,39.22
2015-07-07,41.61,41.18,59.65,32.68
2015-07-08,26.8,30.94,51.75,27.89
2015-07-09,29.41,31.15,53.29,26.14
2015-07-10,46.62,42.7,56.89,27.89
2015-07-13,59.04,51.2,60.61,27.89
2015-07-14,65.14,54.9,61.71,32.9
2015-07-15,61.22,53.16,60.61,38.13
2015-07-16,68.63,59.69,62.36,43.79
2015-07-17,64.92,56.21,60.39,48.37
2015-07-20,64.49,57.95,60.18,52.72
2015-07-21,58.61,50.33,57.77,57.73
2015-07-22,61.0,54.25,57.77,65.14
2015-07-23,54.9,49.46,57.11,69.72
2015-07-24,41.61,42.48,54.7,69.5
2015-07-27,37.25,40.09,52.95,67.54
2015-07-28,47.93,48.15,55.8,61.87
2015-07-29,59.26,55.99,59.52,60.13
2015-07-30,61.66,55.99,58.21,57.3
2015-07-31,64.43,57.3,60.83,55.31
2015-08-03,59.87,55.56,60.83,54.45
2015-08-04,58.13,55.12,59.74,53.36
2015-08-05,64.64,57.73,60.7,52.71
2015-08-06,50.98,52.72,58.73,49.67
2015-08-07,49.02,51.42,60.04,49.67
2015-08-10,66.59,60.57,62.01,54.23
2015-08-11,50.54,54.68,60.48,57.27
2015-08-12,49.02,50.11,60.26,57.7
2015-08-13,49.24,52.94,60.26,56.83
2015-08-14,57.05,56.64,62.66,58.13
2015-08-17,66.59,58.82,64.41,59.44
2015-08-18,64.21,58.82,62.88,60.09
2015-08-19,49.57,51.63,60.04,56.93
2015-08-20,26.84,38.78,52.18,54.11
2015-08-21,10.17,23.53,40.17,45.02
2015-08-24,0.87,8.28,21.18,32.47
2015-08-25,0.43,4.14,19.21,22.73
2015-08-26,2.6,11.76,28.17,16.45
2015-08-27,8.44,20.7,35.37,11.69
2015-08-28,11.26,21.35,35.59,7.14
2015-08-31,10.17,16.34,32.31,4.11
2015-09-01,2.38,7.41,23.14,2.81
2015-09-02,6.93,11.98,28.38,1.95
2015-09-03,11.47,14.6,29.48,1.52
2015-09-04,6.28,9.59,25.33,1.52
2015-09-08,28.35,19.39,32.53,3.03
2015-09-09,17.53,13.73,28.82,8.01
2015-09-10,24.46,16.12,30.13,13.42
2015-09-11,35.5,20.7,31.66,16.45
2015-09-14,31.82,18.44,30.13,18.18
2015-09-15,59.96,24.95,34.28,25.11
2015-09-16,75.97,31.67,35.81,41.99
2015-09-17,74.24,32.75,36.03,55.84
2015-09-18,56.28,24.73,32.53,62.77
2015-09-21,62.55,27.98,32.31,73.16
2015-09-22,41.77,19.31,28.82,66.88
2015-09-23,37.23,20.82,29.91,60.82
2015-09-24,33.77,19.09,29.04,59.31
2015-09-25,35.71,22.13,30.13,58.66
2015-09-28,16.88,10.63,22.05,54.98
2015-09-29,19.48,11.93,23.36,45.02
2015-09-30,31.82,18.44,27.07,34.63
2015-10-01,32.25,19.91,27.73,28.14
2015-10-02,46.97,29.44,32.1,28.35
2015-10-05,71.21,45.02,37.99,27.06
2015-10-06,66.88,40.69,35.15,30.09
2015-10-07,76.41,48.92,38.43,32.9
2015-10-08,80.52,56.28,41.05,38.74
2015-10-09,81.82,59.74,39.96,46.54
2015-10-12,83.33,61.69,41.7,57.58
2015-10-13,77.06,55.41,38.86,72.94
2015-10-14,64.72,48.48,37.12,77.71
2015-10-15,82.9,61.04,42.14,83.12
2015-10-16,82.68,60.61,43.67,85.28
2015-10-19,82.9,62.77,43.67,87.66
2015-10-20,82.68,66.88,43.45,88.96
2015-10-21,75.97,61.69,40.17,89.18
2015-10-22,82.25,71.65,46.29,88.1
2015-10-23,85.28,78.14,48.47,87.66
2015-10-26,82.47,77.92,47.82,83.98
2015-10-27,72.51,74.03,47.6,82.03
2015-10-28,75.97,80.74,50.87,80.3
2015-10-29,72.08,80.3,51.31,78.35
2015-10-30,71.43,77.92,50.0,75.76
2015-11-02,76.89,81.17,55.24,75.81
2015-11-03,77.11,81.39,55.68,76.67
2015-11-04,73.22,80.3,54.37,76.24
2015-11-05,71.27,79.22,54.8,74.08
2015-11-06,65.23,74.89,54.15,72.79
2015-11-09,55.08,71.86,51.31,72.35
2015-11-10,55.72,74.03,51.09,71.71
2015-11-11,52.7,72.51,51.31,67.17
2015-11-12,32.4,62.55,44.1,63.71
2015-11-13,24.35,57.36,39.3,57.76
2015-11-16,40.52,64.94,46.94,53.88
2015-11-17,37.5,61.26,44.76,45.47
2015-11-18,58.62,69.91,51.97,41.16
2015-11-19,59.27,72.29,53.93,36.85
2015-11-20,64.44,72.94,56.77,36.42
2015-11-23,63.36,72.94,55.9,39.44
2015-11-24,64.44,72.73,55.9,40.3
2015-11-25,63.58,72.73,56.77,41.16
2015-11-27,67.03,74.68,57.86,49.57
2015-11-30,61.85,72.73,57.42,57.11
2015-12-01,75.65,77.92,60.04,65.3
2015-12-02,57.97,72.08,55.68,69.83
2015-12-03,33.41,56.06,48.47,68.97
2015-12-04,65.52,68.61,56.99,70.69
2015-12-07,57.11,63.85,54.8,70.26
2015-12-08,44.61,58.23,51.75,67.89
2015-12-09,28.88,49.78,47.82,63.36
2015-12-10,32.97,47.62,47.16,55.82
2015-12-11,14.44,31.82,40.39,43.97
2015-12-14,18.32,34.2,42.36,37.07
2015-12-15,29.09,43.2,47.6,29.31
2015-12-16,49.57,57.02,53.28,26.08
2015-12-17,33.55,46.22,48.91,27.74
2015-12-18,20.0,29.16,43.23,23.44
2015-12-21,27.53,36.72,45.85,22.58
2015-12-22,38.92,44.49,48.47,21.94
2015-12-23,57.85,55.29,51.53,24.73
2015-12-24,58.71,55.94,51.53,28.39
2015-12-28,58.49,53.78,50.66,34.62
2015-12-29,73.55,60.99,56.11,43.87
2015-12-30,64.3,55.17,52.4,48.82
2015-12-31,44.73,43.75,49.56,49.46
2016-01-04,24.73,27.16,42.58,47.96
2016-01-05,31.83,31.9,43.89,56.99
2016-01-06,22.37,25.65,38.43,57.85
2016-01-07,12.47,15.3,30.57,51.83
2016-01-08,9.03,13.15,24.67,37.42
2016-01-11,10.75,14.87,26.64,29.46
2016-01-12,14.41,17.03,28.6,19.57
2016-01-13,6.45,10.78,22.66,11.4
2016-01-14,10.11,13.79,25.05,8.39
2016-01-15,5.81,10.34,21.57,7.31
2016-01-19,9.25,12.28,22.44,7.96
2016-01-20,4.95,8.41,20.26,5.38
2016-01-21,6.02,9.27,18.95,4.09
2016-01-22,17.2,15.73,25.49,4.73
2016-01-25,12.26,13.36,21.79,5.59
2016-01-26,27.74,18.75,26.14,6.67
2016-01-27,23.23,15.3,25.05,7.96
2016-01-28,34.19,18.32,25.27,10.97
2016-01-29,59.78,31.25,33.12,16.56
2016-02-01,63.01,33.19,33.77,25.38
2016-02-02,47.96,24.3,28.76,34.19
2016-02-03,55.48,30.11,29.85,46.02
2016-02-04,59.14,30.54,30.5,56.13
2016-02-05,45.81,24.52,25.49,57.63
2016-02-08,35.05,21.51,21.79,58.28
2016-02-09,36.13,23.44,22.44,56.56
2016-02-10,38.06,24.3,22.66,55.91
2016-02-11,29.89,20.43,19.83,54.19
2016-02-12,43.66,27.31,24.84,50.32
2016-02-16,59.57,35.7,27.89,47.1
2016-02-17,73.76,44.52,32.68,46.67
2016-02-18,67.96,44.09,31.15,44.73
2016-02-19,70.97,46.24,33.33,43.87
2016-02-22,84.73,54.41,37.04,46.88
2016-02-23,74.84,48.17,35.08,49.46
2016-02-24,78.71,52.9,36.6,57.42
2016-02-25,86.45,58.71,38.78,64.73
2016-02-26,85.59,60.43,39.65,76.13
2016-02-29,80.22,57.42,38.13,87.31
2016-03-01,91.4,72.04,46.19,91.4
2016-03-02,92.9,75.48,46.62,93.55
2016-03-03,92.26,80.43,49.67,95.27
2016-03-04,93.98,82.37,50.33,96.13
2016-03-07,93.33,81.08,51.63,95.48
2016-03-08,87.96,73.12,47.93,95.48
2016-03-09,88.17,77.85,49.67,94.62
2016-03-10,86.24,78.92,49.46,93.98
2016-03-11,93.55,88.6,56.86,93.12
2016-03-14,91.61,88.6,56.64,93.33
2016-03-15,84.95,87.31,55.34,90.54
2016-03-16,88.39,89.68,57.52,90.75
2016-03-17,87.74,90.11,60.57,90.32
2016-03-18,90.75,92.69,62.75,88.17
2016-03-21,89.46,92.26,62.53,87.53
2016-03-22,88.82,93.98,62.31,88.17
2016-03-23,80.86,91.61,59.69,87.74
2016-03-24,74.84,91.18,59.69,89.25
2016-03-28,76.56,91.4,60.35,87.1
2016-03-29,83.44,93.98,63.18,84.3
2016-03-30,84.95,95.05,64.05,85.59
2016-03-31,81.72,94.19,64.71,87.1
2016-04-01,85.38,95.27,66.23,84.73
2016-04-04,78.28,93.12,64.92,83.87
2016-04-05,61.08,90.32,62.09,79.78
2016-04-06,67.96,93.55,66.01,77.2
2016-04-07,50.54,85.59,62.53,74.41
2016-04-08,54.62,86.45,62.75,71.83
2016-04-11,49.46,85.16,61.87,71.61
2016-04-12,61.51,87.31,65.14,65.81
2016-04-13,74.19,92.47,69.06,61.29
2016-04-14,69.03,90.11,69.28,59.35
2016-04-15,72.9,90.97,69.28,55.27
2016-04-18,78.06,92.26,71.24,58.49
2016-04-19,77.85,91.18,73.1,64.52
2016-04-20,70.11,86.02,75.49,65.81
2016-04-21,60.86,78.71,73.32,66.88
2016-04-22,62.37,79.57,75.49,65.81
2016-04-25,58.92,78.49,73.54,65.81
2016-04-26,67.1,78.06,77.44,67.31
2016-04-27,69.68,80.43,79.61,67.1
2016-04-28,54.19,75.7,72.67,66.24
2016-04-29,46.67,68.82,69.85,66.24
2016-05-02,61.08,75.48,73.32,63.87
2016-05-03,48.39,69.25,67.03,59.57
2016-05-04,38.71,64.3,64.64,55.48
2016-05-05,40.0,60.86,64.43,52.26
2016-05-06,43.44,65.38,66.45,51.18
2016-05-09,44.52,64.52,67.32,48.17
2016-05-10,58.71,72.69,71.0,46.24
2016-05-11,46.67,63.44,67.97,43.01
2016-05-12,47.1,62.58,67.75,41.94
2016-05-13,39.14,53.55,65.58,41.51
2016-05-16,50.32,60.43,67.75,41.08
2016-05-17,36.13,49.46,65.8,42.58
2016-05-18,36.34,48.17,66.23,43.66
2016-05-19,32.47,44.09,66.23,44.95
2016-05-20,46.02,50.32,68.61,46.02
2016-05-23,43.87,48.17,67.75,46.02
2016-05-24,64.09,60.86,73.59,45.38
2016-05-25,71.83,64.52,75.54,49.25
2016-05-26,72.9,65.81,75.54,52.26
2016-05-27,79.14,68.82,77.49,56.34
2016-05-31,76.56,69.03,77.92,57.42
2016-06-01,80.43,69.68,78.14,60.43
2016-06-02,82.8,71.83,78.14,64.73
2016-06-03,78.71,70.32,75.76,71.4
2016-06-06,81.94,72.26,77.71,76.77
2016-06-07,81.94,74.62,78.79,82.37
2016-06-08,85.16,77.85,79.87,86.24
2016-06-09,78.49,74.19,77.49,87.1
2016-06-10,61.72,65.38,74.89,85.81
2016-06-13,46.02,57.42,72.08,82.58
2016-06-14,46.45,54.62,71.0,77.42
2016-06-15,41.29,53.55,70.35,70.11
2016-06-16,43.87,55.27,71.21,63.87
2016-06-17,39.57,53.76,69.7,58.92
2016-06-20,52.26,63.87,72.29,52.26
2016-06-21,52.69,63.87,72.51,45.16
2016-06-22,49.68,62.37,72.08,40.22
2016-06-23,75.05,74.19,76.62,37.63
2016-06-24,21.72,36.77,63.64,33.76
2016-06-27,16.56,23.01,57.58,30.32
2016-06-28,24.95,35.91,62.12,28.39
2016-06-29,41.94,48.6,66.88,28.82
2016-06-30,58.71,61.08,71.0,32.26
2016-07-01,62.8,62.15,69.7,37.63
2016-07-05,51.61,54.19,67.75,39.35
2016-07-06,61.08,59.78,67.53,41.51
2016-07-07,61.51,59.78,67.75,44.52
2016-07-08,84.3,72.69,72.73,46.24
2016-07-11,87.53,76.77,74.46,54.41
2016-07-12,92.9,82.37,76.41,67.53
2016-07-13,93.33,81.51,76.19,75.48
2016-07-14,92.47,85.59,78.14,80.86
2016-07-15,90.11,85.38,78.14,84.95
2016-07-18,89.46,85.38,79.0,88.39
2016-07-19,88.39,83.01,78.35,92.47
2016-07-20,84.95,84.95,80.3,93.98
2016-07-21,80.86,82.15,79.91,93.55
2016-07-22,87.74,85.81,81.43,92.47
2016-07-25,82.8,83.66,81.21,89.46
2016-07-26,75.05,84.3,81.86,83.44
2016-07-27,64.3,78.92,81.21,78.28
2016-07-28,66.45,78.28,80.56,73.76
2016-07-29,67.96,77.42,79.91,71.18
2016-08-01,63.95,74.84,79.91,70.6
2016-08-02,51.93,68.82,77.54,67.6
2016-08-03,52.36,71.4,79.09,64.38
2016-08-04,51.5,70.11,79.74,60.09
2016-08-05,61.37,75.91,83.19,55.36
2016-08-08,58.8,74.41,83.62,54.94
2016-08-09,59.44,72.47,83.19,53.86
2016-08-10,58.15,71.18,81.9,54.72
2016-08-11,63.73,72.9,84.27,54.94
2016-08-12,61.16,72.9,83.41,54.72
2016-08-15,66.31,74.41,84.48,54.94
2016-08-16,56.22,70.32,83.62,57.3
2016-08-17,54.72,71.18,83.19,60.52
2016-08-18,60.09,72.26,83.84,60.73
2016-08-19,56.87,70.32,84.91,60.52
2016-08-22,57.73,70.75,84.91,61.59
2016-08-23,62.66,70.75,84.27,62.66
2016-08-24,54.72,67.31,83.62,59.66
2016-08-25,53.86,66.02,83.19,58.15
2016-08-26,50.43,63.44,81.9,57.3
2016-08-29,58.37,66.24,83.62,57.73
2016-08-30,56.44,64.52,82.97,56.44
2016-08-31,49.79,61.94,82.11,54.51
2016-09-01,49.79,61.51,82.11,51.5
2016-09-02,60.94,65.16,82.76,53.65
2016-09-06,65.88,64.3,84.09,53.65
2016-09-07,65.02,65.16,83.87,52.36
2016-09-08,54.94,60.0,83.44,54.08
2016-09-09,18.03,37.85,74.84,49.36
2016-09-12,36.27,48.39,80.86,49.36
2016-09-13,15.88,35.62,75.91,43.99
2016-09-14,14.13,33.05,75.7,37.9
2016-09-15,28.48,42.49,78.06,35.55
2016-09-16,26.55,37.77,76.34,31.05
2016-09-19,35.97,41.2,76.77,26.55
2016-09-20,34.69,40.77,75.7,24.41
2016-09-21,54.82,52.79,78.92,24.84
2016-09-22,70.02,60.73,81.72,23.55
2016-09-23,58.03,54.51,79.14,30.84
2016-09-26,47.11,48.71,76.34,32.33
2016-09-27,59.31,52.36,78.49,38.76
2016-09-28,67.88,55.58,79.78,45.4
2016-09-29,47.54,43.99,78.06,50.32
2016-09-30,61.03,52.36,79.35,58.46
2016-10-03,55.25,51.5,76.99,64.67
2016-10-04,50.54,45.28,72.04,68.74
2016-10-05,55.03,50.43,71.61,70.45
2016-10-06,58.67,50.86,71.83,66.81
2016-10-07,49.46,45.49,69.68,61.67
2016-10-10,53.53,48.07,71.18,60.17
2016-10-11,29.34,34.98,67.96,55.89
2016-10-12,31.05,34.98,68.6,50.11
2016-10-13,23.55,29.61,68.6,47.54
2016-10-14,23.55,29.4,67.31,39.19
2016-10-17,22.06,27.9,65.59,34.9
2016-10-18,29.98,32.62,68.39,31.05
2016-10-19,35.97,36.7,68.17,28.27
2016-10-20,33.62,35.19,67.74,26.34
2016-10-21,32.98,33.91,66.88,26.12
2016-10-24,45.18,38.41,68.82,22.7
2016-10-25,39.61,34.98,66.45,28.05
2016-10-26,41.33,34.26,64.95,32.33
2016-10-27,34.69,31.26,61.72,35.33
2016-10-28,39.61,34.48,62.8,37.26
2016-10-31,44.11,40.69,64.73,41.33
2016-11-01,37.18,30.84,59.35,40.81
2016-11-02,28.42,27.19,56.77,41.45
2016-11-03,28.63,26.12,55.27,41.45
2016-11-04,26.92,26.55,55.05,39.96
2016-11-07,59.19,43.25,61.29,41.88
2016-11-08,67.09,48.82,63.44,44.02
2016-11-09,66.45,54.18,64.52,44.66
2016-11-10,64.53,55.67,64.3,46.15
2016-11-11,63.46,55.03,63.44,48.72
2016-11-14,64.53,57.6,63.87,51.5
2016-11-15,66.88,59.74,65.59,57.05
2016-11-16,67.52,58.67,64.73,60.68
2016-11-17,70.73,61.67,67.31,66.88
2016-11-18,70.09,61.24,66.24,69.66
2016-11-21,75.21,64.67,67.53,71.15
2016-11-22,76.28,65.95,69.03,71.58
2016-11-23,75.43,65.74,68.39,71.79
2016-11-25,79.27,69.81,70.97,72.44
2016-11-28,78.85,67.67,69.46,73.5
2016-11-29,79.96,68.52,69.03,76.55
2016-11-30,69.94,62.96,64.95,77.83
2016-12-01,53.52,56.96,63.44,75.91
2016-12-02,55.44,58.46,62.58,73.99
2016-12-05,60.77,62.1,64.09,72.28
2016-12-06,65.03,65.1,65.81,72.07
2016-12-07,80.38,69.59,68.6,72.92
2016-12-08,81.24,72.59,69.68,71.64
2016-12-09,82.94,75.16,70.11,69.72
2016-12-12,79.1,77.09,70.54,68.87
2016-12-13,82.73,79.87,73.12,67.59
2016-12-14,72.07,72.65,69.46,69.72
2016-12-15,73.13,73.5,69.68,73.99
2016-12-16,67.38,73.29,68.82,77.19
2016-12-19,68.87,74.57,68.82,79.1
2016-12-20,71.64,76.07,69.68,80.38
2016-12-21,69.08,76.07,68.17,79.74
2016-12-22,62.26,72.22,66.45,77.4
2016-12-23,63.97,75.21,67.31,75.69
2016-12-27,70.79,77.99,67.96,71.86
2016-12-28,49.47,69.87,65.38,65.46
2016-12-29,44.99,71.79,66.24,62.05
2016-12-30,34.75,68.38,65.16,57.14
2017-01-03,50.53,75.21,66.67,52.45
2017-01-04,68.66,82.91,69.89,49.25
2017-01-05,59.7,84.4,70.54,44.78
2017-01-06,65.88,82.05,71.4,47.33
2017-01-09,51.39,78.21,68.6,49.47
2017-01-10,54.37,77.56,70.75,49.47
2017-01-11,61.83,80.77,70.97,48.4
2017-01-12,58.0,78.68,70.54,58.0
2017-01-13,61.19,79.74,71.61,58.42
2017-01-17,56.5,77.4,73.12,60.34
2017-01-18,63.54,77.61,72.9,61.19
2017-01-19,51.17,71.22,70.54,59.06
2017-01-20,60.55,73.35,72.04,59.28
2017-01-23,53.94,69.51,70.11,56.93
2017-01-24,68.87,77.61,72.69,61.19
2017-01-25,73.35,80.81,73.76,65.67
2017-01-26,69.72,77.19,72.9,66.74
2017-01-27,65.88,74.41,72.04,67.38
2017-01-30,59.7,67.59,71.4,65.03
2017-01-31,62.69,67.8,73.12,64.39
2017-02-01,54.8,62.05,71.61,62.69
2017-02-02,58.42,63.97,74.62,63.97
2017-02-03,73.13,71.64,75.27,65.67
2017-02-06,68.23,69.72,73.33,67.59
2017-02-07,63.33,67.8,73.55,66.95
2017-02-08,66.52,69.08,75.91,67.16
2017-02-09,76.33,75.48,78.71,65.46
2017-02-10,81.24,78.25,79.57,66.1
2017-02-13,82.09,82.52,80.43,70.58
2017-02-14,82.3,81.24,80.0,71.64
2017-02-15,83.58,81.02,81.51,76.97
2017-02-16,79.96,81.02,81.94,78.04
2017-02-17,80.6,79.96,82.37,77.83
2017-02-21,85.07,83.8,84.09,79.74
2017-02-22,82.09,81.88,83.66,81.45
2017-02-23,76.12,82.09,83.66,83.16
2017-02-24,78.68,81.66,85.16,84.65
2017-02-27,79.74,83.16,85.81,85.29
2017-02-28,73.56,79.1,85.16,84.86
2017-03-01,85.11,83.8,86.88,84.47
2017-03-02,76.6,80.17,85.59,81.7
2017-03-03,74.47,80.6,85.59,80.85
2017-03-06,67.87,78.25,84.3,80.43
2017-03-07,61.91,76.55,81.72,75.11
2017-03-08,52.77,73.77,81.08,71.91
2017-03-09,46.81,69.94,80.43,68.3
2017-03-10,55.53,72.49,81.29,66.81
2017-03-13,57.02,72.92,81.08,63.83
2017-03-14,47.87,71.22,80.43,59.57
2017-03-15,65.32,75.69,83.23,52.34
2017-03-16,60.43,75.27,81.94,50.64
2017-03-17,59.57,73.99,83.01,48.09
2017-03-20,54.89,73.56,81.94,47.23
2017-03-21,31.28,58.0,79.57,45.11
2017-03-22,39.15,61.62,80.0,46.6
2017-03-23,37.02,61.62,80.43,47.02
2017-03-24,35.74,60.13,80.43,45.53
2017-03-27,35.53,57.78,79.78,44.26
2017-03-28,46.38,61.62,82.37,45.32
2017-03-29,52.77,62.05,82.8,45.53
2017-03-30,57.23,65.67,83.23,46.17
2017-03-31,54.68,63.54,83.01,43.83
2017-04-03,46.81,59.49,82.37,42.13
2017-04-04,45.96,59.7,82.37,44.68
2017-04-05,41.06,55.86,80.86,43.62
2017-04-06,47.02,59.49,81.08,45.32
2017-04-07,45.53,57.57,81.29,45.53
2017-04-10,49.15,57.78,81.72,47.23
2017-04-11,49.79,57.78,81.72,47.23
2017-04-12,37.45,49.15,80.0,47.23
2017-04-13,26.6,41.7,76.56,44.04
2017-04-17,49.36,52.34,79.57,45.96
2017-04-18,49.36,48.94,78.49,47.23
2017-04-19,47.87,48.51,78.76,46.38
2017-04-20,61.91,56.38,81.12,49.15
2017-04-21,59.79,53.62,80.69,49.57
2017-04-24,74.47,63.19,81.97,51.28
2017-04-25,79.36,65.32,83.48,53.83
2017-04-26,74.26,65.53,83.26,58.3
2017-04-27,72.98,66.6,81.97,65.11
2017-04-28,65.53,61.7,81.12,71.28
2017-05-01,65.53,60.85,79.83,72.34
2017-05-02,64.89,61.91,79.61,71.91
2017-05-03,61.28,58.51,78.54,72.55
2017-05-04,66.38,61.91,77.68,72.98
2017-05-05,70.85,64.47,78.76,72.98
2017-05-08,65.74,61.7,78.97,71.49
2017-05-09,61.06,61.06,79.18,69.79
2017-05-10,64.26,62.77,78.76,67.66
2017-05-11,60.0,62.55,78.76,64.26
2017-05-12,54.04,60.0,77.25,61.28
2017-05-15,62.77,65.32,78.11,60.43
2017-05-16,57.23,61.49,76.82,58.51
2017-05-17,31.49,49.36,73.18,56.6
2017-05-18,37.23,51.28,73.39,52.55
2017-05-19,47.23,57.66,76.18,49.36
2017-05-22,57.87,61.49,77.47,47.23
2017-05-23,58.3,62.13,78.11,48.51
2017-05-24,63.83,64.68,78.11,50.64
2017-05-25,70.06,67.87,77.25,53.93
2017-05-26,69.85,67.87,77.47,55.84
2017-05-30,68.37,67.02,76.61,54.78
2017-05-31,70.28,68.09,76.82,57.11
2017-06-01,77.71,74.89,79.61,64.54
2017-06-02,79.41,75.74,79.87,69.85
2017-06-05,76.22,72.55,78.59,74.73
2017-06-06,71.97,70.21,78.16,74.95
2017-06-07,71.76,70.21,78.8,75.8
2017-06-08,76.43,71.7,78.8,76.86
2017-06-09,74.58,75.96,79.01,79.45
2017-06-12,70.76,77.45,80.09,80.08
2017-06-13,78.39,80.0,81.58,82.63
2017-06-14,73.52,77.45,80.51,83.9
2017-06-15,69.92,77.45,80.51,80.93
2017-06-16,67.58,75.32,81.37,73.73
2017-06-19,75.42,80.43,81.58,70.97
2017-06-20,64.62,73.4,80.09,66.53
2017-06-21,55.93,69.79,79.23,63.98
2017-06-22,51.06,67.87,78.8,62.92
2017-06-23,53.18,69.36,79.01,61.44
2017-06-26,56.57,70.64,80.3,62.92
2017-06-27,40.89,64.68,78.16,59.53
2017-06-28,57.42,72.55,81.37,57.42
2017-06-29,41.1,61.06,79.23,56.14
2017-06-30,45.76,64.04,79.23,52.54
2017-07-03,50.64,67.45,81.16,46.4
2017-07-05,49.79,65.11,79.23,46.4
2017-07-06,34.53,55.74,77.94,45.97
2017-07-07,47.46,61.49,79.01,45.55
2017-07-10,50.0,60.51,77.52,43.01
2017-07-11,48.94,62.42,77.94,43.01
2017-07-12,60.38,69.21,78.8,44.92
2017-07-13,60.17,68.58,79.01,45.97
2017-07-14,68.43,72.4,80.51,48.73
2017-07-17,70.55,73.25,81.58,52.97
2017-07-18,67.37,71.76,80.73,56.99
2017-07-19,75.0,77.28,82.87,59.53
2017-07-20,72.03,75.58,82.01,63.98
2017-07-21,74.15,74.31,82.69,67.16
2017-07-24,72.46,72.25,81.62,72.03
2017-07-25,75.85,71.19,83.12,75.42
2017-07-26,69.07,69.7,81.84,74.79
2017-07-27,66.1,66.95,81.84,76.27
2017-07-28,65.68,65.47,80.34,73.31
2017-07-31,64.19,65.04,80.56,73.31
2017-08-01,63.98,64.62,80.56,73.73
2017-08-02,59.53,62.5,79.27,69.28
2017-08-03,56.14,61.65,79.06,65.04
2017-08-04,57.42,63.35,79.49,64.41
2017-08-07,58.26,65.25,79.27,61.44
2017-08-08,51.06,61.44,79.06,57.42
2017-08-09,50.21,60.81,78.21,53.6
2017-08-10,32.84,45.34,72.22,51.06
2017-08-11,30.3,44.28,72.86,48.73
2017-08-14,48.52,56.57,75.85,45.34
2017-08-15,46.82,54.87,75.0,45.34
2017-08-16,51.06,57.2,75.85,44.7
2017-08-17,31.36,44.49,67.8,41.95
2017-08-18,28.39,42.58,67.16,38.14
2017-08-21,32.2,43.86,66.95,36.02
2017-08-22,47.88,51.69,70.58,34.96
2017-08-23,42.58,48.09,69.3,35.59
2017-08-24,41.74,47.67,69.3,38.77
2017-08-25,46.61,48.94,70.79,40.89
2017-08-28,46.61,47.88,69.08,42.37
2017-08-29,46.4,47.46,68.66,40.04
2017-08-30,56.78,51.27,70.15,38.35
2017-08-31,67.58,57.84,71.0,44.28
2017-09-01,72.67,62.29,72.49,52.12
2017-09-05,61.23,56.14,68.23,57.84
2017-09-06,63.98,59.11,70.79,60.38
2017-09-07,66.74,58.05,69.3,65.04
2017-09-08,66.95,58.69,69.94,65.68
2017-09-11,77.12,68.43,72.28,67.58
2017-09-12,76.69,67.8,74.63,71.4
2017-09-13,73.09,66.31,73.56,71.82
2017-09-14,75.0,65.89,72.92,73.73
2017-09-15,75.64,66.53,73.99,72.67
2017-09-18,73.31,69.28,74.2,70.34
2017-09-19,72.88,70.76,75.69,70.55
2017-09-20,70.97,66.95,76.12,74.79
2017-09-21,66.95,64.62,75.91,74.79
2017-09-22,66.95,63.77,75.48,74.79
2017-09-25,62.08,63.77,77.61,72.03
2017-09-26,59.53,64.19,76.12,69.7
2017-09-27,65.25,66.1,77.4,67.16
2017-09-28,63.35,66.1,77.4,66.74
2017-09-29,65.89,68.01,78.25,65.04
2017-10-02,71.4,70.76,79.32,64.41
2017-10-03,70.55,72.46,78.04,64.62
2017-10-04,73.52,74.15,79.53,63.77
2017-10-05,78.39,77.12,80.38,66.1
2017-10-06,75.21,76.48,79.74,65.68
2017-10-09,73.73,75.21,78.68,67.8
2017-10-10,77.33,76.91,79.53,72.25
2017-10-11,77.12,76.91,80.17,74.36
2017-10-12,78.39,80.51,80.81,77.97
2017-10-13,76.91,79.24,80.38,79.66
2017-10-16,75.85,78.18,80.6,79.66
2017-10-17,72.88,78.81,81.24,80.72
2017-10-18,71.19,79.66,81.24,78.81
2017-10-19,73.09,80.3,81.88,77.33
2017-10-20,78.6,80.93,81.45,75.0
2017-10-23,75.0,78.81,81.45,75.42
2017-10-24,73.31,78.39,80.81,75.21
2017-10-25,65.25,73.52,79.74,72.67
2017-10-26,68.01,72.67,78.89,71.61
2017-10-27,67.37,75.64,78.68,69.49
2017-10-30,58.69,72.67,78.04,68.43
2017-10-31,60.81,73.94,76.97,67.8
2017-11-01,59.75,72.46,77.4,66.1
2017-11-02,63.56,71.61,76.55,66.31
2017-11-03,61.44,73.09,76.12,64.83
2017-11-06,62.71,72.88,75.91,64.83
2017-11-07,57.63,70.76,75.69,63.14
2017-11-08,59.96,70.34,75.48,63.35
2017-11-09,53.81,68.43,75.91,62.29
2017-11-10,54.24,66.95,75.91,59.32
2017-11-13,57.42,68.43,74.84,58.26
2017-11-14,56.57,67.58,75.74,57.63
2017-11-15,46.61,61.86,73.62,56.57
2017-11-16,57.2,66.31,75.53,56.14
2017-11-17,56.36,65.25,74.04,56.99
2017-11-20,58.47,66.74,75.11,56.99
2017-11-21,65.04,67.8,77.23,58.05
2017-11-22,62.5,67.16,75.96,57.42
2017-11-24,65.68,66.74,75.53,57.42
2017-11-27,63.35,66.53,75.11,60.38
2017-11-28,76.27,73.31,78.3,61.44
2017-11-29,71.61,76.91,79.57,62.71
2017-11-30,76.48,79.66,80.43,68.22
2017-12-01,74.79,78.6,80.0,71.82
2017-12-04,66.95,72.67,82.55,72.25
2017-12-05,60.59,69.7,81.28,72.46
2017-12-06,59.96,67.58,80.43,71.61
2017-12-07,65.68,71.4,81.28,70.97
2017-12-08,70.55,74.58,81.49,71.19
2017-12-11,71.19,76.48,82.77,70.34
2017-12-12,66.31,73.52,82.98,69.07
2017-12-13,65.89,72.88,82.13,68.43
2017-12-14,55.08,66.95,80.85,63.77
2017-12-15,67.37,73.73,82.98,63.56
2017-12-18,73.94,76.27,82.77,63.56
2017-12-19,69.28,73.31,81.06,63.14
2017-12-20,65.04,71.82,81.28,65.68
2017-12-21,63.56,71.19,81.49,65.89
2017-12-22,58.69,70.13,82.55,65.89
2017-12-26,58.47,69.28,81.49,61.86
2017-12-27,62.08,70.34,82.34,61.23
2017-12-28,66.95,72.67,83.19,63.77
2017-12-29,55.08,69.28,82.98,66.53
2018-01-02,61.02,71.82,82.13,66.95
2018-01-03,71.61,77.12,81.49,66.31
2018-01-04,73.31,76.69,81.91,65.68
2018-01-05,77.75,80.08,82.77,66.74
2018-01-08,79.45,80.3,83.4,68.01
2018-01-09,76.69,80.93,82.55,72.03
2018-01-10,74.58,78.6,81.49,72.88
2018-01-11,77.54,80.3,81.28,74.15
2018-01-12,78.39,80.51,81.7,76.48
2018-01-16,74.58,78.81,81.28,77.97
2018-01-17,80.08,81.36,82.55,79.03
2018-01-18,79.24,81.99,81.7,80.08
2018-01-19,80.51,82.84,82.77,80.3
2018-01-22,81.14,83.69,83.83,80.93
2018-01-23,82.84,84.53,84.89,79.87
2018-01-24,80.51,84.11,84.26,78.81
2018-01-25,79.24,84.32,84.04,79.87
2018-01-26,81.99,84.32,85.32,81.36
2018-01-29,75.0,81.14,84.04,81.78
2018-01-30,64.06,77.75,83.19,80.55
2018-01-31,61.95,76.69,82.77,77.8
2018-02-01,55.6,74.79,81.06,74.63
2018-02-02,30.23,62.29,78.51,70.61
2018-02-05,7.4,29.24,67.87,61.95
2018-02-06,9.3,39.19,71.91,52.01
2018-02-07,10.99,36.02,70.21,38.48
2018-02-08,3.81,15.47,57.23,24.74
2018-02-09,6.77,18.22,62.34,16.28
2018-02-12,9.73,25.42,66.24,10.57
2018-02-13,12.26,29.45,66.67,8.25
2018-02-14,24.31,41.74,70.06,6.98
2018-02-15,38.05,48.94,72.82,6.55
2018-02-16,41.44,49.36,73.46,5.5
2018-02-20,37.21,44.49,71.76,8.67
2018-02-21,34.04,43.22,70.49,11.21
2018-02-22,35.94,43.22,69.85,13.11
2018-02-23,61.52,53.18,73.25,24.95
2018-02-26,72.09,59.32,74.95,41.44
2018-02-27,57.51,49.79,71.82,54.76
2018-02-28,46.72,42.16,69.28,65.54
2018-03-01,34.46,31.78,65.25,67.86
2018-03-02,44.82,36.65,65.89,69.98
2018-03-05,62.16,43.22,68.86,69.56
2018-03-06,65.33,46.19,69.49,68.71
2018-03-07,64.27,45.76,69.28,67.23
2018-03-08,69.56,48.31,69.7,69.56
2018-03-09,79.7,58.26,74.15,64.06
2018-03-12,77.59,57.63,75.0,57.08
2018-03-13,72.09,54.03,73.31,56.24
2018-03-14,63.42,51.37,71.61,56.66
2018-03-15,60.47,50.95,70.55,62.79
2018-03-16,67.86,55.81,72.03,67.86
2018-03-19,52.22,47.99,69.92,70.82
2018-03-20,55.81,50.32,69.28,71.88
2018-03-21,53.91,47.78,68.86,70.61
2018-03-22,23.47,29.39,61.23,65.33
2018-03-23,10.57,19.87,54.87,55.18
2018-03-26,27.91,32.35,61.65,49.47
2018-03-27,19.66,26.43,58.47,39.32
2018-03-28,19.66,26.22,58.05,30.44
2018-03-29,29.18,34.25,61.86,23.89
2018-04-02,15.22,21.99,51.48,17.97
2018-04-03,21.14,28.54,56.14,15.64
2018-04-04,33.4,36.36,60.81,15.22
2018-04-05,43.34,41.23,61.23,16.07
2018-04-06,23.68,27.91,53.6,17.55
2018-04-09,25.79,30.44,54.87,22.2
2018-04-10,44.82,41.01,59.96,22.83
2018-04-11,37.42,38.48,57.2,28.12
2018-04-12,51.59,42.28,59.53,32.35
2018-04-13,47.15,41.86,57.84,36.36
2018-04-16,69.98,53.7,62.08,47.57
2018-04-17,81.4,62.58,64.62,58.14
2018-04-18,83.3,64.9,66.1,67.44
2018-04-19,75.26,57.72,62.5,69.98
2018-04-20,65.54,51.16,59.96,75.05
2018-04-23,65.54,51.59,60.81,76.11
2018-04-24,50.95,42.07,56.14,73.57
2018-04-25,50.11,42.71,57.2,72.94
2018-04-26,58.99,47.57,59.53,70.82
2018-04-27,60.47,48.84,58.05,72.3
2018-04-30,48.84,45.67,53.39,64.27
2018-05-01,49.89,47.57,55.93,59.2
2018-05-02,42.28,40.17,53.39,54.12
2018-05-03,40.17,39.53,52.75,49.89
2018-05-04,53.7,48.41,57.63,46.3
2018-05-07,54.76,49.89,58.69,43.76
2018-05-08,52.43,48.41,57.63,45.03
2018-05-09,60.25,53.28,59.75,45.88
2018-05-10,64.06,62.58,62.5,47.36
2018-05-11,67.65,62.37,64.41,48.41
2018-05-14,67.86,62.16,62.71,52.43
2018-05-15,60.47,55.39,60.17,54.76
2018-05-16,66.6,57.72,60.81,59.2
2018-05-17,65.96,57.51,60.38,64.9
2018-05-18,64.48,57.08,61.86,66.81
2018-05-21,72.94,64.06,63.77,70.4
2018-05-22,68.5,63.0,62.08,73.36
2018-05-23,71.04,63.64,62.71,74.0
2018-05-24,67.02,62.58,62.71,75.48
2018-05-25,66.6,61.31,61.86,74.42
2018-05-29,50.53,53.91,56.14,70.61
2018-05-30,68.08,64.48,62.29,69.56
2018-05-31,52.22,56.24,56.99,64.27
2018-06-01,62.79,62.79,60.81,62.58
2018-06-04,64.69,62.58,61.86,63.42
2018-06-05,64.69,63.21,63.14,60.89
2018-06-06,70.19,68.71,65.47,60.68
2018-06-07,72.94,69.56,66.74,60.25
2018-06-08,78.44,72.3,67.16,60.89
2018-06-11,77.59,74.0,68.22,63.0
2018-06-12,76.11,74.84,68.43,67.44
2018-06-13,69.13,69.98,65.47,67.86
2018-06-14,70.61,71.88,65.25,72.94
2018-06-15,67.65,69.77,64.41,74.84
2018-06-18,63.64,67.44,63.56,76.11
2018-06-19,59.83,65.54,60.38,76.53
2018-06-20,61.1,65.54,59.75,74.63
2018-06-21,51.8,59.83,58.69,69.77
2018-06-22,53.49,63.0,61.44,66.17
2018-06-25,36.58,54.55,57.2,61.31
2018-06-26,34.25,54.76,56.78,54.33
2018-06-27,28.33,47.57,53.81,46.93
2018-06-28,30.66,51.59,55.72,40.59
2018-06-29,31.92,53.28,55.93,35.94
2018-07-02,31.5,52.01,56.14,32.98
2018-07-03,30.87,51.8,55.51,30.23
2018-07-05,42.28,56.87,58.47,27.48
2018-07-06,54.55,60.25,61.65,30.44
2018-07-09,69.13,67.86,63.35,31.08
2018-07-10,74.63,70.82,64.41,33.83
2018-07-11,59.2,61.52,61.65,38.27
2018-07-12,70.61,66.81,62.5,47.78
2018-07-13,75.26,67.86,63.14,57.51
2018-07-16,69.34,65.12,62.92,64.69
2018-07-17,77.17,68.08,65.89,72.09
2018-07-18,77.38,70.61,66.31,80.76
2018-07-19,76.32,68.71,65.25,84.14
2018-07-20,69.34,67.02,63.35,83.93
2018-07-23,66.17,65.96,62.08,82.24
2018-07-24,63.85,65.54,61.86,78.65
2018-07-25,70.4,68.08,65.47,76.11
2018-07-26,74.0,74.21,67.37,73.15
2018-07-27,58.99,66.38,65.68,70.4
2018-07-30,49.89,60.47,64.41,67.86
2018-07-31,56.03,63.85,68.43,64.69
2018-08-01,52.01,61.95,65.89,58.77
2018-08-02,59.41,65.33,67.37,57.08
2018-08-03,61.1,66.38,68.86,56.03
2018-08-06,67.44,69.98,69.49,56.87
2018-08-07,70.61,75.05,70.55,58.99
2018-08-08,67.02,73.15,70.34,59.41
2018-08-09,67.86,72.52,68.86,59.62
2018-08-10,55.6,65.75,65.68,60.04
2018-08-13,50.95,63.21,64.62,60.47
2018-08-14,59.41,67.02,67.58,61.1
2018-08-15,50.53,61.52,66.31,64.27
2018-08-16,59.41,66.38,68.86,62.79
2018-08-17,64.06,68.29,68.86,61.95
2018-08-20,66.81,70.82,69.49,60.89
2018-08-21,71.52,73.36,69.49,59.7
2018-08-22,68.99,73.15,69.07,59.07
2018-08-23,63.08,70.61,67.58,59.7
2018-08-24,71.1,73.57,69.28,60.76
2018-08-27,80.38,77.38,70.34,64.77
2018-08-28,80.17,77.38,70.76,69.41
2018-08-29,83.58,80.13,71.82,74.53
2018-08-30,72.21,73.36,70.97,77.05
2018-08-31,70.74,74.84,70.76,77.47
2018-09-04,66.74,72.52,69.92,78.74
2018-09-05,68.84,73.57,69.7,79.16
2018-09-06,67.79,72.52,69.92,79.58
2018-09-07,60.84,70.61,69.07,79.58
2018-09-10,64.21,73.15,69.49,77.26
2018-09-11,63.37,71.67,69.7,71.16
2018-09-12,62.11,72.09,69.28,67.37
2018-09-13,67.79,73.36,69.49,63.16
2018-09-14,67.37,72.94,69.92,61.05
2018-09-17,58.74,71.25,69.7,62.11
2018-09-18,63.16,71.04,69.92,61.89
2018-09-19,57.68,69.34,71.4,61.26
2018-09-20,65.26,73.57,74.79,60.63
2018-09-21,64.42,73.57,74.58,61.47
2018-09-24,54.53,64.48,71.19,60.63
2018-09-25,51.79,62.16,69.7,60.42
2018-09-26,44.42,57.93,66.53,58.74
2018-09-27,45.05,58.14,66.53,57.26
2018-09-28,48.63,58.35,66.53,56.0
2018-10-01,47.58,57.93,66.1,55.16
2018-10-02,44.0,57.72,66.31,53.26
2018-10-03,42.11,54.43,66.31,51.16
2018-10-04,30.32,50.0,66.74,48.0
2018-10-05,29.26,48.31,64.19,40.63
2018-10-08,34.74,47.05,65.47,36.42
2018-10-09,32.42,44.3,63.77,32.42
2018-10-10,12.42,20.25,53.6,27.79
2018-10-11,3.16,9.26,41.74,22.11
2018-10-12,5.05,12.21,45.97,18.95
2018-10-15,7.79,12.42,47.25,16.42
2018-10-16,22.74,25.47,54.97,14.11
2018-10-17,23.58,24.21,52.64,13.26
2018-10-18,20.21,21.26,49.26,13.05
2018-10-19,24.21,22.11,48.84,13.89
2018-10-22,20.0,18.74,46.93,13.05
2018-10-23,18.53,17.26,44.4,12.21
2018-10-24,16.21,13.47,36.79,12.42
2018-10-25,19.16,16.21,40.8,15.79
2018-10-26,14.53,10.11,36.79,18.11
2018-10-29,19.58,15.37,37.0,20.21
2018-10-30,30.32,18.95,42.71,20.42
2018-10-31,36.84,20.0,43.97,21.89
2018-11-01,51.58,24.21,47.99,23.37
2018-11-02,49.89,21.68,46.3,25.26
2018-11-05,60.84,27.58,47.99,29.05
2018-11-06,69.47,34.32,49.68,34.95
2018-11-07,82.53,48.84,53.91,44.42
2018-11-08,80.42,49.26,54.55,51.37
2018-11-09,74.32,45.89,50.95,60.63
2018-11-12,57.26,35.37,46.51,67.79
2018-11-13,58.95,37.05,46.3,72.63
2018-11-14,54.53,33.05,43.97,76.0
2018-11-15,66.53,37.89,46.72,77.89
2018-11-16,68.0,41.26,47.36,81.05
2018-11-19,54.11,34.74,42.49,78.95
2018-11-20,39.16,27.79,37.21,75.58
2018-11-21,41.47,28.84,38.27,64.0
2018-11-23,38.53,29.47,38.48,58.11
2018-11-26,50.74,36.21,42.07,49.05
2018-11-27,47.58,37.26,41.86,43.37
2018-11-28,69.47,51.37,48.63,39.79
2018-11-29,66.11,50.32,48.2,40.84
2018-11-30,69.89,57.26,50.32,42.32
2018-12-03,81.47,65.89,54.97,42.74
2018-12-04,40.42,40.42,43.76,41.47
2018-12-06,39.58,41.26,42.49,46.11
2018-12-07,19.79,26.53,37.21,50.11
2018-12-10,24.0,28.42,39.11,54.74
2018-12-11,26.32,29.89,37.63,56.42
2018-12-12,31.16,35.16,39.96,53.26
2018-12-13,32.42,33.05,38.69,48.84
2018-12-14,17.89,24.84,34.46,39.79
2018-12-17,5.68,15.58,26.64,30.74
2018-12-18,6.95,14.95,27.7,22.74
2018-12-19,3.79,12.42,23.26,17.05
2018-12-20,2.32,8.42,17.97,13.26
2018-12-21,1.05,6.32,15.43,9.47
2018-12-24,0.21,1.26,9.73,4.63
2018-12-26,4.63,5.05,16.07,1.89
2018-12-27,7.58,8.42,18.82,1.47
2018-12-28,8.0,8.21,18.6,1.05
2018-12-31,18.53,12.63,22.2,1.26
2019-01-02,21.47,8.42,18.18,2.74
2019-01-03,8.21,3.79,13.74,4.0
2019-01-04,43.16,14.53,21.14,5.05
2019-01-07,56.93,19.79,23.47,8.82
2019-01-08,72.48,27.58,28.12,20.59
2019-01-09,79.2,32.42,29.39,40.13
2019-01-10,86.55,42.11,31.29,53.57
2019-01-11,87.61,40.63,32.14,66.81
2019-01-14,85.29,36.21,29.18,78.15
2019-01-15,91.81,44.42,32.14,83.82
2019-01-16,91.39,46.11,32.35,87.61
2019-01-17,93.7,55.58,34.88,92.44
2019-01-18,96.64,70.74,41.23,94.12
2019-01-22,91.81,61.26,36.58,94.12
2019-01-23,89.92,63.37,36.58,94.54
2019-01-24,88.03,67.16,37.21,92.65
2019-01-25,89.08,73.47,39.96,92.44
2019-01-28,85.71,71.58,38.05,92.02
2019-01-29,83.82,73.47,38.27,91.39
2019-01-30,88.66,81.05,45.88,90.76
2019-01-31,91.18,85.47,46.72,90.34
2019-02-01,89.71,85.89,49.05,89.08
2019-02-04,91.6,89.47,53.07,87.39
2019-02-05,91.18,89.89,54.33,88.45
2019-02-06,87.82,88.63,54.97,87.82
2019-02-07,82.35,84.84,52.22,87.18
2019-02-08,79.83,85.26,52.01,86.97
2019-02-11,78.99,84.84,52.43,85.5
2019-02-12,85.08,89.89,57.93,86.34
2019-02-13,86.55,91.58,61.73,85.92
2019-02-14,83.19,90.74,59.83,84.66
2019-02-15,90.34,94.32,64.06,84.03
2019-02-19,92.44,94.74,64.69,85.5
2019-02-20,91.39,94.96,65.96,84.66
2019-02-21,87.61,93.91,64.9,84.03
2019-02-22,88.24,95.17,65.75,84.45
2019-02-25,86.97,94.12,65.54,87.18
2019-02-26,82.35,94.33,64.48,89.29
2019-02-27,78.36,94.12,64.9,88.66
2019-02-28,75.84,92.65,64.48,86.13
2019-03-01,77.94,92.65,65.75,85.92
2019-03-04,72.69,92.02,65.96,84.87
2019-03-05,67.86,90.97,64.27,80.67
2019-03-06,49.37,86.97,62.16,79.41
2019-03-07,38.24,83.4,58.56,76.68
2019-03-08,33.82,78.15,57.08,67.23
2019-03-11,54.2,85.29,62.16,58.82
2019-03-12,56.93,85.71,62.58,50.42
2019-03-13,64.5,87.18,64.48,48.32
2019-03-14,62.61,84.45,63.64,48.32
2019-03-15,64.71,82.98,64.9,44.12
2019-03-18,69.75,83.61,67.02,44.96
2019-03-19,67.02,82.35,64.69,46.22
2019-03-20,55.04,76.26,61.73,50.21
2019-03-21,74.79,80.88,67.23,57.35
2019-03-22,49.58,68.91,60.68,64.29
2019-03-25,49.58,67.65,60.89,64.29
2019-03-26,59.24,70.59,62.58,67.02
2019-03-27,53.78,67.86,62.37,67.65
2019-03-28,58.82,69.75,63.21,68.49
2019-03-29,70.17,75.0,65.54,69.33
2019-04-01,84.87,82.56,70.61,69.96
2019-04-02,81.09,81.3,70.82,69.12
2019-04-03,79.62,80.88,71.04,71.22
2019-04-04,76.68,81.93,72.3,67.65
2019-04-05,82.77,85.71,74.63,70.8
2019-04-08,79.45,84.03,74.84,74.21
2019-04-09,73.85,80.88,72.3,74.69
2019-04-10,79.92,82.77,74.42,77.2
2019-04-11,79.29,83.4,74.21,78.66
2019-04-12,81.17,85.08,76.11,80.75
2019-04-15,79.29,82.56,75.48,80.33
2019-04-16,70.98,78.15,75.9,79.33
2019-04-17,64.93,72.48,74.63,76.2
2019-04-18,65.34,72.27,75.48,75.78
2019-04-22,64.3,70.8,74.84,72.23
2019-04-23,69.1,75.84,78.01,69.52
2019-04-24,69.73,76.68,77.38,69.31
2019-04-25,63.67,73.53,76.32,69.52
2019-04-26,68.06,74.16,76.11,66.39
2019-04-29,62.21,73.11,75.69,63.88
2019-04-30,68.27,76.26,76.74,63.47
2019-05-01,58.66,70.59,74.84,62.0
2019-05-02,58.25,70.38,74.63,60.33
2019-05-03,66.81,76.89,76.74,61.59
2019-05-06,61.38,73.74,75.9,63.05
2019-05-07,41.54,59.24,73.57,63.47
2019-05-08,35.49,57.77,71.67,58.46
2019-05-09,35.28,54.41,71.88,57.2
2019-05-10,45.09,60.08,72.15,54.28
2019-05-13,28.6,41.18,63.5,49.06
2019-05-14,34.45,49.37,65.4,44.05
2019-05-15,38.83,48.74,66.46,41.13
2019-05-16,45.72,54.83,67.09,38.83
2019-05-17,40.08,50.84,65.61,35.7
2019-05-20,35.7,45.8,64.21,32.99
2019-05-21,44.89,53.25,67.79,32.57
2019-05-22,44.89,51.88,65.89,33.4
2019-05-23,34.86,44.77,62.32,34.24
2019-05-24,36.33,46.23,62.32,34.24
2019-05-28,27.14,39.54,59.16,36.53
2019-05-29,19.42,34.31,58.32,37.37
2019-05-30,25.26,36.74,58.32,36.95
2019-05-31,21.71,31.94,55.58,33.4
2019-06-03,28.6,32.99,55.37,34.03
2019-06-04,49.69,43.01,62.11,35.28
2019-06-05,63.26,50.52,64.84,35.49
2019-06-06,69.31,53.44,65.68,35.49
2019-06-07,75.62,56.37,67.37,40.21
2019-06-10,80.0,59.08,69.05,44.79
2019-06-11,79.38,58.87,68.63,49.17
2019-06-12,76.04,56.16,67.79,57.29
2019-06-13,83.54,62.63,69.05,65.62
2019-06-14,80.0,59.71,67.79,76.04
2019-06-17,77.29,58.46,67.58,82.29
2019-06-18,88.75,65.34,72.42,85.21
2019-06-19,90.42,66.39,73.26,87.92
2019-06-20,93.54,73.9,76.0,90.62
2019-06-21,88.77,71.4,74.53,92.1
2019-06-24,84.82,68.06,74.74,92.31
2019-06-25,76.72,64.72,72.84,90.85
2019-06-26,64.24,65.14,72.42,87.53
2019-06-27,69.85,69.52,74.11,86.28
2019-06-28,75.88,76.41,77.89,82.54
2019-07-01,77.96,79.96,78.53,79.83
2019-07-02,81.91,79.33,78.53,78.59
2019-07-03,88.36,85.18,81.05,77.13
2019-07-05,85.24,84.13,80.84,75.26
2019-07-08,79.0,80.58,78.74,74.22
2019-07-09,76.92,80.17,79.37,74.01
2019-07-10,78.01,82.25,79.37,74.48
2019-07-11,75.1,82.05,79.58,77.8
2019-07-12,80.71,86.85,80.84,81.74
2019-07-15,79.05,87.27,80.42,82.16
2019-07-16,72.61,84.13,80.21,80.91
2019-07-17,57.47,79.75,79.16,78.42
2019-07-18,61.41,80.38,78.11,75.31
2019-07-19,52.7,77.66,78.32,72.2
2019-07-22,53.73,76.25,79.16,68.46
2019-07-23,62.03,78.54,79.79,69.5
2019-07-24,64.52,80.42,81.68,65.35
2019-07-25,56.43,76.46,79.37,62.24
2019-07-26,61.83,78.12,80.84,57.88
2019-07-29,59.54,76.25,80.84,53.73
2019-07-30,58.3,75.83,80.21,51.66
2019-07-31,43.98,67.71,77.47,50.41
2019-08-01,32.99,58.75,74.53,48.55
2019-08-02,30.08,51.04,71.79,48.13
2019-08-05,12.24,28.07,61.05,43.57
2019-08-06,23.44,37.21,65.47,39.0
2019-08-07,26.56,40.12,64.42,34.23
2019-08-08,41.91,54.68,69.47,32.78
2019-08-09,35.89,46.57,67.16,30.71
2019-08-12,29.67,39.92,64.21,28.84
2019-08-13,40.66,44.7,66.74,27.59
2019-08-14,20.95,29.11,59.58,25.93
2019-08-15,26.56,32.02,59.37,26.56
2019-08-16,38.17,40.96,61.68,26.56
2019-08-19,46.89,48.23,64.42,30.08
2019-08-20,40.87,44.07,62.11,32.78
2019-08-21,51.24,48.13,64.42,36.93
2019-08-22,50.62,48.76,64.21,38.59
2019-08-23,29.05,34.23,57.26,39.21
2019-08-26,39.63,39.63,59.58,41.91
2019-08-27,37.97,39.0,58.53,41.91
2019-08-28,46.47,40.87,60.21,46.47
2019-08-29,64.94,47.72,63.37,52.9
2019-08-30,70.33,49.38,64.0,54.36
2019-09-03,52.28,44.19,61.68,49.79
2019-09-04,70.75,49.38,63.37,51.04
2019-09-05,85.06,59.34,69.26,51.66
2019-09-06,85.06,60.17,70.74,58.71
2019-09-09,73.65,60.58,72.63,70.54
2019-09-10,69.09,61.83,75.16,76.76
2019-09-11,72.82,65.56,78.32,82.37
2019-09-12,74.69,67.63,78.11,80.5
2019-09-13,71.99,67.63,79.16,77.8
2019-09-16,73.24,68.26,78.95,75.73
2019-09-17,80.08,72.61,77.68,76.76
2019-09-18,78.01,73.03,76.84,75.52
2019-09-19,77.59,71.78,77.05,75.1
2019-09-20,70.75,70.12,76.0,73.65
2019-09-23,67.84,68.88,74.74,74.27
2019-09-24,52.9,61.41,72.69,74.69
2019-09-25,60.37,65.56,73.74,71.99
2019-09-26,54.98,65.77,72.06,67.22
2019-09-27,43.57,59.34,71.01,63.49
2019-09-30,50.0,63.28,71.64,60.17
2019-10-01,27.39,46.47,67.86,49.38
2019-10-02,12.45,32.16,60.29,36.31
2019-10-03,18.05,37.34,62.61,30.08
2019-10-04,35.06,49.38,66.6,28.84
2019-10-07,29.25,45.85,64.08,26.97
2019-10-08,15.98,30.91,57.14,26.56
2019-10-09,24.9,37.76,59.24,24.48
2019-10-10,31.12,45.02,61.76,22.82
2019-10-11,49.79,58.51,66.6,22.41
2019-10-14,47.1,54.77,66.6,21.16
2019-10-15,63.28,60.17,69.96,23.86
2019-10-16,60.04,58.09,69.12,30.64
2019-10-17,65.42,61.62,68.91,40.37
2019-10-18,62.94,58.71,69.75,44.93
2019-10-21,70.19,63.28,70.8,51.55
2019-10-22,64.6,61.0,71.22,62.53
2019-10-23,67.7,62.66,71.43,68.53
2019-10-24,70.39,63.9,72.48,72.67
2019-10-25,70.39,63.9,72.06,73.5
2019-10-28,69.77,62.86,72.27,75.16
2019-10-29,71.22,66.18,72.48,74.74
2019-10-30,74.53,68.05,72.48,74.33
2019-10-31,67.91,63.69,70.59,72.67
2019-11-01,74.53,67.43,74.79,73.5
2019-11-04,70.6,67.43,76.05,71.01
2019-11-05,65.84,65.35,74.79,68.94
2019-11-06,64.18,66.39,75.63,67.49
2019-11-07,65.22,64.11,75.21,67.08
2019-11-08,65.63,65.56,74.37,67.49
2019-11-11,65.22,64.94,73.53,66.67
2019-11-12,65.42,64.52,73.74,66.25
2019-11-13,67.29,65.77,74.58,67.29
2019-11-14,68.94,68.26,75.0,67.49
2019-11-15,72.67,71.16,77.31,68.32
2019-11-18,71.84,70.12,75.84,67.29
2019-11-19,72.05,69.92,77.1,67.49
2019-11-20,65.63,69.71,74.79,68.32
2019-11-21,59.01,66.6,73.74,68.53
2019-11-22,58.59,68.05,75.84,68.53
2019-11-25,71.84,70.95,76.89,68.32
2019-11-26,76.19,72.61,77.31,67.08
2019-11-27,79.92,74.53,78.57,68.32
2019-11-29,72.26,73.08,77.1,69.57
2019-12-02,53.83,66.67,74.79,66.05
2019-12-03,42.24,61.9,71.22,62.53
2019-12-04,52.59,67.08,73.74,60.66
2019-12-05,56.52,67.29,74.58,62.53
2019-12-06,65.22,71.01,77.31,66.25
2019-12-09,58.59,69.15,75.21,65.84
2019-12-10,54.45,67.7,74.58,61.49
2019-12-11,57.56,68.12,75.0,56.94
2019-12-12,65.84,72.88,76.47,53.42
2019-12-13,63.77,71.84,76.05,51.14
2019-12-16,73.08,74.53,78.78,54.66
2019-12-17,73.08,76.81,77.73,60.46
2019-12-18,68.74,76.19,78.15,63.98
2019-12-19,74.53,78.26,79.62,66.87
2019-12-20,79.09,81.57,80.25,67.49
2019-12-23,77.23,79.5,81.76,69.98
2019-12-24,79.92,79.5,81.59,75.16
2019-12-26,80.75,80.33,81.8,76.81
2019-12-27,79.71,80.95,82.01,78.67
2019-12-30,74.12,79.09,79.92,79.09
2019-12-31,79.71,79.3,80.96,79.3
2020-01-02,75.98,78.67,82.05,79.71
2020-01-03,67.91,75.78,81.21,79.09
2020-01-06,65.22,74.74,81.0,78.88
2020-01-07,58.8,72.46,79.33,76.4
2020-01-08,62.32,74.74,81.21,73.91
2020-01-09,66.67,77.02,81.42,72.05
2020-01-10,62.11,75.16,81.42,68.74
2020-01-13,70.81,78.88,83.72,67.7
2020-01-14,71.01,77.85,83.09,65.01
2020-01-15,72.26,77.23,84.13,64.18
2020-01-16,81.37,82.82,87.27,63.98
2020-01-17,80.12,84.27,87.68,65.84
2020-01-21,72.26,80.33,85.39,67.08
2020-01-22,70.81,78.26,84.76,69.36
2020-01-23,71.22,77.85,84.97,71.84
2020-01-24,57.97,70.19,82.05,70.6
2020-01-27,45.13,59.01,77.24,69.57
2020-01-28,52.59,63.56,78.91,68.74
2020-01-29,48.45,60.66,77.24,66.46
2020-01-30,51.55,62.32,77.66,63.98
2020-01-31,32.92,50.52,72.86,59.01
2020-02-03,41.82,53.62,73.9,52.38
2020-02-04,54.87,62.73,76.2,50.93
2020-02-05,67.91,70.81,81.42,48.45
2020-02-06,66.25,68.74,80.17,46.58
2020-02-07,57.56,66.25,77.66,45.13
2020-02-10,64.8,66.67,79.75,47.0
2020-02-11,68.74,70.39,81.0,48.86
2020-02-12,75.98,73.91,82.05,53.0
2020-02-13,73.91,72.26,81.42,55.9
2020-02-14,73.08,70.6,81.21,65.22
2020-02-18,67.29,66.67,78.91,73.91
2020-02-19,71.43,69.15,79.96,77.85
2020-02-20,70.19,68.32,80.38,77.85
2020-02-21,59.63,62.11,77.87,77.64
2020-02-24,26.29,44.1,67.85,72.67
2020-02-25,9.52,28.78,55.83,64.6
2020-02-26,10.14,24.84,52.29,51.55
2020-02-27,2.28,9.11,38.54,33.33
2020-02-28,1.86,5.38,29.38,19.67
2020-03-02,7.04,16.56,47.08,12.63
2020-03-03,3.93,12.63,39.79,8.07
2020-03-04,23.4,28.99,50.83,5.38
2020-03-05,12.84,20.91,42.5,3.93
2020-03-06,9.73,15.73,37.92,2.9
2020-03-09,3.31,5.38,17.92,2.48
2020-03-10,5.59,8.28,28.69,2.48
2020-03-11,2.07,3.52,14.55,2.28
2020-03-12,0.21,1.45,6.44,2.07
2020-03-13,2.48,3.73,13.51,2.28
2020-03-16,1.04,1.86,3.95,2.07
2020-03-17,5.18,4.55,11.02,2.9
2020-03-18,3.93,3.73,6.65,3.11
2020-03-19,3.11,2.69,5.61,3.11
2020-03-20,1.66,1.66,3.53,2.28
2020-03-23,1.24,1.45,3.53,1.86
2020-03-24,7.04,2.07,5.61,1.66
2020-03-25,7.25,1.45,5.2,1.45
2020-03-26,28.99,4.14,10.37,1.86
2020-03-27,17.18,2.48,7.68,1.66
2020-03-30,43.89,6.21,12.03,2.9
2020-03-31,35.2,4.76,10.17,4.35
2020-04-01,19.25,3.31,7.47,9.32
2020-04-02,37.47,6.0,8.92,15.53
2020-04-03,34.58,5.18,8.51,28.99
2020-04-06,76.6,12.63,13.49,57.14
2020-04-07,87.37,10.77,13.28,75.78
2020-04-08,97.93,18.63,18.05,84.89
2020-04-09,98.76,24.64,20.54,87.99
2020-04-13,98.55,17.81,17.43,91.72
2020-04-14,98.96,32.09,24.27,93.17
2020-04-15,92.96,25.47,20.33,94.82
2020-04-16,85.77,29.19,23.65,95.88
2020-04-17,96.29,41.61,28.42,97.32
2020-04-20,90.52,33.54,24.48,97.32
2020-04-21,67.84,22.57,19.29,96.91
2020-04-22,76.29,32.3,21.99,96.7
2020-04-23,73.4,33.33,22.41,95.46
2020-04-24,80.62,42.44,24.27,92.58
2020-04-27,92.16,54.87,26.35,89.9
2020-04-28,92.58,63.15,25.73,88.25
2020-04-29,90.52,77.85,32.16,90.72
2020-04-30,83.51,68.74,27.39,88.25
2020-05-01,61.86,56.73,22.41,80.82
2020-05-04,55.05,57.56,24.27,68.66
2020-05-05,60.0,62.73,27.8,69.07
2020-05-06,49.69,57.56,27.8,68.66
2020-05-07,60.0,68.12,30.08,70.93
2020-05-08,76.91,78.47,32.57,73.2
2020-05-11,69.28,73.71,33.4,71.34
2020-05-12,47.84,64.18,30.29,69.28
2020-05-13,33.61,56.52,28.63,57.53
2020-05-14,42.06,61.28,30.29,50.72
2020-05-15,41.24,63.35,29.88,51.13
2020-05-18,76.49,84.27,36.51,52.99
2020-05-19,64.33,78.88,34.02,50.72
2020-05-20,75.67,84.89,38.17,52.58
2020-05-21,68.87,85.09,35.68,52.99
2020-05-22,69.07,85.3,37.14,51.75
2020-05-26,84.33,92.13,40.04,52.99
2020-05-27,89.07,94.0,45.85,62.47
2020-05-28,92.78,96.69,46.68,81.44
2020-05-29,94.43,96.7,46.89,90.31
2020-06-01,93.81,97.32,46.68,92.16
2020-06-02,94.85,97.73,49.38,91.96
2020-06-03,94.64,97.73,53.53,92.37
2020-06-04,91.13,96.29,52.7,92.37
2020-06-05,92.78,96.49,61.41,92.99
2020-06-08,94.64,97.32,66.8,93.81
2020-06-09,92.78,96.91,59.54,94.64
2020-06-10,92.99,96.08,53.73,95.05
2020-06-11,32.78,79.79,39.21,94.02
2020-06-12,45.15,82.06,41.7,92.99
2020-06-15,54.23,83.3,44.19,90.1
2020-06-16,70.52,89.69,48.55,88.45
2020-06-17,58.14,87.22,47.3,84.12
2020-06-18,52.78,85.15,46.68,81.03
2020-06-19,39.59,77.53,45.02,67.01
2020-06-22,38.97,79.18,44.81,45.15
2020-06-23,37.73,77.94,46.27,28.25
2020-06-24,16.29,59.18,39.21,21.65
2020-06-25,23.51,64.54,40.46,23.92
2020-06-26,15.26,50.72,37.34,24.12
2020-06-29,19.18,61.86,40.87,23.3
2020-06-30,34.43,72.16,44.19,22.06
2020-07-01,34.43,69.69,45.44,22.68
2020-07-02,41.86,70.52,46.47,22.27
2020-07-06,57.53,75.88,48.24,27.01
2020-07-07,44.95,68.04,45.96,31.55
2020-07-08,51.75,65.57,45.55,35.26
2020-07-09,44.12,55.26,44.1,42.06
2020-07-10,54.02,65.57,45.55,43.3
2020-07-13,48.04,63.3,46.38,50.1
2020-07-14,66.19,70.93,49.69,56.29
2020-07-15,81.03,83.09,53.62,64.12
2020-07-16,79.18,79.79,54.24,69.48
2020-07-17,81.24,79.79,56.11,72.99
2020-07-20,79.38,75.26,54.45,74.02
2020-07-21,88.45,80.62,56.11,78.35
2020-07-22,89.48,81.65,59.63,81.65
2020-07-23,82.27,81.44,58.59,83.09
2020-07-24,75.26,73.61,56.52,83.09
2020-07-27,75.46,74.02,57.97,84.33
2020-07-28,67.22,68.45,56.11,83.71
2020-07-29,80.62,76.91,59.01,83.3
2020-07-30,67.63,71.55,58.18,83.09
2020-07-31,66.19,68.45,57.35,81.03
2020-08-03,68.04,69.07,57.56,80.41
2020-08-04,70.93,69.69,57.97,76.7
2020-08-05,74.23,72.78,60.46,72.99
2020-08-06,71.34,71.13,60.25,67.84
2020-08-07,75.67,75.88,62.73,67.84
2020-08-10,77.73,79.18,64.39,67.63
2020-08-11,71.55,77.73,64.8,68.45
2020-08-12,78.14,81.03,65.22,70.1
2020-08-13,75.88,78.76,64.39,72.58
2020-08-14,73.61,78.56,63.56,73.61
2020-08-17,75.67,77.73,63.35,75.26
2020-08-18,69.69,76.08,63.77,74.64
2020-08-19,63.92,73.81,63.98,75.26
2020-08-20,55.67,69.28,62.53,74.64
2020-08-21,52.58,66.8,62.11,74.23
2020-08-24,65.77,77.11,64.6,72.37
2020-08-25,64.33,75.26,65.01,69.48
2020-08-26,61.65,75.46,63.98,66.6
2020-08-27,66.6,78.35,66.05,62.47
2020-08-28,69.48,81.03,67.49,60.0
2020-08-31,60.82,75.67,66.25,56.29
2020-09-01,62.68,75.88,66.05,55.46
2020-09-02,81.03,84.12,69.98,57.11
2020-09-03,49.9,73.4,66.87,58.14
2020-09-04,44.12,70.31,66.87,61.24
2020-09-08,23.3,53.81,61.08,58.35
2020-09-09,38.14,62.47,64.39,57.11
2020-09-10,26.19,53.61,61.49,53.2
2020-09-11,32.37,53.2,62.32,50.52
2020-09-14,51.13,61.24,66.25,45.77
2020-09-15,53.2,62.47,66.67,43.71
2020-09-16,55.88,65.15,68.32,43.71
2020-09-17,50.93,58.97,66.46,37.94
2020-09-18,39.79,51.34,63.98,35.26
2020-09-21,14.02,34.23,58.39,32.37
2020-09-22,21.86,38.56,59.01,32.16
2020-09-23,8.04,25.77,54.87,28.45
2020-09-24,9.9,26.19,55.49,28.25
2020-09-25,22.47,35.46,59.83,26.6
2020-09-28,43.09,46.6,62.94,24.54
2020-09-29,39.59,42.27,61.7,23.71
2020-09-30,50.72,45.77,62.94,23.92
2020-10-01,52.78,51.96,64.18,27.84
2020-10-02,60.0,53.81,64.6,30.1
2020-10-05,78.14,64.12,69.57,38.76
2020-10-06,67.84,56.91,67.7,42.27
2020-10-07,81.24,67.42,72.46,54.02
2020-10-08,89.48,74.43,75.78,66.19
2020-10-09,89.9,76.49,76.81,75.05
2020-10-12,91.34,80.62,77.23,81.44
2020-10-13,84.95,76.08,74.95,85.57
2020-10-14,83.71,71.96,74.74,88.04
2020-10-15,83.92,71.13,74.95,89.9
2020-10-16,82.06,71.55,75.16,92.78
2020-10-19,66.8,60.62,71.22,91.75
2020-10-20,69.69,64.33,72.67,91.75
2020-10-21,61.24,62.27,71.84,88.04
2020-10-22,64.95,67.63,75.57,81.44
2020-10-23,65.15,68.66,75.36,77.32
2020-10-26,40.82,54.02,69.98,69.9
2020-10-27,28.6,46.39,67.29,61.11
2020-10-28,11.11,27.22,57.97,50.0
2020-10-29,15.43,34.23,61.49,37.65
2020-10-30,12.76,29.48,60.25,27.16
2020-11-02,30.86,43.71,67.91,24.69
2020-11-03,48.15,54.85,72.67,23.25
2020-11-04,48.77,59.59,73.71,23.46
2020-11-05,69.34,69.48,76.6,24.9
2020-11-06,65.64,68.45,75.16,24.49
2020-11-09,76.34,76.29,83.44,32.92
2020-11-10,77.16,78.76,85.71,43.62
2020-11-11,84.77,84.33,85.51,59.67
2020-11-12,80.25,79.79,83.23,70.58
2020-11-13,85.6,84.74,87.78,81.69
2020-11-16,87.86,87.01,89.86,87.04
2020-11-17,85.19,86.6,90.06,90.12
2020-11-18,79.84,82.68,87.99,89.71
2020-11-19,80.66,81.86,87.99,88.48
2020-11-20,77.98,79.38,87.58,86.63
2020-11-23,78.81,81.03,89.44,86.01
2020-11-24,83.13,81.65,90.89,86.21
2020-11-25,80.86,81.03,90.89,84.57
2020-11-27,80.45,81.86,90.68,82.1
2020-11-30,75.93,82.89,90.06,79.42
2020-12-01,79.01,84.12,92.13,75.72
2020-12-02,72.84,82.47,92.34,72.84
2020-12-03,70.58,80.41,92.13,72.63
2020-12-04,75.31,81.86,91.51,72.84
2020-12-07,70.16,81.24,91.72,72.63
2020-12-08,73.25,80.82,92.34,70.58
2020-12-09,68.72,78.19,91.72,69.96
2020-12-10,60.49,74.9,91.3,69.14
2020-12-11,54.73,74.69,91.3,67.08
2020-12-14,45.47,73.87,90.89,67.28
2020-12-15,64.61,79.84,92.13,67.7
2020-12-16,60.08,79.84,91.3,67.28
2020-12-17,68.11,83.74,91.72,67.28
2020-12-18,62.55,81.28,90.48,62.55
2020-12-21,54.32,78.4,89.65,58.44
2020-12-22,49.18,78.81,89.03,53.7
2020-12-23,54.94,77.57,89.44,54.12
2020-12-24,58.02,81.28,90.68,54.94
2020-12-28,61.11,80.66,90.68,55.97
2020-12-29,51.23,78.81,90.48,56.38
2020-12-30,58.85,81.28,90.48,56.79
2020-12-31,71.19,83.54,91.75,56.79
2021-01-04,42.59,72.43,89.9,54.94
2021-01-05,54.12,75.51,89.9,54.94
2021-01-06,72.22,81.07,91.34,57.82
2021-01-07,73.31,82.72,90.31,63.04
2021-01-08,75.61,83.13,91.13,67.21
2021-01-11,70.49,79.01,90.72,70.29
2021-01-12,69.06,76.75,89.9,70.29
2021-01-13,69.88,77.78,90.31,70.49
2021-01-14,66.8,74.28,89.48,71.72
2021-01-15,64.34,72.84,89.9,67.62
2021-01-19,65.57,72.02,90.1,68.85
2021-01-20,75.0,78.81,90.52,70.49
2021-01-21,66.8,75.31,89.9,71.31
2021-01-22,58.81,71.19,89.48,71.52
2021-01-25,59.02,70.37,90.31,68.24
2021-01-26,48.98,66.26,90.31,66.8
2021-01-27,27.05,44.44,86.6,61.68
2021-01-28,33.4,55.35,87.63,56.76
2021-01-29,20.49,40.74,83.92,47.75
2021-02-01,31.15,50.82,86.6,42.62
2021-02-02,42.21,59.47,88.66,37.7
2021-02-03,42.62,59.88,87.63,34.22
2021-02-04,60.45,67.7,89.07,33.2
2021-02-05,65.37,70.99,88.45,31.76
2021-02-08,74.59,72.63,88.66,33.4
2021-02-09,72.75,72.43,89.28,35.66
2021-02-10,75.2,73.25,89.07,45.29
2021-02-11,73.36,72.22,87.84,53.69
2021-02-12,74.18,72.02,87.22,66.39
2021-02-16,70.08,70.78,86.6,73.77
2021-02-17,67.62,68.31,87.63,76.23
2021-02-18,68.03,69.55,88.25,79.3
2021-02-19,67.01,66.46,86.6,78.89
2021-02-22,61.07,63.04,85.36,77.87
2021-02-23,58.61,64.55,84.12,76.02
2021-02-24,64.96,67.21,84.54,74.39
2021-02-25,52.66,58.61,81.65,68.65
2021-02-26,45.29,53.28,78.56,64.14
2021-03-01,59.43,63.93,82.27,60.45
2021-03-02,55.33,61.27,81.03,56.76
2021-03-03,48.36,55.12,79.38,53.48
2021-03-04,37.09,46.52,75.88,50.41
2021-03-05,55.94,59.43,80.41,48.98
2021-03-08,59.84,60.66,78.56,49.39
2021-03-09,63.11,64.96,82.68,50.0
2021-03-10,68.92,69.47,83.09,49.08
2021-03-11,74.64,70.49,84.12,52.15
2021-03-12,76.48,72.54,85.15,58.28
2021-03-15,83.84,77.66,86.6,62.37
2021-03-16,79.55,78.07,87.63,65.24
2021-03-17,81.39,76.84,87.01,70.35
2021-03-18,66.87,71.11,85.36,74.44
2021-03-19,64.83,71.11,85.36,75.87
2021-03-22,66.87,74.18,87.22,80.57
2021-03-23,50.72,68.85,87.01,80.37
2021-03-24,49.28,67.83,86.39,80.57
2021-03-25,60.53,72.54,86.6,74.64
2021-03-26,77.71,80.53,90.52,72.39
2021-03-29,68.92,79.1,91.96,68.3
2021-03-30,72.6,77.66,89.69,66.05
2021-03-31,70.35,79.92,91.34,61.96
2021-04-01,79.75,85.45,92.58,59.92
2021-04-05,84.25,87.09,94.02,60.74
2021-04-06,83.84,87.5,94.02,62.37
2021-04-07,80.16,86.48,93.2,68.1
2021-04-08,79.35,87.91,92.58,75.46
2021-04-09,83.03,88.32,92.78,79.55
2021-04-12,83.84,88.73,92.99,82.62
2021-04-13,80.78,88.93,94.02,85.07
2021-04-14,84.87,90.16,93.81,86.5
2021-04-15,86.71,91.8,95.26,89.78
2021-04-16,88.96,90.98,95.26,90.59
2021-04-19,84.05,88.11,94.43,89.98
2021-04-20,70.55,79.51,95.05,88.14
2021-04-21,81.39,86.27,95.88,86.5
2021-04-22,70.14,82.82,95.46,83.23
2021-04-23,77.1,87.32,95.46,79.75
2021-04-26,79.55,89.16,95.05,78.53
2021-04-27,76.28,88.34,94.85,77.3
2021-04-28,72.6,88.14,94.23,77.3
2021-04-29,75.46,87.12,94.43,76.89
2021-04-30,64.21,82.62,93.2,73.21
2021-05-03,70.55,83.84,93.2,73.01
2021-05-04,62.99,77.91,92.78,73.42
2021-05-05,60.94,77.3,92.58,70.55
2021-05-06,64.42,77.71,91.96,69.33
2021-05-07,71.37,81.8,91.55,67.89
2021-05-10,65.85,75.46,90.93,66.26
2021-05-11,55.92,73.82,90.93,63.47
2021-05-12,33.4,62.78,87.01,61.51
2021-05-13,47.86,68.51,88.04,58.45
2021-05-14,57.43,74.44,90.72,58.25
2021-05-17,54.18,72.39,88.66,56.21
2021-05-18,46.23,65.64,87.84,54.79
2021-05-19,37.27,62.37,88.45,53.77
2021-05-20,48.47,68.3,90.72,51.32
2021-05-21,50.71,67.28,89.9,47.86
2021-05-24,63.54,71.37,90.93,43.79
2021-05-25,52.75,70.76,91.13,42.36
2021-05-26,57.43,72.8,90.52,49.49
2021-05-27,63.75,74.03,90.31,53.56
2021-05-28,65.17,76.07,90.93,55.4
2021-06-01,65.58,71.57,89.9,54.79
2021-06-02,63.95,70.96,90.1,55.19
2021-06-03,60.49,69.73,89.07,60.69
2021-06-04,65.99,71.78,90.52,62.93
2021-06-07,61.3,67.89,89.48,66.8
2021-06-08,63.34,66.46,89.48,69.45
2021-06-09,56.21,63.19,89.69,70.26
2021-06-10,60.49,65.24,90.72,65.78
2021-06-11,63.95,66.87,91.75,63.75
2021-06-14,57.43,64.62,91.55,63.95
2021-06-15,58.45,65.24,91.13,63.14
2021-06-16,45.01,57.26,89.69,59.47
2021-06-17,40.33,48.47,90.31,56.01
2021-06-18,25.05,34.76,87.01,51.32
2021-06-21,39.31,49.28,88.87,48.27
2021-06-22,39.31,49.08,88.87,44.81
2021-06-23,36.66,46.12,88.25,42.57
2021-06-24,44.4,50.31,89.07,39.71
2021-06-25,52.75,57.03,90.72,38.09
2021-06-28,47.45,51.32,91.13,36.86
2021-06-29,47.86,49.49,89.48,36.46
2021-06-30,49.08,50.51,89.69,37.47
2021-07-01,58.86,56.62,90.72,39.51
2021-07-02,60.69,56.82,91.34,47.05
2021-07-06,50.51,50.31,89.9,50.1
2021-07-07,57.84,52.14,90.31,53.36
2021-07-08,46.03,46.44,88.25,55.19
2021-07-09,65.17,58.04,90.52,57.03
2021-07-12,69.45,58.66,89.9,60.29
2021-07-13,58.66,50.92,88.66,62.93
2021-07-14,58.25,50.51,88.25,66.4
2021-07-15,56.21,51.73,88.45,68.02
2021-07-16,48.68,49.08,86.42,64.56
2021-07-19,30.35,38.49,79.84,55.8
2021-07-20,48.07,49.29,84.57,53.16
2021-07-21,57.64,53.97,86.01,50.92
2021-07-22,50.31,49.9,84.57,51.12
2021-07-23,62.93,57.03,86.01,48.68
2021-07-26,65.78,56.82,86.01,47.45
2021-07-27,61.71,57.03,87.86,48.07
2021-07-28,61.91,56.21,87.65,48.68
2021-07-29,70.47,61.1,87.86,50.92
2021-07-30,63.95,58.25,87.04,54.58
2021-08-02,60.69,57.43,85.6,62.12
2021-08-03,68.84,62.32,86.83,65.78
2021-08-04,56.62,55.19,83.54,66.19
2021-08-05,67.62,58.45,83.74,67.62
2021-08-06,71.28,63.95,83.95,71.08
2021-08-09,65.17,62.93,83.33,72.51
2021-08-10,67.41,63.75,84.16,72.3
2021-08-11,72.51,67.82,84.98,72.91
2021-08-12,71.28,69.04,84.77,71.89
2021-08-13,71.69,69.45,84.16,70.67
2021-08-16,71.69,70.26,83.95,67.21
2021-08-17,60.69,64.15,82.51,65.99
2021-08-18,46.84,57.23,79.84,67.01
2021-08-19,43.79,56.42,75.93,63.75
2021-08-20,51.73,61.1,77.16,63.14
2021-08-23,57.43,64.97,81.07,63.54
2021-08-24,63.75,67.82,82.3,62.32
2021-08-25,66.46,71.08,83.54,60.37
2021-08-26,57.11,66.19,80.66,59.15
2021-08-27,71.34,72.71,83.74,54.88
2021-08-30,68.7,71.49,82.3,53.25
2021-08-31,68.9,71.49,82.3,54.47
2021-09-01,64.63,69.65,82.1,58.13
2021-09-02,73.37,71.89,83.13,63.82
2021-09-03,65.24,68.43,81.28,68.5
2021-09-07,50.2,61.3,79.01,67.07
2021-09-08,49.8,60.69,76.54,65.65
2021-09-09,46.75,57.23,76.34,63.21
2021-09-10,36.99,51.53,74.28,61.59
2021-09-13,40.45,55.6,77.37,59.35
2021-09-14,33.13,47.25,74.07,56.1
2021-09-15,43.09,54.99,76.34,53.25
2021-09-16,40.85,52.75,74.28,48.78
2021-09-17,28.86,45.82,72.22,40.45
2021-09-20,14.02,32.99,67.7,30.89
2021-09-21,14.84,32.59,65.02,27.03
2021-09-22,25.2,39.31,68.72,23.58
2021-09-23,41.26,51.12,74.07,24.39
2021-09-24,40.24,49.49,74.33,25.41
2021-09-27,39.43,47.05,73.98,26.63
2021-09-28,27.24,31.16,68.03,26.63
2021-09-29,29.88,32.38,69.88,25.61
2021-09-30,20.73,23.63,62.09,23.98
2021-10-01,29.88,31.77,66.6,25.41
2021-10-04,28.25,28.51,65.37,28.86
2021-10-05,34.55,32.59,66.39,31.5
2021-10-06,40.24,34.83,69.47,34.15
2021-10-07,52.24,41.87,69.67,34.15
2021-10-08,48.17,41.26,67.42,34.15
2021-10-11,43.9,38.21,64.55,36.18
2021-10-12,43.9,39.23,64.75,38.01
2021-10-13,48.37,39.63,66.6,41.67
2021-10-14,70.93,51.83,73.77,46.54
2021-10-15,74.8,55.08,73.77,51.42
2021-10-18,73.58,54.27,72.54,55.89
2021-10-19,80.28,58.94,75.2,61.38
2021-10-20,84.55,65.24,77.25,66.87
2021-10-21,84.76,63.62,76.84,72.15
2021-10-22,84.35,66.26,77.66,77.44
2021-10-25,83.13,67.07,76.64,82.11
2021-10-26,83.33,66.87,76.43,85.57
2021-10-27,67.89,58.13,72.34,87.2
2021-10-28,73.98,65.04,75.0,86.38
2021-10-29,69.11,63.01,72.95,83.54
2021-11-01,74.59,68.09,75.0,82.32
2021-11-02,72.56,70.12,74.59,80.08
2021-11-03,75.0,72.15,77.05,78.05
2021-11-04,69.51,69.92,75.0,76.02
2021-11-05,74.59,75.81,78.48,74.19
2021-11-08,73.98,75.81,77.05,72.76
2021-11-09,69.51,74.8,77.87,68.7
2021-11-10,66.46,75.41,76.84,69.51
2021-11-11,65.04,75.2,75.61,66.46
2021-11-12,66.87,76.42,76.43,67.89
2021-11-15,67.89,77.85,76.84,66.67
2021-11-16,65.85,77.03,76.02,66.67
2021-11-17,59.76,72.56,74.8,66.26
2021-11-18,54.47,69.11,73.36,65.65
2021-11-19,47.56,65.65,72.75,63.21
2021-11-22,48.17,65.85,73.36,62.8
2021-11-23,55.49,69.51,74.64,57.72
2021-11-24,53.46,70.73,73.82,55.89
2021-11-26,21.95,54.47,66.87,52.24
2021-11-29,35.37,58.13,68.71,47.97
2021-11-30,11.79,38.82,59.51,40.04
2021-12-01,9.55,30.69,54.81,31.1
2021-12-02,23.58,44.92,62.58,28.05
2021-12-03,25.61,42.28,60.53,24.59
2021-12-06,36.99,51.22,67.69,23.58
2021-12-07,58.13,63.21,71.17,22.97
2021-12-08,63.21,64.23,71.57,24.59
2021-12-09,53.46,58.33,70.55,23.58
2021-12-10,61.59,61.59,69.94,27.85
2021-12-13,52.44,56.5,69.53,30.08
2021-12-14,46.14,50.81,68.71,38.21
2021-12-15,58.74,55.69,70.14,50.61
2021-12-16,57.72,54.47,70.55,58.54
2021-12-17,44.31,49.59,65.44,66.06
2021-12-20,32.93,39.84,60.53,66.87
2021-12-21,55.89,52.85,66.67,65.04
2021-12-22,65.24,56.71,67.08,65.85
2021-12-23,75.41,62.4,69.53,67.28
2021-12-27,89.02,68.5,73.62,66.06
2021-12-28,89.84,70.53,74.23,71.54
2021-12-29,88.62,70.93,74.85,71.75
2021-12-30,87.2,68.5,74.03,67.07
2021-12-31,86.18,68.29,74.85,69.31
2022-01-03,78.05,70.33,75.87,71.54
2022-01-04,77.44,76.02,76.89,83.13
2022-01-05,60.57,64.43,73.01,87.2
2022-01-06,61.79,66.67,71.57,88.01
2022-01-07,55.08,60.98,71.57,84.55
2022-01-10,50.0,58.54,70.55,76.83
2022-01-11,54.88,63.41,72.8,71.14
2022-01-12,54.27,63.62,73.82,66.67
2022-01-13,51.02,59.35,72.19,62.6
2022-01-14,46.95,55.28,68.1,57.52
2022-01-18,33.74,47.56,61.55,51.02
2022-01-19,28.05,41.06,58.49,43.9
2022-01-20,20.73,35.98,54.4,40.65
2022-01-21,13.01,30.08,51.12,35.98
2022-01-24,11.79,30.49,52.97,31.1
2022-01-25,11.18,29.88,47.24,27.64
2022-01-26,9.35,28.05,43.06,23.17
2022-01-27,10.77,25.41,40.33,19.11
2022-01-28,20.33,32.93,47.25,14.63
2022-01-31,28.66,37.6,53.36,10.37
2022-02-01,36.59,40.85,56.01,9.55
2022-02-02,51.42,45.73,59.27,9.76
2022-02-03,40.04,40.24,52.95,12.2
2022-02-04,43.29,39.02,50.71,16.87
2022-02-07,46.34,39.43,50.71,21.54
2022-02-08,53.86,41.67,54.58,29.88
2022-02-09,70.73,49.59,60.49,42.89
2022-02-10,52.64,40.85,52.55,57.93
2022-02-11,41.46,36.79,46.64,63.21
2022-02-14,38.62,32.72,43.38,62.6
2022-02-15,52.54,38.41,49.69,62.47
2022-02-16,53.96,40.45,50.71,59.23
2022-02-17,36.51,33.33,45.21,57.81
2022-02-18,32.45,30.49,44.4,53.75
2022-02-22,23.94,27.85,41.55,50.91
2022-02-23,15.42,22.36,36.05,43.41
2022-02-24,18.86,22.97,38.09,33.87
2022-02-25,42.19,37.4,46.23,28.19
2022-02-28,35.7,31.91,45.82,24.75
2022-03-01,27.79,24.8,38.9,24.34
2022-03-02,45.03,36.59,46.44,22.52
2022-03-03,48.28,34.35,45.62,23.94
2022-03-04,44.22,33.94,43.99,26.77
2022-03-07,33.27,28.66,34.83,28.8
2022-03-08,24.75,23.98,33.2,31.24
2022-03-09,38.34,28.05,38.49,36.71
2022-03-10,36.31,28.46,37.88,41.38
2022-03-11,32.45,25.41,36.05,39.96
2022-03-14,32.25,25.41,36.86,39.55
2022-03-15,41.99,31.5,39.31,41.58
2022-03-16,67.34,41.46,43.79,40.77
2022-03-17,80.12,50.61,46.84,41.38
2022-03-18,84.18,57.72,50.71,44.02
2022-03-21,83.98,55.28,49.08,51.12
2022-03-22,90.67,59.35,51.12,61.05
2022-03-23,73.83,50.2,47.05,61.87
2022-03-24,82.96,58.94,50.92,68.97
2022-03-25,86.41,63.41,52.75,79.31
2022-03-28,88.24,66.46,54.58,86.0
2022-03-29,93.71,77.44,61.1,89.86
2022-03-30,90.26,71.6,57.64,92.7
2022-03-31,78.7,65.31,52.55,93.31
2022-04-01,78.3,65.72,52.95,92.9
2022-04-04,78.7,67.75,54.18,91.28
2022-04-05,64.5,61.66,49.29,86.82
2022-04-06,55.78,56.19,48.47,84.79
2022-04-07,54.16,57.0,48.47,79.92
2022-04-08,53.96,56.19,47.66,75.05
2022-04-11,46.86,51.72,46.44,65.72
2022-04-12,41.78,50.91,45.21,54.36
2022-04-13,48.48,55.98,47.45,50.51
2022-04-14,43.81,52.94,46.84,48.07
2022-04-18,40.16,50.91,46.44,45.44
2022-04-19,52.13,60.24,48.88,43.61
2022-04-20,61.87,64.5,51.32,44.62
2022-04-21,50.3,57.0,48.27,44.42
2022-04-22,23.12,42.19,43.38,41.78
2022-04-25,22.72,41.78,43.99,38.95
2022-04-26,12.98,32.86,41.55,35.5
2022-04-27,16.02,35.09,41.75,34.28
2022-04-28,28.19,42.19,44.4,33.06
2022-04-29,10.14,26.17,35.03,27.59
2022-05-02,12.37,23.53,33.81,26.17
2022-05-03,18.86,27.99,36.46,21.5
2022-05-04,42.6,46.25,41.34,17.44
2022-05-05,21.5,27.99,36.25,14.4
2022-05-06,18.46,25.96,34.42,13.39
2022-05-09,8.72,18.46,30.35,12.98
2022-05-10,8.32,14.81,28.72,12.58
2022-05-11,7.1,12.98,27.9,12.98
2022-05-12,9.94,13.79,28.05,10.75
2022-05-13,18.05,18.46,31.3,12.78
2022-05-16,20.08,19.47,31.3,14.0
2022-05-17,39.15,29.21,34.55,17.44
2022-05-18,16.02,14.4,27.03,14.81
2022-05-19,16.23,11.97,25.2,15.01
2022-05-20,20.28,12.17,24.19,13.59
2022-05-23,33.27,16.23,27.44,15.82
2022-05-24,32.66,19.68,28.86,18.46
2022-05-25,42.6,22.11,29.67,25.15
2022-05-26,67.14,29.61,32.11,33.06
2022-05-27,86.41,44.83,36.59,37.73
2022-05-31,81.74,38.95,35.37,45.64
2022-06-01,71.2,31.24,32.52,47.06
2022-06-02,88.24,43.81,35.37,65.92
2022-06-03,78.7,36.11,32.52,75.46
2022-06-06,80.12,39.55,34.15,82.35
2022-06-07,85.6,49.29,36.38,85.19
2022-06-08,69.78,34.48,32.11,87.63
2022-06-09,37.53,22.72,27.03,85.6
2022-06-10,12.78,12.17,24.19,79.72
2022-06-13,3.25,4.46,16.46,65.11
2022-06-14,3.85,4.67,15.24,47.26
2022-06-15,5.07,5.88,16.06,37.32
2022-06-16,1.83,2.03,11.99,19.47
2022-06-17,2.84,2.03,10.57,11.36
2022-06-21,6.69,4.67,15.45,5.27
2022-06-22,7.51,4.67,14.63,3.45
2022-06-23,18.66,9.33,14.84,1.62
2022-06-24,36.92,21.1,21.14,1.62
2022-06-27,35.9,22.11,22.36,2.03
2022-06-28,21.91,13.59,20.73,3.85
2022-06-29,25.56,14.6,20.53,7.71
2022-06-30,26.57,14.0,19.51,11.16
2022-07-01,42.19,23.73,22.76,19.47
2022-07-05,42.6,22.31,16.87,30.83
2022-07-06,48.88,26.37,18.7,43.41
2022-07-07,67.14,29.61,20.53,54.56
2022-07-08,65.52,29.41,19.31,65.92
2022-07-11,58.82,26.17,19.31,67.34
2022-07-12,53.35,21.3,17.68,66.73
2022-07-13,46.04,19.68,16.87,63.89
2022-07-14,38.13,19.27,16.46,62.88
2022-07-15,64.91,28.4,17.48,64.5
2022-07-18,50.71,22.92,15.24,60.04
2022-07-19,79.92,46.45,19.11,59.63
2022-07-20,77.69,52.54,18.29,61.05
2022-07-21,79.31,60.04,19.92,57.61
2022-07-22,77.28,56.59,19.31,58.01
2022-07-25,83.37,60.65,22.36,63.69
2022-07-26,77.28,53.96,21.75,68.97
2022-07-27,85.8,68.56,25.41,74.44
2022-07-28,85.8,77.48,31.5,80.93
2022-07-29,88.24,79.72,34.55,83.16
2022-08-01,87.02,79.72,33.54,87.22
2022-08-02,82.96,76.06,32.72,87.22
2022-08-03,84.99,77.69,35.98,87.22
2022-08-04,80.73,75.66,35.16,86.82
2022-08-05,82.35,76.06,36.38,88.03
2022-08-08,83.16,77.08,35.77,86.82
2022-08-09,80.73,77.28,34.35,88.03
2022-08-10,88.03,86.41,41.67,87.42
2022-08-11,88.84,88.03,42.48,85.8
2022-08-12,93.31,93.1,47.56,85.4
2022-08-15,92.29,92.09,48.37,85.8
2022-08-16,92.09,93.1,50.41,87.02
2022-08-17,86.61,92.49,48.37,86.61
2022-08-18,89.05,93.1,49.59,89.45
2022-08-19,77.08,90.26,45.53,89.05
2022-08-22,45.03,82.96,38.82,87.22
2022-08-23,38.13,81.34,38.82,86.0
2022-08-24,39.76,82.56,39.43,81.54
2022-08-25,57.61,86.61,44.72,78.9
2022-08-26,19.68,67.95,36.59,68.15
2022-08-29,17.65,62.07,34.15,56.19
2022-08-30,8.92,52.74,30.08,39.15
2022-08-31,6.09,46.04,28.66,28.6
2022-09-01,6.49,45.03,28.86,17.44
2022-09-02,5.68,37.73,27.24,12.17
2022-09-06,4.87,36.71,26.42,9.74
2022-09-07,16.84,51.72,33.74,8.72
2022-09-08,28.8,56.59,36.38,6.9
2022-09-09,46.65,66.94,40.04,5.07
2022-09-12,67.55,73.83,42.68,6.69
2022-09-13,18.05,40.37,31.91,6.29
2022-09-14,24.14,40.16,32.32,11.16
2022-09-15,21.91,35.09,30.49,18.46
2022-09-16,14.6,27.99,27.85,24.34
2022-09-19,23.73,32.45,29.67,32.66
2022-09-20,13.39,24.34,26.63,37.12
2022-09-21,6.9,17.04,21.75,32.66
2022-09-22,5.27,10.55,18.9,27.99
2022-09-23,2.23,4.46,14.63,19.47
2022-09-26,1.62,3.45,12.2,9.94
2022-09-27,2.43,3.45,11.38,7.3
2022-09-28,7.91,7.91,16.06,5.07
2022-09-29,4.46,6.09,12.6,4.26
2022-09-30,2.64,4.06,11.79,3.25
2022-10-03,14.81,9.13,16.67,3.25
2022-10-04,49.49,21.91,22.76,3.04
2022-10-05,48.68,22.72,23.37,4.67
2022-10-06,41.58,19.07,21.54,6.09
2022-10-07,19.47,11.16,17.28,8.52
2022-10-10,22.52,11.97,17.07,16.63
2022-10-11,24.14,12.37,17.28,23.73
2022-10-12,20.28,10.55,16.87,26.77
2022-10-13,43.41,17.65,18.29,39.15
2022-10-14,25.56,10.34,15.45,46.04
2022-10-17,53.96,18.05,18.9,50.91
2022-10-18,71.81,24.75,21.54,52.54
2022-10-19,58.22,20.69,20.73,48.68
2022-10-20,43.2,17.85,18.29,44.02
2022-10-21,66.33,30.43,23.58,46.45
2022-10-24,72.41,36.92,25.41,49.9
2022-10-25,88.64,48.28,30.49,56.59
2022-10-26,85.8,51.52,31.91,63.69
2022-10-27,83.77,53.14,32.93,66.73
2022-10-28,89.66,65.92,38.82,74.65
2022-10-31,88.03,63.89,38.21,80.73
2022-11-01,89.05,64.91,39.02,85.6
2022-11-02,74.24,52.13,34.28,89.45
2022-11-03,68.36,51.52,33.47,91.28
2022-11-04,77.89,59.43,36.51,90.67
2022-11-07,79.51,65.11,40.77,89.05
2022-11-08,79.51,67.55,42.8,86.82
2022-11-09,68.56,60.24,38.13,83.16
2022-11-10,89.25,82.76,52.94,83.16
2022-11-11,87.02,82.56,55.17,81.54
2022-11-14,83.57,79.11,51.12,79.72
2022-11-15,85.19,82.96,54.77,78.9
2022-11-16,80.93,81.74,53.35,78.9
2022-11-17,79.31,79.72,51.32,79.31
2022-11-18,82.76,83.57,55.78,80.53
2022-11-21,81.95,83.57,55.78,81.74
2022-11-22,86.41,88.03,58.22,83.77
2022-11-23,88.03,90.47,61.26,84.99
2022-11-25,87.83,89.86,63.08,84.58
2022-11-28,75.25,85.8,57.81,84.38
2022-11-29,76.67,86.21,58.22,84.79
2022-11-30,89.66,91.89,65.11,84.99
2022-12-01,86.21,90.26,65.11,84.38
2022-12-02,83.37,90.26,64.5,83.16
2022-12-05,63.49,83.37,58.62,80.12
2022-12-06,45.64,78.5,57.0,78.3
2022-12-07,41.78,78.5,55.17,74.04
2022-12-08,46.25,79.92,57.2,62.88
2022-12-09,37.12,77.28,56.19,57.2
2022-12-12,56.39,79.51,59.84,60.04
2022-12-13,63.69,80.53,63.89,60.65
2022-12-14,55.58,78.5,60.24,56.19
2022-12-15,24.95,64.3,52.94,46.04
2022-12-16,12.98,57.4,49.29,35.7
2022-12-19,8.92,49.09,46.65,29.61
2022-12-20,10.55,49.29,47.26,25.96
2022-12-21,24.54,59.63,50.1,24.34
2022-12-22,15.82,49.29,47.46,21.5
2022-12-23,25.35,53.35,49.9,21.3
2022-12-27,30.22,52.94,51.52,17.24
2022-12-28,15.01,40.77,46.86,13.18
2022-12-29,36.11,52.13,51.52,13.18
2022-12-30,28.4,44.02,49.49,15.42
2023-01-03,34.48,44.83,49.7,20.08
2023-01-04,52.74,51.32,52.54,25.96
2023-01-05,40.37,40.57,49.29,32.25
2023-01-06,68.76,61.87,55.38,35.29
2023-01-09,67.95,60.24,55.58,42.6
2023-01-10,72.62,63.08,58.01,49.09
2023-01-11,82.96,73.23,62.27,59.03
2023-01-12,81.95,73.83,63.49,72.41
2023-01-13,84.21,75.05,63.89,77.13
2023-01-17,81.98,72.82,63.49,80.36
2023-01-18,67.21,57.0,57.81,80.57
2023-01-19,53.64,47.46,54.36,78.74
2023-01-20,67.21,59.43,60.04,79.35
2023-01-23,72.67,67.14,64.1,76.72
2023-01-24,72.06,66.13,63.89,77.94
2023-01-25,70.85,66.53,64.5,76.32
2023-01-26,75.91,71.4,66.33,75.1
2023-01-27,72.47,70.99,67.75,72.27
2023-01-30,64.17,66.94,65.11,68.62
2023-01-31,76.72,73.43,69.78,65.79
2023-02-01,78.14,74.85,72.41,67.0
2023-02-02,74.49,74.65,77.48,71.05
2023-02-03,67.41,70.39,72.41,71.05
2023-02-06,62.55,68.15,70.39,69.84
2023-02-07,67.61,72.41,73.23,70.04
2023-02-08,58.91,68.76,70.18,69.03
2023-02-09,50.2,63.49,66.53,67.81
2023-02-10,53.24,66.13,69.78,69.03
2023-02-13,68.22,73.43,71.2,71.46
2023-02-14,62.55,69.37,71.6,69.03
2023-02-15,64.98,70.18,72.41,66.4
2023-02-16,48.99,66.73,69.37,58.7
2023-02-17,47.37,66.13,69.17,53.64
2023-02-21,23.08,51.93,63.08,48.18
2023-02-22,22.27,50.51,63.08,40.08
2023-02-23,23.48,53.75,63.89,36.03
2023-02-24,18.83,46.45,59.23,34.62
2023-02-27,18.83,48.68,59.43,30.97
2023-02-28,17.61,44.13,57.81,24.7
2023-03-01,18.42,42.91,55.38,21.86
2023-03-02,25.91,45.75,58.01,19.43
2023-03-03,40.08,54.05,62.27,19.23
2023-03-06,39.68,52.63,62.07,19.23
2023-03-07,24.09,38.46,55.58,19.43
2023-03-08,27.33,40.08,56.19,21.66
2023-03-09,12.75,27.13,49.49,21.26
2023-03-10,7.49,17.41,43.41,19.64
2023-03-13,9.51,18.02,41.18,17.41
2023-03-14,21.05,24.49,44.83,18.02
2023-03-15,19.84,20.45,40.16,20.45
2023-03-16,27.33,26.32,44.83,21.26
2023-03-17,22.67,21.86,39.96,20.45
2023-03-20,31.98,27.13,44.02,20.04
2023-03-21,37.45,27.53,48.48,21.26
2023-03-22,22.67,20.85,42.39,19.84
2023-03-23,24.29,20.85,40.97,21.66
2023-03-24,33.0,24.49,42.39,25.3
2023-03-27,37.85,25.91,45.44,28.95
2023-03-28,41.3,26.32,45.84,29.55
2023-03-29,60.93,34.01,51.32,30.97
2023-03-30,69.03,40.28,54.16,36.23
2023-03-31,87.04,51.21,57.81,48.58
2023-04-03,88.26,53.04,59.03,57.69
2023-04-04,76.52,44.53,55.58,62.15
2023-04-05,71.05,42.91,55.98,72.27
2023-04-06,70.45,43.12,55.98,80.77
2023-04-10,79.35,48.79,57.81,86.23
2023-04-11,81.38,51.62,60.24,88.06
2023-04-12,76.11,50.2,59.43,89.07
2023-04-13,82.19,54.66,61.87,88.26
2023-04-14,76.72,54.25,58.82,85.83
2023-04-17,83.2,57.29,60.65,80.57
2023-04-18,84.62,60.73,61.26,77.94
2023-04-19,78.54,59.72,61.05,78.54
2023-04-20,70.04,57.49,60.24,79.15
2023-04-21,66.6,56.48,58.82,78.54
2023-04-24,65.79,57.89,58.42,73.89
2023-04-25,41.7,45.75,52.74,70.65
2023-04-26,27.33,37.65,48.48,63.36
2023-04-27,46.96,50.61,52.74,56.68
2023-04-28,54.86,57.89,57.2,56.07
2023-05-01,54.25,59.92,55.58,54.86
2023-05-02,39.27,47.77,50.3,52.63
2023-05-03,35.83,44.94,47.06,44.94
2023-05-04,33.81,43.93,47.26,40.28
2023-05-05,48.18,53.64,50.51,40.89
2023-05-08,46.96,54.25,50.3,39.07
2023-05-09,42.51,51.42,49.9,39.88
2023-05-10,43.93,51.62,50.3,42.11
2023-05-11,40.49,49.39,47.67,41.5
2023-05-12,41.3,49.39,48.68,39.88
2023-05-15,45.14,51.42,49.09,38.87
2023-05-16,33.2,43.32,45.03,39.47
2023-05-17,42.51,50.2,47.67,40.69
2023-05-18,49.19,52.02,51.72,44.94
2023-05-19,48.18,52.02,50.71,46.15
2023-05-22,49.8,52.23,51.32,44.53
2023-05-23,37.25,42.91,47.67,43.93
2023-05-24,27.73,34.21,44.02,37.25
2023-05-25,30.16,34.21,41.18,36.84
2023-05-26,38.66,38.26,45.03,38.87
2023-05-30,38.06,37.04,44.22,38.87
2023-05-31,30.57,33.2,42.39,40.89
2023-06-01,36.77,38.06,45.03,39.19
2023-06-02,65.66,55.47,54.36,39.19
2023-06-05,61.01,50.4,52.33,40.81
2023-06-06,66.46,53.64,53.75,40.4
2023-06-07,74.34,59.92,56.59,43.43
2023-06-08,73.74,59.31,57.81,48.48
2023-06-09,73.33,59.11,56.39,55.56
2023-06-12,78.79,60.12,57.2,63.03
2023-06-13,83.43,66.4,59.63,70.91
2023-06-14,81.01,65.18,59.03,75.76
2023-06-15,89.9,70.65,64.1,82.83
2023-06-16,89.09,71.26,64.5,84.65
2023-06-20,78.99,66.4,59.84,86.06
2023-06-21,78.79,65.99,60.85,87.88
2023-06-22,70.3,62.55,58.82,88.89
2023-06-23,56.16,56.68,56.19,86.87
2023-06-26,63.64,60.73,59.03,85.25
2023-06-27,71.72,66.8,63.08,83.43
2023-06-28,67.07,65.79,61.26,79.6
2023-06-29,73.54,71.26,63.29,75.56
2023-06-30,78.99,75.3,66.13,67.88
2023-07-03,86.26,79.96,69.37,64.65
2023-07-05,80.81,79.35,66.53,63.64
2023-07-06,63.43,75.3,64.71,64.04
2023-07-07,64.24,74.29,65.52,63.23
2023-07-10,73.13,75.51,67.55,69.29
2023-07-11,82.83,80.97,70.39,73.33
2023-07-12,84.04,85.02,71.81,76.77
2023-07-13,85.25,86.64,73.02,80.2
2023-07-14,81.01,84.41,70.79,82.02
2023-07-17,79.6,82.22,69.37,82.83
2023-07-18,78.59,81.41,70.99,83.84
2023-07-19,83.03,85.25,73.43,83.43
2023-07-20,83.03,87.88,75.66,83.23
2023-07-21,82.63,88.08,77.28,84.44
2023-07-24,80.61,89.9,76.88,85.05
2023-07-25,80.0,89.09,75.86,84.24
2023-07-26,76.16,87.68,76.67,82.22
2023-07-27,65.86,82.22,72.62,79.8
2023-07-28,64.44,82.63,73.63,79.19
2023-07-31,68.69,83.43,75.05,77.78
2023-08-01,64.04,82.02,71.81,76.57
2023-08-02,51.52,75.96,71.4,72.93
2023-08-03,45.45,69.9,68.56,67.88
2023-08-04,39.6,63.43,66.13,60.81
2023-08-07,47.88,68.28,68.56,53.74
2023-08-08,42.02,61.62,65.52,48.48
2023-08-09,36.77,59.19,66.33,45.45
2023-08-10,36.77,58.79,65.72,44.85
2023-08-11,37.17,56.16,65.72,42.22
2023-08-14,38.18,56.57,64.3,39.19
2023-08-15,27.47,47.68,60.45,34.55
2023-08-16,20.2,41.62,58.42,32.73
2023-08-17,15.35,35.76,56.19,29.29
2023-08-18,16.57,36.16,57.2,26.87
2023-08-21,18.18,36.77,56.19,24.04
2023-08-22,17.37,33.54,54.77,22.42
2023-08-23,24.44,39.39,55.98,21.21
2023-08-24,15.15,31.72,53.96,17.37
2023-08-25,24.44,35.15,55.38,16.77
2023-08-28,35.35,38.59,56.39,14.75
2023-08-29,55.35,47.07,59.43,18.18
2023-08-30,59.8,48.69,59.63,21.82
2023-08-31,55.76,45.86,59.84,28.89
2023-09-01,61.82,48.28,60.45,36.36
2023-09-05,46.06,38.99,57.0,42.22
2023-09-06,43.64,36.77,56.59,47.07
2023-09-07,43.03,37.58,54.16,51.31
2023-09-08,43.03,37.17,53.96,56.77
2023-09-11,47.68,39.6,53.55,61.62
2023-09-12,48.89,37.78,54.36,62.42
2023-09-13,44.85,35.96,53.14,58.79
2023-09-14,58.99,41.62,57.81,57.78
2023-09-15,46.46,35.76,55.78,52.53
2023-09-18,44.24,36.97,54.56,46.46
2023-09-19,39.39,33.54,53.55,45.05
2023-09-20,34.14,30.71,53.96,43.03
2023-09-21,21.41,20.81,48.48,41.62
2023-09-22,17.58,20.4,46.86,35.96
2023-09-25,20.0,21.82,47.46,32.32
2023-09-26,11.52,15.76,44.22,28.48
2023-09-27,13.74,17.78,44.62,25.86
2023-09-28,21.01,22.02,46.65,22.22
2023-09-29,14.75,18.38,45.23,19.39
2023-10-02,11.92,14.95,43.81,15.56
2023-10-03,6.26,9.49,40.69,12.53
2023-10-04,11.72,13.94,42.11,10.91
2023-10-05,13.94,14.75,41.7,10.3
2023-10-06,26.06,20.2,42.31,9.9
2023-10-09,34.75,25.86,44.94,12.73
2023-10-10,45.25,27.88,47.77,17.37
2023-10-11,53.33,33.94,47.77,21.21
2023-10-12,40.81,29.29,44.53,24.85
2023-10-13,37.78,26.87,43.32,26.87
2023-10-16,55.96,33.13,46.15,33.13
2023-10-17,64.24,35.96,47.37,42.63
2023-10-18,41.82,29.09,43.12,51.31
2023-10-19,31.72,22.02,40.28,54.34
2023-10-20,20.4,15.76,36.03,51.11
2023-10-23,17.58,14.55,34.01,48.28
2023-10-24,26.67,17.58,35.63,43.23
2023-10-25,20.81,15.35,31.38,35.96
2023-10-26,23.43,14.75,31.58,32.93
2023-10-27,14.75,10.71,28.74,30.51
2023-10-30,22.63,14.95,32.19,28.28
2023-10-31,29.44,20.4,34.62,20.97
2023-11-01,37.9,26.46,37.65,17.34
2023-11-02,61.69,41.62,43.12,18.95
2023-11-03,75.2,51.72,46.76,22.58
2023-11-06,70.16,47.88,45.34,31.05
2023-11-07,71.77,47.68,44.33,38.1
2023-11-08,67.94,47.88,42.91,47.78
2023-11-09,61.09,43.43,41.9,55.44
2023-11-10,69.96,52.93,44.74,62.5
2023-11-13,68.15,50.91,45.55,71.77
2023-11-14,85.69,69.7,53.04,79.64
2023-11-15,87.7,70.51,54.45,84.07
2023-11-16,83.87,68.08,53.44,84.68
2023-11-17,86.09,72.53,55.87,84.27
2023-11-20,87.5,74.34,55.67,83.47
2023-11-21,85.28,73.13,56.68,84.07
2023-11-22,89.92,75.35,57.49,85.69
2023-11-24,90.73,78.18,59.72,87.3
2023-11-27,86.29,76.57,57.89,86.69
2023-11-28,84.68,77.37,59.51,88.71
2023-11-29,79.44,77.58,60.93,88.1
2023-11-30,83.27,80.4,62.96,85.69
2023-12-01,87.7,85.45,67.61,87.5
2023-12-04,84.68,85.05,67.21,87.9
2023-12-05,78.23,83.23,64.17,87.7
2023-12-06,73.99,80.2,64.98,85.08
2023-12-07,76.21,81.62,65.79,83.87
2023-12-08,75.81,82.63,66.4,80.44
2023-12-11,81.85,85.66,69.23,78.23
2023-12-12,81.25,85.05,69.43,78.23
2023-12-13,88.31,88.71,75.1,80.65
2023-12-14,86.9,88.31,77.33,80.85
2023-12-15,81.25,86.09,74.49,80.24
2023-12-18,83.67,87.5,75.3,80.44
2023-12-19,87.3,89.31,77.53,80.65
2023-12-20,73.39,84.07,72.47,81.05
2023-12-21,79.84,87.5,74.7,82.26
2023-12-22,80.85,88.71,76.32,83.87
2023-12-26,84.07,89.52,77.94,84.48
2023-12-27,82.66,88.71,77.94,84.68
2023-12-28,85.48,88.71,78.95,81.65
2023-12-29,83.87,89.31,78.14,80.04
2024-01-02,80.65,90.93,81.17,81.65
2024-01-03,55.24,90.73,79.55,81.45
2024-01-04,52.02,88.1,77.94,80.85
2024-01-05,51.81,87.3,78.14,81.45
2024-01-08,65.73,90.12,80.16,78.43
2024-01-09,56.05,86.29,78.34,71.37
2024-01-10,57.26,85.08,78.14,62.7
2024-01-11,50.0,84.48,76.72,52.42
2024-01-12,49.4,83.06,76.52,48.79
2024-01-16,42.34,79.23,74.29,45.36
2024-01-17,32.46,72.18,70.65,40.93
2024-01-18,42.54,73.39,70.65,41.33
2024-01-19,50.0,76.01,72.47,44.15
2024-01-22,56.65,76.61,73.08,45.36
2024-01-23,54.84,77.02,72.67,45.16
2024-01-24,48.99,72.38,71.26,45.56
2024-01-25,63.51,76.81,73.48,47.18
2024-01-26,60.69,75.6,73.28,48.99
2024-01-29,68.75,77.62,74.9,52.22
2024-01-30,66.53,75.6,74.9,57.06
2024-01-31,53.83,65.73,71.86,61.49
2024-02-01,65.73,70.97,76.32,65.32
2024-02-02,59.88,66.13,73.28,65.93
2024-02-05,50.0,60.48,70.24,63.1
2024-02-06,59.07,64.92,73.28,63.31
2024-02-07,60.89,65.32,73.48,65.52
2024-02-08,61.29,64.31,73.28,65.12
2024-02-09,60.89,64.52,72.47,64.52
2024-02-12,67.14,67.54,74.7,63.91
2024-02-13,49.6,55.04,68.62,59.27
2024-02-14,54.64,57.86,69.64,57.86
2024-02-15,67.74,64.92,74.49,56.05
2024-02-16,62.3,61.9,72.87,56.85
2024-02-20,59.27,61.29,72.12,57.86
2024-02-21,64.31,65.73,73.74,59.48
2024-02-22,71.77,67.34,75.35,59.48
2024-02-23,72.58,69.15,75.96,62.9
2024-02-26,67.74,63.51,72.73,63.1
2024-02-27,71.98,65.12,74.34,64.92
2024-02-28,71.57,67.14,74.14,70.77
2024-02-29,75.2,69.15,76.57,72.38
2024-03-01,74.8,71.37,76.36,75.4
2024-03-04,78.43,73.59,77.17,76.21
2024-03-05,70.16,69.56,75.56,76.41
2024-03-06,75.6,73.79,77.37,77.02
2024-03-07,78.23,76.41,78.59,77.82
2024-03-08,78.23,78.23,79.19,77.22
2024-03-11,78.02,81.25,82.02,78.63
2024-03-12,81.45,79.23,80.4,78.63
2024-03-13,78.63,79.84,81.41,78.63
2024-03-14,64.31,73.99,78.99,78.23
2024-03-15,58.27,72.38,78.18,76.81
2024-03-18,60.69,72.58,77.78,73.59
2024-03-19,67.14,75.0,80.2,72.98
2024-03-20,77.22,78.83,81.21,72.58
2024-03-21,79.44,81.25,81.62,71.57
2024-03-22,72.38,76.81,80.81,71.17
2024-03-25,66.33,75.2,80.4,70.36
2024-03-26,63.1,74.19,80.0,66.13
2024-03-27,79.44,83.67,83.03,64.72
2024-03-28,81.85,84.48,84.44,66.33
2024-04-01,71.57,80.04,83.43,68.35
2024-04-02,56.65,75.0,82.02,70.97
2024-04-03,55.44,74.6,80.4,68.95
2024-04-04,42.54,66.94,79.19,67.94
2024-04-05,51.01,72.38,78.99,62.9
2024-04-08,55.04,72.98,79.39,61.09
2024-04-09,58.27,75.2,82.22,61.9
2024-04-10,33.87,59.07,76.57,60.69
2024-04-11,33.87,57.86,76.16,55.24
2024-04-12,16.33,43.55,72.32,44.56
2024-04-15,9.07,36.69,70.3,33.06
2024-04-16,9.88,32.26,67.88,25.81
2024-04-17,7.86,30.24,69.09,20.36
2024-04-18,10.06,30.44,68.69,16.7
2024-04-19,19.32,34.88,70.51,13.28
2024-04-22,27.77,40.52,74.14,10.87
2024-04-23,36.75,45.77,76.36,9.84
2024-04-24,36.87,46.17,76.16,11.82
2024-04-25,40.48,43.95,75.35,12.63
2024-04-26,44.29,47.18,74.34,16.83
2024-04-29,51.5,51.01,77.78,25.45
2024-04-30,40.68,40.12,72.12,30.06
2024-05-01,39.68,39.31,71.52,33.67
2024-05-02,46.29,42.54,73.54,39.28
2024-05-03,55.51,43.35,75.96,48.3
2024-05-06,65.13,52.42,76.36,53.51
2024-05-07,68.54,54.64,77.37,58.32
2024-05-08,69.34,53.23,76.77,60.72
2024-05-09,76.35,58.87,78.99,64.33
2024-05-10,78.16,59.68,79.8,67.13
2024-05-13,76.15,60.08,80.4,67.13
2024-05-14,77.56,63.71,81.62,70.14
2024-05-15,78.96,66.53,82.02,73.75
2024-05-16,78.56,65.52,82.42,75.15
2024-05-17,77.35,66.33,82.63,76.35
2024-05-20,73.75,63.71,81.21,78.36
2024-05-21,73.95,63.71,81.41,79.56
2024-05-22,67.13,60.28,79.8,80.16
2024-05-23,48.1,50.0,73.94,77.56
2024-05-24,49.7,53.23,74.55,76.15
2024-05-28,39.28,46.57,72.53,73.95
2024-05-29,28.66,40.52,67.68,64.13
2024-05-30,32.67,45.97,69.09,55.71
2024-05-31,45.69,53.32,73.33,48.7
2024-06-03,39.68,51.51,72.73,42.28
2024-06-04,37.88,50.5,73.13,36.87
2024-06-05,41.48,52.61,73.13,32.26
2024-06-06,40.28,51.7,71.72,28.46
2024-06-07,37.07,49.9,70.3,28.86
2024-06-10,39.68,51.3,70.3,28.46
2024-06-11,34.87,48.1,70.1,29.46
2024-06-12,43.29,51.5,70.91,34.87
2024-06-13,39.88,50.1,71.11,39.48
2024-06-14,34.47,45.89,68.48,40.28
2024-06-17,41.08,48.7,69.9,41.08
2024-06-18,48.9,51.5,70.1,43.89
2024-06-20,54.11,54.51,71.92,44.29
2024-06-21,56.11,55.51,72.12,46.09
2024-06-24,66.13,59.92,74.14,48.7
2024-06-25,53.31,52.51,71.31,49.5
2024-06-26,47.29,48.3,70.1,50.7
2024-06-27,49.1,49.9,71.52,48.3
2024-06-28,50.7,48.7,71.31,48.5
2024-07-01,40.48,41.88,68.28,55.51
2024-07-02,47.29,46.29,68.28,55.11
2024-07-03,46.69,47.49,68.69,53.51
2024-07-05,44.89,45.29,68.28,53.11
2024-07-08,48.1,45.69,67.27,51.7
2024-07-09,45.09,44.49,66.67,48.1
2024-07-10,58.32,52.1,68.89,48.9
2024-07-11,75.55,63.53,72.32,51.1
2024-07-12,80.96,70.14,75.35,54.11
2024-07-15,76.95,69.34,76.57,57.52
2024-07-16,83.77,77.15,80.4,65.93
2024-07-17,78.16,75.35,81.82,71.34
2024-07-18,73.55,69.14,79.39,75.35
2024-07-19,67.94,63.73,75.56,76.95
2024-07-22,74.35,69.74,77.62,77.76
2024-07-23,69.74,68.54,74.4,77.96
2024-07-24,57.11,58.52,73.19,77.96
2024-07-25,58.12,60.52,73.99,77.76
2024-07-26,65.13,69.14,78.02,75.55
2024-07-29,64.93,69.14,77.82,74.15
2024-07-30,63.13,68.14,79.03,68.74
2024-07-31,65.53,70.74,80.04,65.53
2024-08-01,55.91,62.12,76.21,62.73
2024-08-02,44.29,53.71,70.16,58.72
2024-08-05,28.06,41.68,61.69,52.71
2024-08-06,35.27,47.09,64.92,49.7
2024-08-07,31.06,44.29,62.3,46.89
2024-08-08,42.69,52.3,68.55,46.29
2024-08-09,45.09,56.51,68.15,43.29
2024-08-12,39.68,52.3,65.93,40.88
2024-08-13,48.9,57.72,69.35,39.68
2024-08-14,53.71,58.52,69.56,38.88
2024-08-15,70.54,65.33,73.59,38.48
2024-08-16,75.15,68.14,73.59,38.28
2024-08-19,83.57,72.55,75.4,47.09
2024-08-20,78.16,69.54,74.6,53.91
2024-08-21,85.17,73.95,77.42,61.92
2024-08-22,79.76,70.74,76.01,68.74
2024-08-23,90.38,78.56,79.03,76.15
2024-08-26,90.98,76.75,79.44,85.17
2024-08-27,88.58,75.75,78.43,88.58
2024-08-28,84.77,74.95,76.81,91.78
2024-08-29,86.77,75.75,77.82,92.59
2024-08-30,90.78,80.76,80.24,92.79
2024-09-03,71.94,69.34,75.81,92.18
2024-09-04,69.74,67.54,74.19,90.18
2024-09-05,59.92,64.33,73.19,85.37
2024-09-06,41.68,56.91,68.55,79.76
2024-09-09,51.9,62.53,71.57,73.35
2024-09-10,49.9,62.32,69.56,65.53
2024-09-11,50.7,64.93,70.97,60.12
2024-09-12,55.71,68.74,72.38,56.71
2024-09-13,63.93,72.34,75.6,53.51
2024-09-16,71.74,74.15,76.21,49.9
2024-09-17,71.34,76.75,76.81,48.7
2024-09-18,68.34,74.75,76.61,48.1
2024-09-19,74.55,83.17,79.44,52.71
2024-09-20,71.34,78.16,77.02,59.12
2024-09-23,76.55,79.76,77.82,64.93
2024-09-24,75.35,80.16,78.63,68.34
2024-09-25,65.93,75.35,76.01,70.54
2024-09-26,69.94,81.56,79.23,75.35
2024-09-27,73.55,83.77,81.25,76.95
2024-09-30,77.56,84.77,80.04,76.15
2024-10-01,71.94,77.56,78.02,75.55
2024-10-02,65.53,76.75,77.42,76.15
2024-10-03,55.71,73.35,76.21,75.75
2024-10-04,62.53,75.35,77.62,72.55
2024-10-07,49.1,66.93,74.19,69.14
2024-10-08,53.51,69.34,75.0,63.73
2024-10-09,59.52,73.95,77.82,62.32
2024-10-10,52.3,71.14,76.61,58.92
2024-10-11,64.53,76.95,78.63,56.31
2024-10-14,72.14,80.76,80.65,55.31
2024-10-15,69.74,77.76,79.84,56.31
2024-10-16,73.75,79.16,81.25,55.51
2024-10-17,69.54,76.75,80.85,56.91
2024-10-18,72.34,78.16,80.65,60.32
2024-10-21,61.52,70.94,78.23,64.53
2024-10-22,56.91,66.33,77.02,67.13
2024-10-23,51.1,64.93,75.0,65.53
2024-10-24,50.3,63.33,74.4,66.13
2024-10-25,42.48,57.72,73.79,65.73
2024-10-28,50.7,60.92,75.4,63.13
2024-10-29,44.29,56.31,74.8,61.12
2024-10-30,43.69,56.51,73.79,57.11
2024-10-31,33.27,49.1,70.77,50.3
2024-11-01,34.27,51.1,70.97,43.89
2024-11-04,34.07,51.5,71.37,38.28
2024-11-05,47.29,56.71,74.19,37.68
2024-11-06,62.93,64.93,76.01,40.48
2024-11-07,64.13,66.73,76.01,42.89
2024-11-08,66.33,67.94,76.01,47.49
2024-11-11,66.73,67.54,75.2,51.7
2024-11-12,65.53,64.33,73.79,54.11
2024-11-13,64.73,65.53,74.19,57.72
2024-11-14,61.32,61.12,72.38,61.92
2024-11-15,56.51,57.92,70.56,64.93
2024-11-18,59.72,59.92,71.17,67.74
2024-11-19,57.11,55.91,70.77,66.73
2024-11-20,57.31,57.92,71.37,67.54
2024-11-21,68.94,64.13,72.98,67.33
2024-11-22,73.95,65.93,73.79,66.53
2024-11-25,82.77,70.94,77.62,66.73
2024-11-26,81.36,71.94,77.22,67.54
2024-11-27,81.16,72.75,77.22,69.54
2024-11-29,83.97,72.34,77.82,69.14
2024-12-02,81.56,70.74,78.02,70.54
2024-12-03,70.74,66.33,76.41,71.74
2024-12-04,61.52,65.53,75.6,76.95
2024-12-05,53.31,62.32,73.59,80.76
2024-12-06,50.1,61.32,72.78,79.76
2024-12-09,42.28,60.72,73.99,77.35
2024-12-10,34.87,55.11,70.77,69.74
2024-12-11,38.88,53.71,69.35,61.72
2024-12-12,36.67,52.51,69.35,52.51
2024-12-13,31.26,50.7,67.74,43.69
2024-12-16,27.86,46.49,65.52,38.88
2024-12-17,22.04,40.68,64.11,34.67
2024-12-18,8.82,21.64,57.46,28.26
2024-12-19,8.22,22.65,56.45,21.24
2024-12-20,11.82,28.46,58.67,17.23
2024-12-23,12.83,27.86,58.87,14.63
2024-12-24,19.04,32.87,61.09,13.63
2024-12-26,21.04,33.47,61.29,12.83
2024-12-27,14.83,28.06,60.08,11.02
2024-12-30,10.82,21.64,58.06,9.82
2024-12-31,9.82,21.24,57.46,9.02
2025-01-02,11.62,20.44,56.65,8.42
2025-01-03,24.05,25.85,58.27,12.63
2025-01-06,29.46,25.65,56.34,16.23
2025-01-07,29.86,26.25,55.73,20.64
2025-01-08,37.07,27.05,57.14,23.65
2025-01-10,21.04,18.24,53.01,23.05
2025-01-13,29.66,20.64,55.71,23.65
2025-01-14,43.69,26.25,58.72,25.85
2025-01-15,58.32,32.06,58.92,33.47
2025-01-16,67.74,39.08,61.92,42.28
2025-01-17,74.15,42.69,62.12,52.51
2025-01-21,82.16,53.51,64.13,56.71
2025-01-22,76.15,50.3,63.13,58.92
2025-01-23,78.76,53.71,63.73,64.93
2025-01-24,79.76,54.11,64.13,68.54
2025-01-27,80.96,59.32,66.73,75.95
2025-01-28,73.75,54.51,64.93,80.96
2025-01-29,70.34,52.1,62.53,83.77
2025-01-30,77.15,58.12,64.93,85.97
2025-01-31,69.94,52.1,63.53,84.77
2025-02-03,62.32,48.5,62.32,82.36
2025-02-04,62.53,48.1,60.72,78.16
2025-02-05,65.13,53.11,62.73,76.35
2025-02-06,62.12,54.11,61.52,72.75
2025-02-07,56.11,51.5,60.92,69.34
2025-02-10,55.11,52.51,62.53,63.33
2025-02-11,52.1,54.91,61.92,58.32
2025-02-12,44.69,49.1,60.12,54.71
2025-02-13,50.7,56.11,62.53,48.5
2025-02-14,48.3,56.71,62.12,46.69
2025-02-18,55.11,59.92,61.72,45.89
2025-02-19,55.71,60.92,63.73,48.1
2025-02-20,52.91,59.12,63.53,49.3
2025-02-21,43.29,52.3,60.92,48.3
2025-02-24,44.09,53.11,60.52,48.3
2025-02-25,46.89,52.1,60.72,49.9
2025-02-26,43.29,52.1,59.92,49.7
2025-02-27,39.08,48.1,57.11,49.7
2025-02-28,49.7,52.71,59.72,49.5
2025-03-03,41.48,45.49,57.31,48.7
2025-03-04,32.87,39.88,50.1,45.09
2025-03-05,37.68,44.09,52.51,43.29
2025-03-06,33.47,39.28,48.7,39.88
2025-03-07,39.88,44.89,51.3,40.08
2025-03-10,36.47,39.28,44.69,38.68
2025-03-11,24.45,31.26,39.28,36.27
2025-03-12,17.03,28.26,38.48,34.27
2025-03-13,15.8,24.85,34.27,32.2
2025-03-14,26.4,30.86,40.68,30.0
2025-03-17,38.6,36.07,44.29,27.2
2025-03-18,34.6,33.87,41.88,27.4
2025-03-19,40.8,38.28,44.49,28.8
2025-03-20,40.6,35.87,43.49,27.6
2025-03-21,33.8,31.86,42.48,24.2
2025-03-24,54.2,37.88,47.29,25.2
2025-03-25,54.6,38.68,47.49,29.6
2025-03-26,54.8,40.08,46.89,37.4
2025-03-27,50.0,37.88,44.69,45.0
2025-03-28,34.8,31.86,39.88,51.4
2025-03-31,48.6,37.27,42.89,55.4
2025-04-01,50.0,39.08,42.48,56.4
2025-04-02,61.2,39.68,45.69,58.0
2025-04-03,27.8,29.66,35.67,56.8
2025-04-04,5.0,10.02,20.64,46.8
2025-04-07,2.2,6.01,18.44,31.6
2025-04-08,2.2,5.21,17.23,20.4
2025-04-09,19.4,13.43,29.66,17.2
2025-04-10,10.4,12.83,25.05,13.6
2025-04-11,20.2,18.04,28.46,12.0
2025-04-14,29.8,23.85,29.86,9.8
2025-04-15,29.0,23.85,29.46,8.6
2025-04-16,20.6,20.04,28.26,8.0
2025-04-17,27.2,23.45,29.66,6.4
2025-04-21,14.2,14.43,24.25,9.0
2025-04-22,35.6,22.65,29.26,14.6
2025-04-23,50.4,26.05,29.86,24.4
2025-04-24,71.8,33.27,33.27,29.6
2025-04-25,70.4,33.2,33.87,44.0
2025-04-28,76.0,35.2,34.47,51.0
2025-04-29,83.6,40.4,35.87,62.2
2025-04-30,83.4,43.2,36.87,75.2
2025-05-01,80.6,42.4,36.67,84.2
2025-05-02,90.0,58.2,42.08,87.8
2025-05-05,83.8,56.0,41.28,89.2
2025-05-06,78.2,53.2,38.48,87.6
2025-05-07,77.2,56.8,42.08,84.6
2025-05-08,79.8,60.8,43.49,84.0
2025-05-09,77.4,62.8,44.09,84.2
2025-05-12,81.6,73.0,52.51,83.0
2025-05-13,77.6,71.4,52.3,82.0
2025-05-14,72.8,67.0,51.1,81.0
2025-05-15,81.4,75.4,54.71,80.2
2025-05-16,86.6,80.0,57.11,79.0
2025-05-19,87.0,79.6,56.91,77.8
2025-05-20,85.2,79.8,55.71,78.2
2025-05-21,61.8,68.0,50.1,78.4
2025-05-22,56.6,65.4,49.3,77.6
2025-05-23,51.8,62.6,47.7,77.4
2025-05-27,71.2,74.0,52.71,76.6
2025-05-28,57.8,67.8,49.1,75.8
2025-05-29,63.6,70.0,50.3,75.4
2025-05-30,59.6,72.6,50.9,70.0
2025-06-02,55.4,71.8,49.7,63.4
2025-06-03,65.6,72.4,50.9,54.8
2025-06-04,55.4,71.6,50.7,47.8
2025-06-05,50.2,69.8,48.9,46.8
2025-06-06,62.8,75.0,51.7,47.4
2025-06-09,58.4,75.6,51.7,49.6
2025-06-10,67.0,78.6,54.11,51.6
2025-06-11,61.2,77.8,52.51,54.0
2025-06-12,64.0,80.2,53.31,57.8
2025-06-13,41.8,72.8,49.5,57.6
2025-06-16,54.8,76.0,51.9,61.6
2025-06-17,40.8,68.0,48.3,61.8
2025-06-18,46.4,66.4,47.9,62.6
2025-06-20,48.0,66.2,47.9,61.4
2025-06-23,58.6,73.0,51.9,57.6
2025-06-24,70.4,76.2,55.11,56.4
2025-06-25,58.6,68.2,50.3,55.4
2025-06-26,64.4,71.0,53.31,52.8
2025-06-27,68.8,72.4,54.91,52.8
2025-06-30,74.0,74.2,56.51,57.8
2025-07-01,83.8,82.2,62.12,59.6
2025-07-02,78.8,77.2,62.12,65.4
2025-07-03,82.0,80.6,64.53,70.8
2025-07-07,75.0,75.0,60.72,73.8
2025-07-08,75.6,74.2,61.52,75.8
2025-07-09,76.0,74.2,62.73,76.6
2025-07-10,76.6,74.6,64.93,80.2
2025-07-11,69.2,70.0,62.93,81.2
2025-07-14,71.0,72.8,61.92,81.0
2025-07-15,50.0,62.8,57.92,77.4
2025-07-16,55.4,65.6,58.92,75.6
2025-07-17,62.4,68.4,61.72,73.2
2025-07-18,60.2,68.8,61.72,67.8
2025-07-21,52.8,64.4,60.32,64.4
2025-07-22,67.8,74.6,65.53,62.0
2025-07-23,74.0,77.0,66.93,61.6
2025-07-24,69.0,73.2,65.93,56.6
2025-07-25,70.6,75.6,66.73,55.2
2025-07-28,62.4,69.4,64.53,53.6
2025-07-29,61.6,68.6,64.33,57.8
2025-07-30,50.0,62.8,62.32,61.0
2025-07-31,41.4,58.4,59.92,59.6
2025-08-01,36.8,51.8,56.71,57.8
2025-08-04,48.0,56.8,60.72,57.8
2025-08-05,43.0,56.2,59.52,55.4
2025-08-06,42.8,53.4,57.72,52.0
2025-08-07,45.6,55.6,58.72,49.4
2025-08-08,49.6,58.6,59.72,48.4
2025-08-11,47.0,56.0,58.32,45.6
2025-08-12,57.0,62.6,61.52,43.6
2025-08-13,66.6,67.6,66.73,44.6
2025-08-14,58.0,63.8,63.73,46.6
2025-08-15,51.4,60.6,63.53,49.8
2025-08-18,51.4,60.4,63.53,49.2
2025-08-19,58.2,65.0,65.33,50.8
2025-08-20,61.6,64.8,65.53,52.6
2025-08-21,57.2,61.8,65.33,56.6
2025-08-22,77.4,71.8,70.74,59.8
2025-08-25,67.4,66.4,67.33,66.6
2025-08-26,68.6,66.0,66.53,70.8
2025-08-27,72.0,66.8,67.94,70.0
2025-08-28,68.8,65.6,67.13,70.4
2025-08-29,67.6,64.2,67.74,69.8
2025-09-02,53.4,58.8,66.13,71.2
2025-09-03,52.0,57.2,65.73,70.4
2025-09-04,58.4,60.0,66.73,68.2
2025-09-05,54.6,59.4,65.73,67.2
2025-09-08,55.4,59.2,65.93,62.2
2025-09-09,48.4,57.4,64.73,58.2
2025-09-10,43.8,55.0,63.33,54.0
2025-09-11,62.8,64.8,68.14,52.8
2025-09-12,54.4,60.4,65.73,51.0
2025-09-15,49.2,55.8,63.93,49.8
2025-09-16,41.0,52.4,64.13,47.6
2025-09-17,45.0,55.8,64.13,48.4
2025-09-18,51.2,58.2,63.93,48.8
2025-09-19,49.0,59.0,63.33,47.8
2025-09-22,48.6,55.6,63.73,49.0
2025-09-23,52.0,59.0,64.13,49.2
2025-09-24,48.6,56.0,64.13,50.6
2025-09-25,40.8,50.6,62.32,49.2
2025-09-26,53.4,57.0,65.13,48.6
2025-09-29,55.0,57.2,65.13,51.0
2025-09-30,58.8,58.6,66.33,51.6
2025-10-01,56.4,56.6,66.93,52.8
2025-10-02,57.0,57.0,65.93,53.2
2025-10-03,60.8,61.2,67.13,54.4
2025-10-06,56.4,59.2,66.93,55.4
2025-10-07,52.2,56.2,66.33,55.6
2025-10-08,53.2,56.6,65.33,57.2
2025-10-09,45.8,51.2,63.93,57.0
2025-10-10,28.4,38.2,56.51,54.2
2025-10-13,36.0,43.8,59.72,52.0
2025-10-14,43.2,50.2,63.53,49.4
2025-10-15,43.4,49.4,62.93,48.6
2025-10-16,35.6,41.8,58.72,45.4
2025-10-17,41.8,45.8,60.12,44.2
2025-10-20,54.2,52.4,64.73,43.0
2025-10-21,60.0,54.8,66.53,40.0
2025-10-22,49.6,50.6,65.33,37.0
2025-10-23,56.6,53.0,66.73,37.2
2025-10-24,58.2,54.6,65.13,44.4
2025-10-27,63.8,57.8,65.53,49.0
2025-10-28,51.0,49.2,62.53,52.8
2025-10-29,38.4,43.2,56.71,52.4
2025-10-30,36.8,43.2,55.91,53.4
2025-10-31,40.8,42.2,56.31,51.6
2025-11-03,38.4,40.4,55.91,50.2
2025-11-04,35.6,40.8,55.11,49.0
2025-11-05,41.0,41.6,55.91,48.2
2025-11-06,38.6,40.0,53.91,47.2
2025-11-07,44.6,45.4,56.31,43.6
2025-11-10,49.4,47.0,57.31,40.6
2025-11-11,56.0,50.0,59.32,40.0
2025-11-12,56.71,52.71,59.64,41.48
2025-11-13,46.89,45.29,58.84,40.68
2025-11-14,42.48,44.09,58.03,40.48
2025-11-17,31.26,37.07,53.61,41.88
2025-11-18,31.86,36.07,54.22,43.49
2025-11-19,29.66,34.87,53.01,41.68
2025-11-20,26.85,31.46,49.6,45.29
2025-11-21,45.8,38.88,55.22,43.8
2025-11-24,47.2,41.48,55.02,45.8
2025-11-25,63.8,51.9,58.84,46.4
2025-11-26,70.2,56.71,59.84,45.4
2025-11-28,77.4,60.32,61.92,46.8
2025-12-01,66.4,52.91,59.52,47.8
2025-12-02,64.6,51.7,58.72,52.4
2025-12-03,67.2,54.71,60.72,54.4
2025-12-04,65.8,57.11,61.12,61.8
2025-12-05,62.6,55.91,62.32,67.4
2025-12-08,57.0,51.1,58.12,67.8
2025-12-09,52.8,48.9,58.12,70.2
2025-12-10,59.6,54.91,60.92,70.0
2025-12-11,69.86,60.52,64.33,69.46
2025-12-12,65.87,58.12,64.53,68.06
2025-12-15,67.07,61.32,64.13,66.47
2025-12-16,59.68,56.91,62.12,65.47
2025-12-17,56.89,58.52,62.12,62.67
2025-12-18,56.69,56.51,61.72,59.28
2025-12-19,55.49,58.12,60.32,57.29
2025-12-22,62.48,61.92,62.53,57.29
2025-12-23,60.48,61.52,62.53,59.28
2025-12-24,65.27,61.92,63.13,58.28
2025-12-26,65.07,62.73,62.53,58.28
2025-12-29,65.87,63.93,63.73,59.28
2025-12-30,62.48,62.32,63.33,58.48
2025-12-31,41.92,55.91,60.92,58.88
2026-01-02,56.29,58.12,60.72,58.88
2026-01-05,60.68,61.72,62.12,60.68
2026-01-06,71.66,66.33,65.13,64.47
2026-01-07,56.89,61.8,60.92,65.07
2026-01-08,68.06,69.4,64.73,63.87
2026-01-09,69.06,70.2,66.13,63.47
2026-01-12,66.07,69.0,66.73,65.67
2026-01-13,65.07,67.0,66.13,64.67
2026-01-14,67.47,71.0,68.34,67.27
2026-01-15,70.06,73.0,69.14,68.26
2026-01-16,66.07,71.8,68.94,68.06
2026-01-20,53.69,62.6,64.93,68.06
2026-01-21,62.28,69.0,68.34,66.27
2026-01-22,62.08,68.2,68.54,65.67
2026-01-23,57.29,66.4,67.54,65.27
2026-01-26,59.88,70.2,68.34,64.67
2026-01-27,57.88,66.87,68.14,63.67
2026-01-28,52.5,61.68,67.13,62.08
2026-01-29,54.69,63.87,66.13,60.28
2026-01-30,54.09,65.87,65.93,56.89
2026-02-02,56.49,66.27,64.93,53.49
2026-02-03,56.49,63.07,64.13,54.89
2026-02-04,62.08,66.87,67.94,55.89
2026-02-05,57.49,64.67,66.33,54.69
2026-02-06,66.47,68.26,68.74,55.69
2026-02-09,64.87,67.66,68.54,58.48
2026-02-10,67.07,68.46,68.54,60.28
2026-02-11,67.27,66.67,68.34,62.48
2026-02-12,58.08,61.68,66.13,62.48
2026-02-13,61.28,62.87,66.53,63.47
2026-02-17,60.88,64.27,65.53,64.07
2026-02-18,65.87,66.67,67.74,64.47
2026-02-19,61.08,64.87,66.13,65.47
2026-02-20,62.87,65.87,67.54,67.07
2026-02-23,56.09,60.88,64.73,65.27
2026-02-24,58.28,62.08,64.93,63.67
2026-02-25,57.68,63.47,65.13,62.08
2026-02-26,64.27,65.47,67.33,60.88
2026-02-27,60.28,63.07,67.13,60.48
2026-03-02,58.28,61.68,66.33,57.88
2026-03-03,46.51,56.89,62.73,57.68
2026-03-04,49.1,57.88,62.32,54.89
2026-03-05,41.12,52.1,59.72,53.29
2026-03-06,35.13,44.11,56.51,49.3
2026-03-09,33.93,44.31,56.91,48.7
2026-03-10,27.54,41.32,55.11,44.71
2026-03-11,26.95,39.12,53.31,43.31
2026-03-12,19.96,32.34,50.5,39.52
2026-03-13,21.16,32.14,49.5,34.73
2026-03-16,24.35,33.73,51.1,30.34
2026-03-17,26.55,34.93,51.7,27.54
2026-03-18,18.16,29.14,48.5,24.75
2026-03-19,19.36,27.94,48.3,20.96
2026-03-20,12.38,19.76,45.29,18.16
2026-03-23,16.97,23.15,47.7,13.97
2026-03-24,20.36,24.15,48.3,13.57
2026-03-25,24.55,27.35,48.7,14.17
2026-03-26,18.56,21.96,47.29,14.97
2026-03-27,13.77,19.76,43.49,15.57
2026-03-30,17.56,19.36,43.09,16.97
2026-03-31,36.33,24.15,47.9,18.76
2026-04-01,45.51,26.35,48.5,23.35
2026-04-02,53.09,28.74,48.9,27.54
2026-04-06,58.48,31.34,49.1,34.93
2026-04-07,53.69,29.94,48.9,40.72
2026-04-08,76.45,47.11,55.91,47.31
2026-04-09,74.05,48.9,56.31,53.49
2026-04-10,66.47,44.11,54.11,57.09
2026-04-13,72.46,50.7,56.31,67.66
2026-04-14,73.65,53.29,57.52,72.85
2026-04-15,72.65,51.9,55.71,76.05
2026-04-16,74.65,53.69,54.31,77.84
2026-04-17,80.04,60.88,61.12,78.24
2026-04-20,78.24,61.68,60.12,78.84
2026-04-21,69.46,58.48,57.11,79.84
2026-04-22,66.07,55.49,57.72,76.45
2026-04-23,65.87,55.69,56.51,74.25
2026-04-24,60.08,53.29,55.51,73.45
2026-04-27,55.69,51.1,56.11,72.06
2026-04-28,56.29,52.89,55.91,69.86
2026-04-29,49.3,50.1,54.31,65.47
2026-04-30,59.48,57.09,57.92,63.47
2026-05-01,56.89,55.89,57.52,59.48
2026-05-04,46.11,52.3,54.11,57.09
2026-05-05,48.1,53.69,55.31,51.9
2026-05-06,52.5,56.29,56.71,50.5
2026-05-07,45.31,53.49,56.11,50.3
2026-05-08,42.91,52.3,53.91,47.5
2026-05-11,43.11,50.7,54.91,46.71
2026-05-12,45.31,51.1,54.71,45.31
2026-05-13,42.12,46.71,53.51,46.71
2026-05-14,42.32,47.7,54.71,44.91
2026-05-15,36.33,45.11,51.7,44.11
2026-05-18,44.91,51.7,53.31,44.51
2026-05-19,40.52,47.9,51.5,44.71
2026-05-20,47.5,53.09,54.51,42.51
2026-05-21,50.9,55.29,56.11,43.51
2026-05-22,58.28,57.88,57.31,44.31
2026-05-26,60.28,56.49,58.12,45.71
2026-05-27,56.49,56.29,58.72,45.71
2026-05-28,54.69,57.09,57.92,46.71
2026-05-29,50.5,53.29,56.11,50.7
2026-06-01,46.91,51.9,54.31,55.69
2026-06-02,52.3,52.5,54.31,55.69
2026-06-03,49.7,50.7,54.31,57.88
2026-06-04,61.28,56.49,57.11,58.88
2026-06-05,60.08,54.29,58.72,60.68
2026-06-08,53.69,52.3,55.91,58.88
2026-06-09,63.27,58.08,58.92,58.88
2026-06-10,55.49,51.3,56.91,57.49
2026-06-11,63.67,56.09,59.72,57.09
2026-06-12,70.66,60.88,61.52,58.48
2026-06-15,69.46,62.67,61.32,61.28
2026-06-16,67.27,65.07,62.12,62.48
2026-06-17,51.1,54.09,58.52,63.07
2026-06-18,50.9,55.69,58.92,62.67
2026-06-22,51.5,55.09,58.12,60.68
2026-06-23,53.69,59.08,60.72,61.68
2026-06-24,59.88,62.48,62.32,60.48
2026-06-25,60.48,63.07,61.92,61.88
2026-06-26,62.48,63.67,63.53,62.67
2026-06-29,64.67,64.67,61.92,59.08
2026-06-30,63.07,61.68,60.72,58.68
2026-07-01,64.07,63.27,61.72,59.88
2026-07-02,67.27,66.67,66.33,60.88
2026-07-06,67.47,67.66,65.53,64.87
2026-07-07,66.87,67.27,67.33,64.87
2026-07-08,57.09,63.27,64.73,65.67
2026-07-09,58.48,64.07,64.53,65.87
2026-07-10,62.28,67.86,66.13,64.47
2026-07-13,63.07,64.87,67.54,63.67
2026-07-14,57.29,63.47,65.53,64.07
2026-07-15,51.7,61.68,64.93,65.67
2026-07-16,64.67,66.87,69.94,66.07
2026-07-17,57.88,63.47,66.53,63.47
2026-07-20,51.9,60.28,64.53,60.08
2026-07-21,49.1,58.88,63.53,54.69
2026-07-22,45.91,61.68,64.33,54.29
2026-07-23,43.31,57.49,64.53,54.69
2026-07-24,55.09,64.87,65.73,51.3
2026-07-27,63.27,68.46,69.14,52.69
2026-07-28,69.06,71.46,71.54,53.69
2026-07-29,62.67,65.67,68.94,55.69
2026-07-30,56.29,63.67,68.74,52.89
2026-07-31,53.69,62.28,66.73,53.69
2026-08-03,59.48,64.07,69.34,56.69
2026-08-04,67.86,68.06,71.34,59.08
2026-08-05,65.07,66.67,70.94,62.48
2026-08-06,63.47,64.27,70.34,63.67
2026-08-07,65.47,65.67,73.15,64.47
2026-08-10,63.07,65.27,71.54,65.27
2026-08-11,63.87,63.47,71.54,64.07
2026-08-12,65.07,64.87,69.94,65.47
2026-08-13,68.86,68.66,73.6,66.07
2026-08-14,66.47,70.26,73.4,67.66
2026-08-17,58.28,62.28,69.2,67.86
2026-08-18,53.29,59.88,68.8,66.67
2026-08-19,53.29,59.88,72.8,65.47
2026-08-20,45.31,54.09,71.2,60.08
2026-08-21,49.9,57.88,70.2,58.28
2026-08-24,53.69,59.68,73.2,56.49
2026-08-25,51.7,58.68,71.6,55.89
2026-08-26,53.09,59.08,71.4,54.09
2026-08-27,44.71,54.29,70.4,50.7
2026-08-28,42.71,53.29,69.8,45.71
2026-08-31,39.32,50.1,67.0,45.71
2026-09-01,32.14,46.11,63.27,45.31
2026-09-02,37.72,48.1,64.87,43.91
2026-09-03,46.11,51.7,66.87,43.71
2026-09-04,35.73,47.7,64.67,42.71
2026-09-08,27.15,43.11,61.08,39.72
2026-09-09,20.96,37.72,57.29,36.13
2026-09-10,17.37,34.13,55.09,29.54
2026-09-11,24.75,39.52,56.89,26.55
2026-09-14,25.35,38.52,56.69,25.35
2026-09-15,23.55,35.33,53.29,24.55
2026-09-16,18.56,31.54,50.5,22.95
2026-09-17,21.36,31.54,50.7,22.95
2026-09-18,19.56,28.54,49.9,19.76
2026-09-21,25.95,30.34,50.1,21.56
2026-09-22,28.34,29.94,49.3,21.36
2026-09-23,25.55,28.94,47.5,20.76
2026-09-24,26.35,25.55,44.91,22.95
2026-09-25,29.94,26.55,46.31,23.75
2026-09-28,29.54,24.55,43.71,25.35
2026-09-29,26.95,24.75,42.91,26.95
2026-09-30,22.75,20.96,40.32,28.14
2026-10-01,25.15,22.95,40.92,28.14
2026-10-02,26.55,24.75,42.32,29.34
